estacao,nome,hora_manaus,nivel_cm,nivel_m,nivel_min_cm,nivel_max_cm,medicoes,ultima_medicao_manaus
14110000,Cucuí,2026-08-26 23:00:00,1713.0,17.130,1713.0,1713.0,4,2026-08-26 23:45:00
14280001,Taracuá,2026-08-26 23:00:00,1411.0,14.110,1411.0,1411.0,4,2026-08-26 23:45:00
14330000,Curicuriari,2026-08-26 23:00:00,1079.0,10.790,1079.0,1079.0,4,2026-08-26 23:45:00
14420000,Serrinha,2026-08-26 23:00:00,730.0,7.300,730.0,730.0,4,2026-08-26 23:45:00
14480002,Barcelos,2026-08-26 23:00:00,524.0,5.240,524.0,524.0,4,2026-08-26 23:45:00
14110000,Cucuí,2026-08-27 00:00:00,1713.0,17.130,1713.0,1713.0,4,2026-08-27 00:45:00
14280001,Taracuá,2026-08-27 00:00:00,1411.0,14.110,1411.0,1411.0,4,2026-08-27 00:45:00
14330000,Curicuriari,2026-08-27 00:00:00,1079.0,10.790,1079.0,1079.0,4,2026-08-27 00:45:00
14420000,Serrinha,2026-08-27 00:00:00,731.0,7.310,730.0,731.0,4,2026-08-27 00:45:00
14480002,Barcelos,2026-08-27 00:00:00,523.0,5.230,523.0,524.0,4,2026-08-27 00:45:00
14110000,Cucuí,2026-08-27 01:00:00,1713.0,17.130,1713.0,1714.0,4,2026-08-27 01:45:00
14280001,Taracuá,2026-08-27 01:00:00,1411.0,14.110,1411.0,1412.0,4,2026-08-27 01:45:00
14330000,Curicuriari,2026-08-27 01:00:00,1079.0,10.790,1079.0,1079.0,4,2026-08-27 01:45:00
14420000,Serrinha,2026-08-27 01:00:00,731.0,7.310,731.0,731.0,4,2026-08-27 01:45:00
14480002,Barcelos,2026-08-27 01:00:00,523.0,5.230,523.0,523.0,4,2026-08-27 01:45:00
14110000,Cucuí,2026-08-27 02:00:00,1714.0,17.140,1714.0,1714.0,4,2026-08-27 02:45:00
14280001,Taracuá,2026-08-27 02:00:00,1411.0,14.110,1411.0,1411.0,4,2026-08-27 02:45:00
14330000,Curicuriari,2026-08-27 02:00:00,1079.0,10.790,1079.0,1079.0,4,2026-08-27 02:45:00
14420000,Serrinha,2026-08-27 02:00:00,731.0,7.310,731.0,731.0,4,2026-08-27 02:45:00
14480002,Barcelos,2026-08-27 02:00:00,523.0,5.230,523.0,526.0,4,2026-08-27 02:45:00
14110000,Cucuí,2026-08-27 03:00:00,1714.0,17.140,1714.0,1714.0,4,2026-08-27 03:45:00
14280001,Taracuá,2026-08-27 03:00:00,1411.0,14.110,1411.0,1411.0,4,2026-08-27 03:45:00
14330000,Curicuriari,2026-08-27 03:00:00,1080.0,10.800,1079.0,1080.0,4,2026-08-27 03:45:00
14420000,Serrinha,2026-08-27 03:00:00,731.0,7.310,731.0,732.0,4,2026-08-27 03:45:00
14480002,Barcelos,2026-08-27 03:00:00,523.5,5.235,523.0,524.0,4,2026-08-27 03:45:00
14110000,Cucuí,2026-08-27 04:00:00,1714.0,17.140,1714.0,1714.0,4,2026-08-27 04:45:00
14280001,Taracuá,2026-08-27 04:00:00,1411.0,14.110,1411.0,1411.0,4,2026-08-27 04:45:00
14330000,Curicuriari,2026-08-27 04:00:00,1080.0,10.800,1080.0,1080.0,4,2026-08-27 04:45:00
14420000,Serrinha,2026-08-27 04:00:00,732.0,7.320,732.0,732.0,4,2026-08-27 04:45:00
14480002,Barcelos,2026-08-27 04:00:00,523.0,5.230,523.0,523.0,4,2026-08-27 04:45:00
14110000,Cucuí,2026-08-27 05:00:00,1714.0,17.140,1714.0,1714.0,4,2026-08-27 05:45:00
14280001,Taracuá,2026-08-27 05:00:00,1411.0,14.110,1411.0,1411.0,4,2026-08-27 05:45:00
14330000,Curicuriari,2026-08-27 05:00:00,1080.0,10.800,1080.0,1080.0,4,2026-08-27 05:45:00
14420000,Serrinha,2026-08-27 05:00:00,732.0,7.320,732.0,732.0,4,2026-08-27 05:45:00
14480002,Barcelos,2026-08-27 05:00:00,523.0,5.230,523.0,523.0,4,2026-08-27 05:45:00
14110000,Cucuí,2026-08-27 06:00:00,1715.0,17.150,1714.0,1715.0,4,2026-08-27 06:45:00
14280001,Taracuá,2026-08-27 06:00:00,1411.0,14.110,1410.0,1411.0,4,2026-08-27 06:45:00
14330000,Curicuriari,2026-08-27 06:00:00,1080.0,10.800,1080.0,1080.0,4,2026-08-27 06:45:00
14420000,Serrinha,2026-08-27 06:00:00,732.0,7.320,732.0,732.0,4,2026-08-27 06:45:00
14480002,Barcelos,2026-08-27 06:00:00,522.0,5.220,522.0,523.0,4,2026-08-27 06:45:00
14110000,Cucuí,2026-08-27 07:00:00,1715.0,17.150,1714.0,1715.0,4,2026-08-27 07:45:00
14280001,Taracuá,2026-08-27 07:00:00,1410.0,14.100,1410.0,1410.0,4,2026-08-27 07:45:00
14330000,Curicuriari,2026-08-27 07:00:00,1080.0,10.800,1080.0,1081.0,4,2026-08-27 07:45:00
14420000,Serrinha,2026-08-27 07:00:00,733.0,7.330,732.0,733.0,4,2026-08-27 07:45:00
14480002,Barcelos,2026-08-27 07:00:00,522.0,5.220,521.0,522.0,4,2026-08-27 07:45:00
14110000,Cucuí,2026-08-27 08:00:00,1715.0,17.150,1715.0,1715.0,2,2026-08-27 08:15:00
14280001,Taracuá,2026-08-27 08:00:00,1410.0,14.100,1410.0,1410.0,4,2026-08-27 08:45:00
14330000,Curicuriari,2026-08-27 08:00:00,1081.0,10.810,1081.0,1081.0,4,2026-08-27 08:45:00
14420000,Serrinha,2026-08-27 08:00:00,733.0,7.330,733.0,733.0,4,2026-08-27 08:45:00
14480002,Barcelos,2026-08-27 08:00:00,521.0,5.210,521.0,521.0,4,2026-08-27 08:45:00
14110000,Cucuí,2026-08-27 09:00:00,1715.0,17.150,1715.0,1715.0,2,2026-08-27 09:45:00
14280001,Taracuá,2026-08-27 09:00:00,1410.0,14.100,1410.0,1410.0,4,2026-08-27 09:45:00
14330000,Curicuriari,2026-08-27 09:00:00,1081.0,10.810,1080.0,1081.0,4,2026-08-27 09:45:00
14420000,Serrinha,2026-08-27 09:00:00,733.5,7.335,733.0,734.0,4,2026-08-27 09:45:00
14480002,Barcelos,2026-08-27 09:00:00,521.0,5.210,521.0,521.0,4,2026-08-27 09:45:00
14110000,Cucuí,2026-08-27 10:00:00,1715.5,17.155,1715.0,1716.0,2,2026-08-27 10:45:00
14280001,Taracuá,2026-08-27 10:00:00,1410.0,14.100,1410.0,1410.0,4,2026-08-27 10:45:00
14330000,Curicuriari,2026-08-27 10:00:00,1081.0,10.810,1081.0,1081.0,4,2026-08-27 10:45:00
14420000,Serrinha,2026-08-27 10:00:00,734.0,7.340,733.0,734.0,4,2026-08-27 10:45:00
14480002,Barcelos,2026-08-27 10:00:00,520.0,5.200,520.0,521.0,4,2026-08-27 10:45:00
14110000,Cucuí,2026-08-27 11:00:00,1716.0,17.160,1716.0,1716.0,4,2026-08-27 11:45:00
14280001,Taracuá,2026-08-27 11:00:00,1410.0,14.100,1410.0,1410.0,4,2026-08-27 11:45:00
14330000,Curicuriari,2026-08-27 11:00:00,1081.0,10.810,1081.0,1081.0,4,2026-08-27 11:45:00
14420000,Serrinha,2026-08-27 11:00:00,734.0,7.340,734.0,734.0,4,2026-08-27 11:45:00
14480002,Barcelos,2026-08-27 11:00:00,520.0,5.200,520.0,520.0,4,2026-08-27 11:45:00
14110000,Cucuí,2026-08-27 12:00:00,1716.0,17.160,1716.0,1716.0,4,2026-08-27 12:45:00
14280001,Taracuá,2026-08-27 12:00:00,1410.0,14.100,1410.0,1411.0,4,2026-08-27 12:45:00
14330000,Curicuriari,2026-08-27 12:00:00,1081.0,10.810,1081.0,1081.0,4,2026-08-27 12:45:00
14420000,Serrinha,2026-08-27 12:00:00,734.0,7.340,734.0,734.0,4,2026-08-27 12:45:00
14480002,Barcelos,2026-08-27 12:00:00,520.0,5.200,519.0,520.0,4,2026-08-27 12:45:00
14110000,Cucuí,2026-08-27 13:00:00,1716.0,17.160,1716.0,1716.0,4,2026-08-27 13:45:00
14280001,Taracuá,2026-08-27 13:00:00,1410.0,14.100,1410.0,1410.0,4,2026-08-27 13:45:00
14330000,Curicuriari,2026-08-27 13:00:00,1081.0,10.810,1081.0,1081.0,4,2026-08-27 13:45:00
14420000,Serrinha,2026-08-27 13:00:00,734.0,7.340,734.0,734.0,4,2026-08-27 13:45:00
14480002,Barcelos,2026-08-27 13:00:00,519.0,5.190,519.0,519.0,4,2026-08-27 13:45:00
14110000,Cucuí,2026-08-27 14:00:00,1716.0,17.160,1716.0,1716.0,4,2026-08-27 14:45:00
14280001,Taracuá,2026-08-27 14:00:00,1410.0,14.100,1410.0,1410.0,4,2026-08-27 14:45:00
14330000,Curicuriari,2026-08-27 14:00:00,1081.0,10.810,1081.0,1081.0,4,2026-08-27 14:45:00
14420000,Serrinha,2026-08-27 14:00:00,734.0,7.340,734.0,734.0,4,2026-08-27 14:45:00
14480002,Barcelos,2026-08-27 14:00:00,519.0,5.190,519.0,519.0,4,2026-08-27 14:45:00
14110000,Cucuí,2026-08-27 15:00:00,1717.0,17.170,1717.0,1718.0,4,2026-08-27 15:45:00
14280001,Taracuá,2026-08-27 15:00:00,1409.0,14.090,1409.0,1409.0,4,2026-08-27 15:45:00
14330000,Curicuriari,2026-08-27 15:00:00,1081.0,10.810,1081.0,1082.0,4,2026-08-27 15:45:00
14420000,Serrinha,2026-08-27 15:00:00,734.5,7.345,734.0,735.0,4,2026-08-27 15:45:00
14480002,Barcelos,2026-08-27 15:00:00,519.0,5.190,518.0,519.0,4,2026-08-27 15:45:00
14110000,Cucuí,2026-08-27 16:00:00,1717.0,17.170,1717.0,1717.0,4,2026-08-27 16:45:00
14280001,Taracuá,2026-08-27 16:00:00,1409.0,14.090,1409.0,1409.0,4,2026-08-27 16:45:00
14330000,Curicuriari,2026-08-27 16:00:00,1083.0,10.830,1082.0,1084.0,4,2026-08-27 16:45:00
14420000,Serrinha,2026-08-27 16:00:00,735.0,7.350,735.0,735.0,4,2026-08-27 16:45:00
14480002,Barcelos,2026-08-27 16:00:00,518.0,5.180,518.0,518.0,4,2026-08-27 16:45:00
14110000,Cucuí,2026-08-27 17:00:00,1718.0,17.180,1717.0,1718.0,4,2026-08-27 17:45:00
14280001,Taracuá,2026-08-27 17:00:00,1409.0,14.090,1409.0,1409.0,4,2026-08-27 17:45:00
14330000,Curicuriari,2026-08-27 17:00:00,1083.0,10.830,1083.0,1083.0,4,2026-08-27 17:45:00
14420000,Serrinha,2026-08-27 17:00:00,735.0,7.350,735.0,735.0,4,2026-08-27 17:45:00
14480002,Barcelos,2026-08-27 17:00:00,518.0,5.180,518.0,518.0,4,2026-08-27 17:45:00
14110000,Cucuí,2026-08-27 18:00:00,1718.0,17.180,1718.0,1718.0,4,2026-08-27 18:45:00
14280001,Taracuá,2026-08-27 18:00:00,1408.5,14.085,1408.0,1409.0,4,2026-08-27 18:45:00
14330000,Curicuriari,2026-08-27 18:00:00,1084.0,10.840,1084.0,1084.0,4,2026-08-27 18:45:00
14420000,Serrinha,2026-08-27 18:00:00,735.5,7.355,735.0,736.0,4,2026-08-27 18:45:00
14480002,Barcelos,2026-08-27 18:00:00,517.0,5.170,517.0,518.0,4,2026-08-27 18:45:00
14110000,Cucuí,2026-08-27 19:00:00,1718.5,17.185,1718.0,1719.0,4,2026-08-27 19:45:00
14280001,Taracuá,2026-08-27 19:00:00,1408.0,14.080,1408.0,1408.0,4,2026-08-27 19:45:00
14330000,Curicuriari,2026-08-27 19:00:00,1084.0,10.840,1084.0,1084.0,4,2026-08-27 19:45:00
14420000,Serrinha,2026-08-27 19:00:00,736.0,7.360,736.0,736.0,4,2026-08-27 19:45:00
14480002,Barcelos,2026-08-27 19:00:00,517.0,5.170,517.0,517.0,4,2026-08-27 19:45:00
14110000,Cucuí,2026-08-27 20:00:00,1719.0,17.190,1719.0,1719.0,4,2026-08-27 20:45:00
14280001,Taracuá,2026-08-27 20:00:00,1408.0,14.080,1408.0,1409.0,4,2026-08-27 20:45:00
14330000,Curicuriari,2026-08-27 20:00:00,1084.0,10.840,1084.0,1084.0,4,2026-08-27 20:45:00
14420000,Serrinha,2026-08-27 20:00:00,736.0,7.360,736.0,736.0,4,2026-08-27 20:45:00
14480002,Barcelos,2026-08-27 20:00:00,517.0,5.170,516.0,517.0,4,2026-08-27 20:45:00
14110000,Cucuí,2026-08-27 21:00:00,1719.0,17.190,1719.0,1719.0,4,2026-08-27 21:45:00
14280001,Taracuá,2026-08-27 21:00:00,1408.0,14.080,1408.0,1408.0,4,2026-08-27 21:45:00
14330000,Curicuriari,2026-08-27 21:00:00,1084.0,10.840,1084.0,1084.0,4,2026-08-27 21:45:00
14420000,Serrinha,2026-08-27 21:00:00,736.0,7.360,736.0,736.0,4,2026-08-27 21:45:00
14480002,Barcelos,2026-08-27 21:00:00,516.0,5.160,516.0,517.0,4,2026-08-27 21:45:00
14110000,Cucuí,2026-08-27 22:00:00,1719.0,17.190,1719.0,1720.0,4,2026-08-27 22:45:00
14280001,Taracuá,2026-08-27 22:00:00,1408.0,14.080,1407.0,1408.0,4,2026-08-27 22:45:00
14330000,Curicuriari,2026-08-27 22:00:00,1084.0,10.840,1084.0,1084.0,4,2026-08-27 22:45:00
14420000,Serrinha,2026-08-27 22:00:00,736.5,7.365,736.0,737.0,4,2026-08-27 22:45:00
14480002,Barcelos,2026-08-27 22:00:00,516.5,5.165,516.0,517.0,4,2026-08-27 22:45:00
14110000,Cucuí,2026-08-27 23:00:00,1720.0,17.200,1720.0,1720.0,4,2026-08-27 23:45:00
14280001,Taracuá,2026-08-27 23:00:00,1408.0,14.080,1407.0,1408.0,4,2026-08-27 23:45:00
14330000,Curicuriari,2026-08-27 23:00:00,1084.0,10.840,1084.0,1084.0,4,2026-08-27 23:45:00
14420000,Serrinha,2026-08-27 23:00:00,737.0,7.370,737.0,737.0,4,2026-08-27 23:45:00
14480002,Barcelos,2026-08-27 23:00:00,516.0,5.160,516.0,516.0,4,2026-08-27 23:45:00
14110000,Cucuí,2026-08-28 00:00:00,1720.0,17.200,1720.0,1720.0,4,2026-08-28 00:45:00
14280001,Taracuá,2026-08-28 00:00:00,1407.0,14.070,1407.0,1408.0,4,2026-08-28 00:45:00
14330000,Curicuriari,2026-08-28 00:00:00,1084.0,10.840,1084.0,1084.0,4,2026-08-28 00:45:00
14420000,Serrinha,2026-08-28 00:00:00,737.0,7.370,737.0,737.0,4,2026-08-28 00:45:00
14480002,Barcelos,2026-08-28 00:00:00,516.0,5.160,516.0,516.0,4,2026-08-28 00:45:00
14110000,Cucuí,2026-08-28 01:00:00,1720.0,17.200,1720.0,1720.0,4,2026-08-28 01:45:00
14280001,Taracuá,2026-08-28 01:00:00,1407.0,14.070,1407.0,1407.0,4,2026-08-28 01:45:00
14330000,Curicuriari,2026-08-28 01:00:00,1084.0,10.840,1084.0,1084.0,4,2026-08-28 01:45:00
14420000,Serrinha,2026-08-28 01:00:00,737.0,7.370,737.0,737.0,4,2026-08-28 01:45:00
14480002,Barcelos,2026-08-28 01:00:00,515.0,5.150,515.0,515.0,4,2026-08-28 01:45:00
14110000,Cucuí,2026-08-28 02:00:00,1720.0,17.200,1720.0,1721.0,4,2026-08-28 02:45:00
14280001,Taracuá,2026-08-28 02:00:00,1407.0,14.070,1407.0,1407.0,4,2026-08-28 02:45:00
14330000,Curicuriari,2026-08-28 02:00:00,1084.0,10.840,1084.0,1084.0,4,2026-08-28 02:45:00
14420000,Serrinha,2026-08-28 02:00:00,737.0,7.370,737.0,738.0,4,2026-08-28 02:45:00
14480002,Barcelos,2026-08-28 02:00:00,515.0,5.150,515.0,515.0,4,2026-08-28 02:45:00
14110000,Cucuí,2026-08-28 03:00:00,1721.0,17.210,1721.0,1721.0,4,2026-08-28 03:45:00
14280001,Taracuá,2026-08-28 03:00:00,1406.5,14.065,1406.0,1407.0,4,2026-08-28 03:45:00
14330000,Curicuriari,2026-08-28 03:00:00,1084.0,10.840,1084.0,1084.0,4,2026-08-28 03:45:00
14420000,Serrinha,2026-08-28 03:00:00,738.0,7.380,738.0,738.0,4,2026-08-28 03:45:00
14480002,Barcelos,2026-08-28 03:00:00,515.0,5.150,515.0,515.0,4,2026-08-28 03:45:00
14110000,Cucuí,2026-08-28 04:00:00,1721.0,17.210,1721.0,1721.0,4,2026-08-28 04:45:00
14280001,Taracuá,2026-08-28 04:00:00,1406.0,14.060,1406.0,1406.0,4,2026-08-28 04:45:00
14330000,Curicuriari,2026-08-28 04:00:00,1084.0,10.840,1084.0,1084.0,4,2026-08-28 04:45:00
14420000,Serrinha,2026-08-28 04:00:00,738.0,7.380,738.0,738.0,4,2026-08-28 04:45:00
14480002,Barcelos,2026-08-28 04:00:00,514.0,5.140,514.0,514.0,4,2026-08-28 04:45:00
14110000,Cucuí,2026-08-28 05:00:00,1721.0,17.210,1721.0,1722.0,4,2026-08-28 05:45:00
14280001,Taracuá,2026-08-28 05:00:00,1406.0,14.060,1406.0,1406.0,4,2026-08-28 05:45:00
14330000,Curicuriari,2026-08-28 05:00:00,1084.0,10.840,1084.0,1084.0,4,2026-08-28 05:45:00
14420000,Serrinha,2026-08-28 05:00:00,738.0,7.380,738.0,738.0,4,2026-08-28 05:45:00
14480002,Barcelos,2026-08-28 05:00:00,514.0,5.140,514.0,514.0,4,2026-08-28 05:45:00
14110000,Cucuí,2026-08-28 06:00:00,1722.0,17.220,1722.0,1722.0,4,2026-08-28 06:45:00
14280001,Taracuá,2026-08-28 06:00:00,1406.0,14.060,1406.0,1406.0,4,2026-08-28 06:45:00
14330000,Curicuriari,2026-08-28 06:00:00,1084.0,10.840,1084.0,1085.0,4,2026-08-28 06:45:00
14420000,Serrinha,2026-08-28 06:00:00,738.0,7.380,738.0,739.0,4,2026-08-28 06:45:00
14480002,Barcelos,2026-08-28 06:00:00,514.0,5.140,514.0,514.0,4,2026-08-28 06:45:00
14110000,Cucuí,2026-08-28 07:00:00,1722.0,17.220,1722.0,1722.0,4,2026-08-28 07:45:00
14280001,Taracuá,2026-08-28 07:00:00,1405.0,14.050,1405.0,1405.0,4,2026-08-28 07:45:00
14330000,Curicuriari,2026-08-28 07:00:00,1085.0,10.850,1084.0,1085.0,4,2026-08-28 07:45:00
14420000,Serrinha,2026-08-28 07:00:00,739.0,7.390,739.0,739.0,4,2026-08-28 07:45:00
14480002,Barcelos,2026-08-28 07:00:00,513.0,5.130,513.0,513.0,4,2026-08-28 07:45:00
14110000,Cucuí,2026-08-28 08:00:00,1722.0,17.220,1722.0,1722.0,4,2026-08-28 08:45:00
14280001,Taracuá,2026-08-28 08:00:00,1405.0,14.050,1405.0,1405.0,4,2026-08-28 08:45:00
14330000,Curicuriari,2026-08-28 08:00:00,1085.0,10.850,1085.0,1085.0,4,2026-08-28 08:45:00
14420000,Serrinha,2026-08-28 08:00:00,739.0,7.390,739.0,739.0,4,2026-08-28 08:45:00
14480002,Barcelos,2026-08-28 08:00:00,513.0,5.130,513.0,513.0,4,2026-08-28 08:45:00
14110000,Cucuí,2026-08-28 09:00:00,1722.5,17.225,1722.0,1723.0,4,2026-08-28 09:45:00
14280001,Taracuá,2026-08-28 09:00:00,1404.0,14.040,1404.0,1404.0,4,2026-08-28 09:45:00
14330000,Curicuriari,2026-08-28 09:00:00,1085.0,10.850,1085.0,1085.0,4,2026-08-28 09:45:00
14420000,Serrinha,2026-08-28 09:00:00,739.0,7.390,739.0,739.0,4,2026-08-28 09:45:00
14480002,Barcelos,2026-08-28 09:00:00,512.5,5.125,512.0,513.0,4,2026-08-28 09:45:00
14110000,Cucuí,2026-08-28 10:00:00,1723.0,17.230,1723.0,1723.0,4,2026-08-28 10:45:00
14280001,Taracuá,2026-08-28 10:00:00,1404.0,14.040,1404.0,1404.0,4,2026-08-28 10:45:00
14330000,Curicuriari,2026-08-28 10:00:00,1085.0,10.850,1085.0,1085.0,4,2026-08-28 10:45:00
14420000,Serrinha,2026-08-28 10:00:00,739.0,7.390,739.0,739.0,4,2026-08-28 10:45:00
14480002,Barcelos,2026-08-28 10:00:00,512.0,5.120,512.0,512.0,4,2026-08-28 10:45:00
14110000,Cucuí,2026-08-28 11:00:00,1723.0,17.230,1723.0,1723.0,4,2026-08-28 11:45:00
14280001,Taracuá,2026-08-28 11:00:00,1403.5,14.035,1403.0,1404.0,4,2026-08-28 11:45:00
14330000,Curicuriari,2026-08-28 11:00:00,1085.0,10.850,1085.0,1085.0,4,2026-08-28 11:45:00
14420000,Serrinha,2026-08-28 11:00:00,739.0,7.390,739.0,739.0,4,2026-08-28 11:45:00
14480002,Barcelos,2026-08-28 11:00:00,512.0,5.120,512.0,512.0,4,2026-08-28 11:45:00
14110000,Cucuí,2026-08-28 12:00:00,1723.0,17.230,1723.0,1724.0,4,2026-08-28 12:45:00
14280001,Taracuá,2026-08-28 12:00:00,1403.0,14.030,1403.0,1403.0,4,2026-08-28 12:45:00
14330000,Curicuriari,2026-08-28 12:00:00,1085.0,10.850,1085.0,1085.0,4,2026-08-28 12:45:00
14420000,Serrinha,2026-08-28 12:00:00,739.0,7.390,739.0,739.0,4,2026-08-28 12:45:00
14480002,Barcelos,2026-08-28 12:00:00,511.5,5.115,511.0,512.0,4,2026-08-28 12:45:00
14110000,Cucuí,2026-08-28 13:00:00,1724.0,17.240,1724.0,1724.0,4,2026-08-28 13:45:00
14280001,Taracuá,2026-08-28 13:00:00,1403.0,14.030,1403.0,1403.0,4,2026-08-28 13:45:00
14330000,Curicuriari,2026-08-28 13:00:00,1085.0,10.850,1085.0,1085.0,4,2026-08-28 13:45:00
14420000,Serrinha,2026-08-28 13:00:00,739.0,7.390,739.0,739.0,4,2026-08-28 13:45:00
14480002,Barcelos,2026-08-28 13:00:00,511.0,5.110,511.0,511.0,4,2026-08-28 13:45:00
14110000,Cucuí,2026-08-28 14:00:00,1724.0,17.240,1724.0,1724.0,4,2026-08-28 14:45:00
14280001,Taracuá,2026-08-28 14:00:00,1402.0,14.020,1402.0,1402.0,4,2026-08-28 14:45:00
14330000,Curicuriari,2026-08-28 14:00:00,1085.0,10.850,1085.0,1085.0,4,2026-08-28 14:45:00
14420000,Serrinha,2026-08-28 14:00:00,740.0,7.400,739.0,740.0,4,2026-08-28 14:45:00
14480002,Barcelos,2026-08-28 14:00:00,511.0,5.110,511.0,511.0,4,2026-08-28 14:45:00
14110000,Cucuí,2026-08-28 15:00:00,1725.0,17.250,1724.0,1725.0,4,2026-08-28 15:45:00
14280001,Taracuá,2026-08-28 15:00:00,1402.0,14.020,1402.0,1402.0,4,2026-08-28 15:45:00
14330000,Curicuriari,2026-08-28 15:00:00,1085.0,10.850,1085.0,1086.0,4,2026-08-28 15:45:00
14420000,Serrinha,2026-08-28 15:00:00,740.0,7.400,740.0,740.0,4,2026-08-28 15:45:00
14480002,Barcelos,2026-08-28 15:00:00,510.5,5.105,510.0,511.0,4,2026-08-28 15:45:00
14110000,Cucuí,2026-08-28 16:00:00,1725.0,17.250,1724.0,1725.0,4,2026-08-28 16:45:00
14280001,Taracuá,2026-08-28 16:00:00,1402.0,14.020,1401.0,1402.0,4,2026-08-28 16:45:00
14330000,Curicuriari,2026-08-28 16:00:00,1085.0,10.850,1085.0,1085.0,4,2026-08-28 16:45:00
14420000,Serrinha,2026-08-28 16:00:00,740.0,7.400,740.0,740.0,4,2026-08-28 16:45:00
14480002,Barcelos,2026-08-28 16:00:00,510.0,5.100,510.0,510.0,4,2026-08-28 16:45:00
14110000,Cucuí,2026-08-28 17:00:00,1725.0,17.250,1725.0,1725.0,4,2026-08-28 17:45:00
14280001,Taracuá,2026-08-28 17:00:00,1401.0,14.010,1401.0,1401.0,4,2026-08-28 17:45:00
14330000,Curicuriari,2026-08-28 17:00:00,1085.5,10.855,1085.0,1086.0,4,2026-08-28 17:45:00
14420000,Serrinha,2026-08-28 17:00:00,740.0,7.400,740.0,740.0,4,2026-08-28 17:45:00
14480002,Barcelos,2026-08-28 17:00:00,510.0,5.100,510.0,510.0,4,2026-08-28 17:45:00
14110000,Cucuí,2026-08-28 18:00:00,1725.0,17.250,1725.0,1725.0,4,2026-08-28 18:45:00
14280001,Taracuá,2026-08-28 18:00:00,1401.0,14.010,1401.0,1401.0,4,2026-08-28 18:45:00
14330000,Curicuriari,2026-08-28 18:00:00,1086.0,10.860,1086.0,1086.0,4,2026-08-28 18:45:00
14420000,Serrinha,2026-08-28 18:00:00,740.0,7.400,740.0,740.0,4,2026-08-28 18:45:00
14480002,Barcelos,2026-08-28 18:00:00,510.0,5.100,509.0,510.0,4,2026-08-28 18:45:00
14110000,Cucuí,2026-08-28 19:00:00,1725.0,17.250,1725.0,1725.0,4,2026-08-28 19:45:00
14280001,Taracuá,2026-08-28 19:00:00,1401.0,14.010,1401.0,1401.0,4,2026-08-28 19:45:00
14330000,Curicuriari,2026-08-28 19:00:00,1086.0,10.860,1086.0,1086.0,4,2026-08-28 19:45:00
14420000,Serrinha,2026-08-28 19:00:00,740.0,7.400,740.0,741.0,4,2026-08-28 19:45:00
14480002,Barcelos,2026-08-28 19:00:00,509.0,5.090,509.0,509.0,4,2026-08-28 19:45:00
14110000,Cucuí,2026-08-28 20:00:00,1725.5,17.255,1725.0,1726.0,4,2026-08-28 20:45:00
14280001,Taracuá,2026-08-28 20:00:00,1401.0,14.010,1401.0,1404.0,4,2026-08-28 20:45:00
14330000,Curicuriari,2026-08-28 20:00:00,1086.0,10.860,1086.0,1086.0,4,2026-08-28 20:45:00
14420000,Serrinha,2026-08-28 20:00:00,741.0,7.410,741.0,741.0,4,2026-08-28 20:45:00
14480002,Barcelos,2026-08-28 20:00:00,509.0,5.090,509.0,509.0,4,2026-08-28 20:45:00
14110000,Cucuí,2026-08-28 21:00:00,1726.0,17.260,1726.0,1726.0,4,2026-08-28 21:45:00
14280001,Taracuá,2026-08-28 21:00:00,1401.0,14.010,1401.0,1401.0,4,2026-08-28 21:45:00
14330000,Curicuriari,2026-08-28 21:00:00,1086.0,10.860,1086.0,1086.0,4,2026-08-28 21:45:00
14420000,Serrinha,2026-08-28 21:00:00,741.0,7.410,741.0,741.0,4,2026-08-28 21:45:00
14480002,Barcelos,2026-08-28 21:00:00,509.0,5.090,508.0,509.0,4,2026-08-28 21:45:00
14110000,Cucuí,2026-08-28 22:00:00,1726.0,17.260,1726.0,1726.0,4,2026-08-28 22:45:00
14280001,Taracuá,2026-08-28 22:00:00,1401.0,14.010,1400.0,1401.0,4,2026-08-28 22:45:00
14330000,Curicuriari,2026-08-28 22:00:00,1086.0,10.860,1086.0,1086.0,4,2026-08-28 22:45:00
14420000,Serrinha,2026-08-28 22:00:00,741.0,7.410,741.0,741.0,4,2026-08-28 22:45:00
14480002,Barcelos,2026-08-28 22:00:00,508.0,5.080,508.0,508.0,4,2026-08-28 22:45:00
14110000,Cucuí,2026-08-28 23:00:00,1726.0,17.260,1726.0,1726.0,4,2026-08-28 23:45:00
14280001,Taracuá,2026-08-28 23:00:00,1400.0,14.000,1400.0,1400.0,4,2026-08-28 23:45:00
14330000,Curicuriari,2026-08-28 23:00:00,1086.0,10.860,1086.0,1086.0,4,2026-08-28 23:45:00
14420000,Serrinha,2026-08-28 23:00:00,741.0,7.410,741.0,741.0,4,2026-08-28 23:45:00
14480002,Barcelos,2026-08-28 23:00:00,508.0,5.080,508.0,508.0,4,2026-08-28 23:45:00
14110000,Cucuí,2026-08-29 00:00:00,1726.5,17.265,1726.0,1727.0,4,2026-08-29 00:45:00
14280001,Taracuá,2026-08-29 00:00:00,1400.0,14.000,1400.0,1400.0,4,2026-08-29 00:45:00
14330000,Curicuriari,2026-08-29 00:00:00,1086.0,10.860,1086.0,1086.0,4,2026-08-29 00:45:00
14420000,Serrinha,2026-08-29 00:00:00,741.0,7.410,741.0,741.0,4,2026-08-29 00:45:00
14480002,Barcelos,2026-08-29 00:00:00,508.0,5.080,508.0,508.0,4,2026-08-29 00:45:00
14110000,Cucuí,2026-08-29 01:00:00,1727.0,17.270,1727.0,1727.0,4,2026-08-29 01:45:00
14280001,Taracuá,2026-08-29 01:00:00,1400.0,14.000,1399.0,1400.0,4,2026-08-29 01:45:00
14330000,Curicuriari,2026-08-29 01:00:00,1086.0,10.860,1086.0,1086.0,4,2026-08-29 01:45:00
14420000,Serrinha,2026-08-29 01:00:00,741.0,7.410,741.0,742.0,4,2026-08-29 01:45:00
14480002,Barcelos,2026-08-29 01:00:00,508.0,5.080,507.0,508.0,4,2026-08-29 01:45:00
14110000,Cucuí,2026-08-29 02:00:00,1727.0,17.270,1727.0,1727.0,4,2026-08-29 02:45:00
14280001,Taracuá,2026-08-29 02:00:00,1399.0,13.990,1399.0,1399.0,4,2026-08-29 02:45:00
14330000,Curicuriari,2026-08-29 02:00:00,1086.0,10.860,1086.0,1086.0,4,2026-08-29 02:45:00
14420000,Serrinha,2026-08-29 02:00:00,742.0,7.420,742.0,742.0,4,2026-08-29 02:45:00
14480002,Barcelos,2026-08-29 02:00:00,507.0,5.070,507.0,507.0,4,2026-08-29 02:45:00
14110000,Cucuí,2026-08-29 03:00:00,1727.0,17.270,1727.0,1727.0,4,2026-08-29 03:45:00
14280001,Taracuá,2026-08-29 03:00:00,1399.0,13.990,1399.0,1399.0,4,2026-08-29 03:45:00
14330000,Curicuriari,2026-08-29 03:00:00,1086.0,10.860,1086.0,1086.0,4,2026-08-29 03:45:00
14420000,Serrinha,2026-08-29 03:00:00,742.0,7.420,742.0,742.0,4,2026-08-29 03:45:00
14480002,Barcelos,2026-08-29 03:00:00,507.0,5.070,507.0,507.0,4,2026-08-29 03:45:00
14110000,Cucuí,2026-08-29 04:00:00,1727.0,17.270,1727.0,1727.0,4,2026-08-29 04:45:00
14280001,Taracuá,2026-08-29 04:00:00,1399.0,13.990,1398.0,1399.0,4,2026-08-29 04:45:00
14330000,Curicuriari,2026-08-29 04:00:00,1086.0,10.860,1086.0,1086.0,4,2026-08-29 04:45:00
14420000,Serrinha,2026-08-29 04:00:00,742.0,7.420,742.0,742.0,4,2026-08-29 04:45:00
14480002,Barcelos,2026-08-29 04:00:00,507.0,5.070,507.0,507.0,4,2026-08-29 04:45:00
14110000,Cucuí,2026-08-29 05:00:00,1727.5,17.275,1727.0,1728.0,4,2026-08-29 05:45:00
14280001,Taracuá,2026-08-29 05:00:00,1398.0,13.980,1398.0,1398.0,4,2026-08-29 05:45:00
14330000,Curicuriari,2026-08-29 05:00:00,1086.0,10.860,1086.0,1086.0,4,2026-08-29 05:45:00
14420000,Serrinha,2026-08-29 05:00:00,742.0,7.420,742.0,742.0,4,2026-08-29 05:45:00
14480002,Barcelos,2026-08-29 05:00:00,506.0,5.060,506.0,507.0,4,2026-08-29 05:45:00
14110000,Cucuí,2026-08-29 06:00:00,1728.0,17.280,1728.0,1729.0,4,2026-08-29 06:45:00
14280001,Taracuá,2026-08-29 06:00:00,1398.0,13.980,1398.0,1398.0,4,2026-08-29 06:45:00
14330000,Curicuriari,2026-08-29 06:00:00,1087.0,10.870,1087.0,1088.0,4,2026-08-29 06:45:00
14420000,Serrinha,2026-08-29 06:00:00,742.0,7.420,742.0,742.0,4,2026-08-29 06:45:00
14480002,Barcelos,2026-08-29 06:00:00,506.0,5.060,506.0,506.0,4,2026-08-29 06:45:00
14110000,Cucuí,2026-08-29 07:00:00,1728.0,17.280,1728.0,1728.0,4,2026-08-29 07:45:00
14280001,Taracuá,2026-08-29 07:00:00,1397.0,13.970,1397.0,1398.0,4,2026-08-29 07:45:00
14330000,Curicuriari,2026-08-29 07:00:00,1088.0,10.880,1087.0,1088.0,4,2026-08-29 07:45:00
14420000,Serrinha,2026-08-29 07:00:00,742.0,7.420,742.0,743.0,4,2026-08-29 07:45:00
14480002,Barcelos,2026-08-29 07:00:00,506.0,5.060,506.0,506.0,4,2026-08-29 07:45:00
14110000,Cucuí,2026-08-29 08:00:00,1728.0,17.280,1728.0,1729.0,4,2026-08-29 08:45:00
14280001,Taracuá,2026-08-29 08:00:00,1397.0,13.970,1397.0,1397.0,4,2026-08-29 08:45:00
14330000,Curicuriari,2026-08-29 08:00:00,1088.0,10.880,1088.0,1088.0,4,2026-08-29 08:45:00
14420000,Serrinha,2026-08-29 08:00:00,743.0,7.430,743.0,743.0,4,2026-08-29 08:45:00
14480002,Barcelos,2026-08-29 08:00:00,506.0,5.060,506.0,506.0,4,2026-08-29 08:45:00
14110000,Cucuí,2026-08-29 09:00:00,1729.0,17.290,1729.0,1729.0,4,2026-08-29 09:45:00
14280001,Taracuá,2026-08-29 09:00:00,1397.0,13.970,1397.0,1397.0,4,2026-08-29 09:45:00
14330000,Curicuriari,2026-08-29 09:00:00,1088.0,10.880,1088.0,1088.0,4,2026-08-29 09:45:00
14420000,Serrinha,2026-08-29 09:00:00,743.0,7.430,743.0,743.0,4,2026-08-29 09:45:00
14480002,Barcelos,2026-08-29 09:00:00,505.0,5.050,505.0,506.0,4,2026-08-29 09:45:00
14110000,Cucuí,2026-08-29 10:00:00,1729.0,17.290,1729.0,1729.0,4,2026-08-29 10:45:00
14280001,Taracuá,2026-08-29 10:00:00,1397.0,13.970,1396.0,1397.0,4,2026-08-29 10:45:00
14330000,Curicuriari,2026-08-29 10:00:00,1088.0,10.880,1088.0,1088.0,4,2026-08-29 10:45:00
14420000,Serrinha,2026-08-29 10:00:00,743.0,7.430,743.0,743.0,4,2026-08-29 10:45:00
14480002,Barcelos,2026-08-29 10:00:00,505.0,5.050,505.0,505.0,4,2026-08-29 10:45:00
14110000,Cucuí,2026-08-29 11:00:00,1729.0,17.290,1729.0,1729.0,4,2026-08-29 11:45:00
14280001,Taracuá,2026-08-29 11:00:00,1396.0,13.960,1396.0,1396.0,4,2026-08-29 11:45:00
14330000,Curicuriari,2026-08-29 11:00:00,1088.0,10.880,1088.0,1088.0,4,2026-08-29 11:45:00
14420000,Serrinha,2026-08-29 11:00:00,743.0,7.430,743.0,743.0,4,2026-08-29 11:45:00
14480002,Barcelos,2026-08-29 11:00:00,505.0,5.050,505.0,505.0,4,2026-08-29 11:45:00
14110000,Cucuí,2026-08-29 12:00:00,1729.0,17.290,1729.0,1729.0,4,2026-08-29 12:45:00
14280001,Taracuá,2026-08-29 12:00:00,1395.0,13.950,1395.0,1396.0,4,2026-08-29 12:45:00
14330000,Curicuriari,2026-08-29 12:00:00,1088.0,10.880,1088.0,1088.0,4,2026-08-29 12:45:00
14420000,Serrinha,2026-08-29 12:00:00,743.0,7.430,743.0,743.0,4,2026-08-29 12:45:00
14480002,Barcelos,2026-08-29 12:00:00,504.0,5.040,504.0,504.0,4,2026-08-29 12:45:00
14110000,Cucuí,2026-08-29 13:00:00,1729.0,17.290,1729.0,1729.0,4,2026-08-29 13:45:00
14280001,Taracuá,2026-08-29 13:00:00,1395.0,13.950,1395.0,1395.0,4,2026-08-29 13:45:00
14330000,Curicuriari,2026-08-29 13:00:00,1088.0,10.880,1088.0,1088.0,4,2026-08-29 13:45:00
14420000,Serrinha,2026-08-29 13:00:00,743.0,7.430,743.0,743.0,4,2026-08-29 13:45:00
14480002,Barcelos,2026-08-29 13:00:00,504.0,5.040,504.0,504.0,4,2026-08-29 13:45:00
14110000,Cucuí,2026-08-29 14:00:00,1729.0,17.290,1729.0,1729.0,4,2026-08-29 14:45:00
14280001,Taracuá,2026-08-29 14:00:00,1395.0,13.950,1395.0,1395.0,4,2026-08-29 14:45:00
14330000,Curicuriari,2026-08-29 14:00:00,1088.0,10.880,1088.0,1088.0,4,2026-08-29 14:45:00
14420000,Serrinha,2026-08-29 14:00:00,743.0,7.430,743.0,744.0,4,2026-08-29 14:45:00
14480002,Barcelos,2026-08-29 14:00:00,504.0,5.040,503.0,504.0,4,2026-08-29 14:45:00
14110000,Cucuí,2026-08-29 15:00:00,1729.5,17.295,1729.0,1730.0,4,2026-08-29 15:45:00
14280001,Taracuá,2026-08-29 15:00:00,1394.0,13.940,1394.0,1394.0,4,2026-08-29 15:45:00
14330000,Curicuriari,2026-08-29 15:00:00,1088.0,10.880,1088.0,1088.0,4,2026-08-29 15:45:00
14420000,Serrinha,2026-08-29 15:00:00,743.0,7.430,743.0,744.0,4,2026-08-29 15:45:00
14480002,Barcelos,2026-08-29 15:00:00,503.0,5.030,503.0,503.0,4,2026-08-29 15:45:00
14110000,Cucuí,2026-08-29 16:00:00,1730.0,17.300,1730.0,1730.0,4,2026-08-29 16:45:00
14280001,Taracuá,2026-08-29 16:00:00,1394.0,13.940,1394.0,1394.0,4,2026-08-29 16:45:00
14330000,Curicuriari,2026-08-29 16:00:00,1089.0,10.890,1088.0,1089.0,4,2026-08-29 16:45:00
14420000,Serrinha,2026-08-29 16:00:00,744.0,7.440,744.0,744.0,4,2026-08-29 16:45:00
14480002,Barcelos,2026-08-29 16:00:00,503.0,5.030,503.0,503.0,4,2026-08-29 16:45:00
14110000,Cucuí,2026-08-29 17:00:00,1730.0,17.300,1730.0,1731.0,4,2026-08-29 17:45:00
14280001,Taracuá,2026-08-29 17:00:00,1394.0,13.940,1394.0,1394.0,4,2026-08-29 17:45:00
14330000,Curicuriari,2026-08-29 17:00:00,1089.0,10.890,1088.0,1089.0,4,2026-08-29 17:45:00
14420000,Serrinha,2026-08-29 17:00:00,744.0,7.440,744.0,744.0,4,2026-08-29 17:45:00
14480002,Barcelos,2026-08-29 17:00:00,503.0,5.030,503.0,503.0,4,2026-08-29 17:45:00
14110000,Cucuí,2026-08-29 18:00:00,1731.0,17.310,1730.0,1731.0,4,2026-08-29 18:45:00
14280001,Taracuá,2026-08-29 18:00:00,1393.0,13.930,1393.0,1394.0,4,2026-08-29 18:45:00
14330000,Curicuriari,2026-08-29 18:00:00,1088.5,10.885,1088.0,1089.0,4,2026-08-29 18:45:00
14420000,Serrinha,2026-08-29 18:00:00,744.0,7.440,744.0,744.0,4,2026-08-29 18:45:00
14480002,Barcelos,2026-08-29 18:00:00,503.0,5.030,502.0,503.0,4,2026-08-29 18:45:00
14110000,Cucuí,2026-08-29 19:00:00,1731.0,17.310,1731.0,1731.0,4,2026-08-29 19:45:00
14280001,Taracuá,2026-08-29 19:00:00,1393.0,13.930,1393.0,1393.0,4,2026-08-29 19:45:00
14330000,Curicuriari,2026-08-29 19:00:00,1088.0,10.880,1088.0,1089.0,4,2026-08-29 19:45:00
14420000,Serrinha,2026-08-29 19:00:00,744.0,7.440,744.0,744.0,4,2026-08-29 19:45:00
14480002,Barcelos,2026-08-29 19:00:00,502.5,5.025,502.0,503.0,4,2026-08-29 19:45:00
14110000,Cucuí,2026-08-29 20:00:00,1731.0,17.310,1731.0,1731.0,4,2026-08-29 20:45:00
14280001,Taracuá,2026-08-29 20:00:00,1393.0,13.930,1393.0,1393.0,4,2026-08-29 20:45:00
14330000,Curicuriari,2026-08-29 20:00:00,1088.0,10.880,1088.0,1089.0,4,2026-08-29 20:45:00
14420000,Serrinha,2026-08-29 20:00:00,744.0,7.440,744.0,744.0,4,2026-08-29 20:45:00
14480002,Barcelos,2026-08-29 20:00:00,502.0,5.020,502.0,502.0,4,2026-08-29 20:45:00
14110000,Cucuí,2026-08-29 21:00:00,1731.0,17.310,1731.0,1731.0,4,2026-08-29 21:45:00
14280001,Taracuá,2026-08-29 21:00:00,1392.0,13.920,1392.0,1393.0,4,2026-08-29 21:45:00
14330000,Curicuriari,2026-08-29 21:00:00,1088.0,10.880,1088.0,1089.0,4,2026-08-29 21:45:00
14420000,Serrinha,2026-08-29 21:00:00,744.0,7.440,744.0,744.0,4,2026-08-29 21:45:00
14480002,Barcelos,2026-08-29 21:00:00,502.0,5.020,502.0,502.0,4,2026-08-29 21:45:00
14110000,Cucuí,2026-08-29 22:00:00,1731.0,17.310,1731.0,1731.0,4,2026-08-29 22:45:00
14280001,Taracuá,2026-08-29 22:00:00,1392.0,13.920,1392.0,1392.0,4,2026-08-29 22:45:00
14330000,Curicuriari,2026-08-29 22:00:00,1088.5,10.885,1088.0,1089.0,4,2026-08-29 22:45:00
14420000,Serrinha,2026-08-29 22:00:00,744.0,7.440,744.0,744.0,4,2026-08-29 22:45:00
14480002,Barcelos,2026-08-29 22:00:00,502.0,5.020,502.0,502.0,4,2026-08-29 22:45:00
14110000,Cucuí,2026-08-29 23:00:00,1731.0,17.310,1731.0,1731.0,4,2026-08-29 23:45:00
14280001,Taracuá,2026-08-29 23:00:00,1392.0,13.920,1391.0,1392.0,4,2026-08-29 23:45:00
14330000,Curicuriari,2026-08-29 23:00:00,1088.0,10.880,1088.0,1089.0,4,2026-08-29 23:45:00
14420000,Serrinha,2026-08-29 23:00:00,744.0,7.440,744.0,744.0,4,2026-08-29 23:45:00
14480002,Barcelos,2026-08-29 23:00:00,501.0,5.010,501.0,502.0,4,2026-08-29 23:45:00
14110000,Cucuí,2026-08-30 00:00:00,1731.0,17.310,1731.0,1731.0,4,2026-08-30 00:45:00
14280001,Taracuá,2026-08-30 00:00:00,1391.0,13.910,1391.0,1391.0,4,2026-08-30 00:45:00
14330000,Curicuriari,2026-08-30 00:00:00,1088.0,10.880,1088.0,1089.0,4,2026-08-30 00:45:00
14420000,Serrinha,2026-08-30 00:00:00,744.0,7.440,744.0,744.0,4,2026-08-30 00:45:00
14480002,Barcelos,2026-08-30 00:00:00,501.0,5.010,501.0,501.0,4,2026-08-30 00:45:00
14110000,Cucuí,2026-08-30 01:00:00,1731.5,17.315,1731.0,1732.0,4,2026-08-30 01:45:00
14280001,Taracuá,2026-08-30 01:00:00,1391.0,13.910,1391.0,1391.0,4,2026-08-30 01:45:00
14330000,Curicuriari,2026-08-30 01:00:00,1088.5,10.885,1088.0,1089.0,4,2026-08-30 01:45:00
14420000,Serrinha,2026-08-30 01:00:00,744.0,7.440,744.0,744.0,4,2026-08-30 01:45:00
14480002,Barcelos,2026-08-30 01:00:00,501.0,5.010,501.0,501.0,4,2026-08-30 01:45:00
14110000,Cucuí,2026-08-30 02:00:00,1732.0,17.320,1732.0,1732.0,4,2026-08-30 02:45:00
14280001,Taracuá,2026-08-30 02:00:00,1391.0,13.910,1390.0,1391.0,4,2026-08-30 02:45:00
14330000,Curicuriari,2026-08-30 02:00:00,1088.0,10.880,1088.0,1089.0,4,2026-08-30 02:45:00
14420000,Serrinha,2026-08-30 02:00:00,745.0,7.450,745.0,745.0,4,2026-08-30 02:45:00
14480002,Barcelos,2026-08-30 02:00:00,501.0,5.010,501.0,501.0,4,2026-08-30 02:45:00
14110000,Cucuí,2026-08-30 03:00:00,1732.0,17.320,1732.0,1732.0,4,2026-08-30 03:45:00
14280001,Taracuá,2026-08-30 03:00:00,1390.0,13.900,1390.0,1390.0,4,2026-08-30 03:45:00
14330000,Curicuriari,2026-08-30 03:00:00,1088.0,10.880,1088.0,1088.0,4,2026-08-30 03:45:00
14420000,Serrinha,2026-08-30 03:00:00,745.0,7.450,744.0,745.0,4,2026-08-30 03:45:00
14480002,Barcelos,2026-08-30 03:00:00,501.0,5.010,500.0,501.0,4,2026-08-30 03:45:00
14110000,Cucuí,2026-08-30 04:00:00,1732.0,17.320,1732.0,1732.0,4,2026-08-30 04:45:00
14280001,Taracuá,2026-08-30 04:00:00,1390.0,13.900,1390.0,1390.0,4,2026-08-30 04:45:00
14330000,Curicuriari,2026-08-30 04:00:00,1088.0,10.880,1088.0,1088.0,4,2026-08-30 04:45:00
14420000,Serrinha,2026-08-30 04:00:00,745.0,7.450,745.0,745.0,4,2026-08-30 04:45:00
14480002,Barcelos,2026-08-30 04:00:00,500.0,5.000,500.0,501.0,4,2026-08-30 04:45:00
14110000,Cucuí,2026-08-30 05:00:00,1732.0,17.320,1732.0,1732.0,4,2026-08-30 05:45:00
14280001,Taracuá,2026-08-30 05:00:00,1389.5,13.895,1389.0,1390.0,4,2026-08-30 05:45:00
14330000,Curicuriari,2026-08-30 05:00:00,1088.5,10.885,1088.0,1089.0,4,2026-08-30 05:45:00
14420000,Serrinha,2026-08-30 05:00:00,745.0,7.450,745.0,745.0,4,2026-08-30 05:45:00
14480002,Barcelos,2026-08-30 05:00:00,500.0,5.000,500.0,500.0,4,2026-08-30 05:45:00
14110000,Cucuí,2026-08-30 06:00:00,1732.0,17.320,1732.0,1732.0,4,2026-08-30 06:45:00
14280001,Taracuá,2026-08-30 06:00:00,1389.0,13.890,1389.0,1389.0,4,2026-08-30 06:45:00
14330000,Curicuriari,2026-08-30 06:00:00,1088.5,10.885,1088.0,1089.0,4,2026-08-30 06:45:00
14420000,Serrinha,2026-08-30 06:00:00,745.0,7.450,745.0,745.0,4,2026-08-30 06:45:00
14480002,Barcelos,2026-08-30 06:00:00,500.0,5.000,500.0,500.0,4,2026-08-30 06:45:00
14110000,Cucuí,2026-08-30 07:00:00,1732.5,17.325,1732.0,1733.0,4,2026-08-30 07:45:00
14280001,Taracuá,2026-08-30 07:00:00,1389.0,13.890,1388.0,1389.0,4,2026-08-30 07:45:00
14330000,Curicuriari,2026-08-30 07:00:00,1088.5,10.885,1088.0,1089.0,4,2026-08-30 07:45:00
14420000,Serrinha,2026-08-30 07:00:00,745.0,7.450,745.0,745.0,4,2026-08-30 07:45:00
14480002,Barcelos,2026-08-30 07:00:00,500.0,5.000,500.0,500.0,4,2026-08-30 07:45:00
14110000,Cucuí,2026-08-30 08:00:00,1733.0,17.330,1732.0,1733.0,4,2026-08-30 08:45:00
14280001,Taracuá,2026-08-30 08:00:00,1388.0,13.880,1388.0,1388.0,4,2026-08-30 08:45:00
14330000,Curicuriari,2026-08-30 08:00:00,1088.0,10.880,1088.0,1088.0,4,2026-08-30 08:45:00
14420000,Serrinha,2026-08-30 08:00:00,745.0,7.450,745.0,745.0,4,2026-08-30 08:45:00
14480002,Barcelos,2026-08-30 08:00:00,499.5,4.995,499.0,500.0,4,2026-08-30 08:45:00
14110000,Cucuí,2026-08-30 09:00:00,1733.0,17.330,1733.0,1733.0,4,2026-08-30 09:45:00
14280001,Taracuá,2026-08-30 09:00:00,1388.0,13.880,1388.0,1388.0,4,2026-08-30 09:45:00
14330000,Curicuriari,2026-08-30 09:00:00,1088.0,10.880,1088.0,1088.0,4,2026-08-30 09:45:00
14420000,Serrinha,2026-08-30 09:00:00,745.0,7.450,745.0,745.0,4,2026-08-30 09:45:00
14480002,Barcelos,2026-08-30 09:00:00,499.5,4.995,499.0,500.0,4,2026-08-30 09:45:00
14110000,Cucuí,2026-08-30 10:00:00,1733.0,17.330,1733.0,1733.0,4,2026-08-30 10:45:00
14280001,Taracuá,2026-08-30 10:00:00,1387.5,13.875,1387.0,1388.0,4,2026-08-30 10:45:00
14330000,Curicuriari,2026-08-30 10:00:00,1088.0,10.880,1088.0,1088.0,4,2026-08-30 10:45:00
14420000,Serrinha,2026-08-30 10:00:00,745.0,7.450,745.0,746.0,4,2026-08-30 10:45:00
14480002,Barcelos,2026-08-30 10:00:00,499.0,4.990,499.0,499.0,4,2026-08-30 10:45:00
14110000,Cucuí,2026-08-30 11:00:00,1733.0,17.330,1733.0,1733.0,4,2026-08-30 11:45:00
14280001,Taracuá,2026-08-30 11:00:00,1387.0,13.870,1387.0,1387.0,4,2026-08-30 11:45:00
14330000,Curicuriari,2026-08-30 11:00:00,1088.0,10.880,1088.0,1088.0,4,2026-08-30 11:45:00
14420000,Serrinha,2026-08-30 11:00:00,745.0,7.450,745.0,746.0,4,2026-08-30 11:45:00
14480002,Barcelos,2026-08-30 11:00:00,499.0,4.990,499.0,499.0,4,2026-08-30 11:45:00
14110000,Cucuí,2026-08-30 12:00:00,1733.0,17.330,1733.0,1733.0,4,2026-08-30 12:45:00
14280001,Taracuá,2026-08-30 12:00:00,1387.0,13.870,1387.0,1387.0,4,2026-08-30 12:45:00
14330000,Curicuriari,2026-08-30 12:00:00,1088.0,10.880,1088.0,1088.0,4,2026-08-30 12:45:00
14420000,Serrinha,2026-08-30 12:00:00,745.0,7.450,745.0,745.0,4,2026-08-30 12:45:00
14480002,Barcelos,2026-08-30 12:00:00,498.5,4.985,498.0,499.0,4,2026-08-30 12:45:00
14110000,Cucuí,2026-08-30 13:00:00,1733.0,17.330,1733.0,1733.0,4,2026-08-30 13:45:00
14280001,Taracuá,2026-08-30 13:00:00,1386.0,13.860,1386.0,1387.0,4,2026-08-30 13:45:00
14330000,Curicuriari,2026-08-30 13:00:00,1088.0,10.880,1088.0,1088.0,4,2026-08-30 13:45:00
14420000,Serrinha,2026-08-30 13:00:00,745.0,7.450,745.0,746.0,4,2026-08-30 13:45:00
14480002,Barcelos,2026-08-30 13:00:00,498.0,4.980,498.0,498.0,4,2026-08-30 13:45:00
14110000,Cucuí,2026-08-30 14:00:00,1733.0,17.330,1733.0,1733.0,4,2026-08-30 14:45:00
14280001,Taracuá,2026-08-30 14:00:00,1386.0,13.860,1386.0,1386.0,4,2026-08-30 14:45:00
14330000,Curicuriari,2026-08-30 14:00:00,1088.0,10.880,1088.0,1088.0,4,2026-08-30 14:45:00
14420000,Serrinha,2026-08-30 14:00:00,746.0,7.460,746.0,746.0,4,2026-08-30 14:45:00
14480002,Barcelos,2026-08-30 14:00:00,498.0,4.980,498.0,498.0,4,2026-08-30 14:45:00
14110000,Cucuí,2026-08-30 15:00:00,1733.0,17.330,1733.0,1735.0,4,2026-08-30 15:45:00
14280001,Taracuá,2026-08-30 15:00:00,1386.0,13.860,1385.0,1386.0,4,2026-08-30 15:45:00
14330000,Curicuriari,2026-08-30 15:00:00,1088.5,10.885,1088.0,1089.0,4,2026-08-30 15:45:00
14420000,Serrinha,2026-08-30 15:00:00,746.0,7.460,745.0,746.0,4,2026-08-30 15:45:00
14480002,Barcelos,2026-08-30 15:00:00,498.0,4.980,498.0,498.0,4,2026-08-30 15:45:00
14110000,Cucuí,2026-08-30 16:00:00,1734.0,17.340,1734.0,1734.0,4,2026-08-30 16:45:00
14280001,Taracuá,2026-08-30 16:00:00,1385.0,13.850,1385.0,1386.0,4,2026-08-30 16:45:00
14330000,Curicuriari,2026-08-30 16:00:00,1088.0,10.880,1088.0,1089.0,4,2026-08-30 16:45:00
14420000,Serrinha,2026-08-30 16:00:00,746.0,7.460,746.0,746.0,4,2026-08-30 16:45:00
14480002,Barcelos,2026-08-30 16:00:00,497.5,4.975,497.0,498.0,4,2026-08-30 16:45:00
14110000,Cucuí,2026-08-30 17:00:00,1734.0,17.340,1734.0,1734.0,4,2026-08-30 17:45:00
14280001,Taracuá,2026-08-30 17:00:00,1385.0,13.850,1385.0,1385.0,4,2026-08-30 17:45:00
14330000,Curicuriari,2026-08-30 17:00:00,1088.0,10.880,1088.0,1088.0,4,2026-08-30 17:45:00
14420000,Serrinha,2026-08-30 17:00:00,746.0,7.460,746.0,746.0,4,2026-08-30 17:45:00
14480002,Barcelos,2026-08-30 17:00:00,497.0,4.970,497.0,497.0,4,2026-08-30 17:45:00
14110000,Cucuí,2026-08-30 18:00:00,1734.0,17.340,1734.0,1734.0,4,2026-08-30 18:45:00
14280001,Taracuá,2026-08-30 18:00:00,1384.5,13.845,1384.0,1385.0,4,2026-08-30 18:45:00
14330000,Curicuriari,2026-08-30 18:00:00,1088.0,10.880,1088.0,1088.0,4,2026-08-30 18:45:00
14420000,Serrinha,2026-08-30 18:00:00,746.0,7.460,746.0,746.0,4,2026-08-30 18:45:00
14480002,Barcelos,2026-08-30 18:00:00,497.0,4.970,497.0,497.0,4,2026-08-30 18:45:00
14110000,Cucuí,2026-08-30 19:00:00,1734.0,17.340,1734.0,1734.0,4,2026-08-30 19:45:00
14280001,Taracuá,2026-08-30 19:00:00,1384.0,13.840,1384.0,1384.0,4,2026-08-30 19:45:00
14330000,Curicuriari,2026-08-30 19:00:00,1088.0,10.880,1088.0,1088.0,4,2026-08-30 19:45:00
14420000,Serrinha,2026-08-30 19:00:00,746.0,7.460,746.0,746.0,4,2026-08-30 19:45:00
14480002,Barcelos,2026-08-30 19:00:00,497.0,4.970,497.0,497.0,4,2026-08-30 19:45:00
14110000,Cucuí,2026-08-30 20:00:00,1734.0,17.340,1734.0,1734.0,4,2026-08-30 20:45:00
14280001,Taracuá,2026-08-30 20:00:00,1384.0,13.840,1384.0,1384.0,4,2026-08-30 20:45:00
14330000,Curicuriari,2026-08-30 20:00:00,1088.0,10.880,1088.0,1088.0,4,2026-08-30 20:45:00
14420000,Serrinha,2026-08-30 20:00:00,746.0,7.460,746.0,746.0,4,2026-08-30 20:45:00
14480002,Barcelos,2026-08-30 20:00:00,497.0,4.970,496.0,497.0,4,2026-08-30 20:45:00
14110000,Cucuí,2026-08-30 21:00:00,1734.0,17.340,1734.0,1734.0,4,2026-08-30 21:45:00
14280001,Taracuá,2026-08-30 21:00:00,1384.0,13.840,1383.0,1384.0,4,2026-08-30 21:45:00
14330000,Curicuriari,2026-08-30 21:00:00,1088.0,10.880,1088.0,1088.0,4,2026-08-30 21:45:00
14420000,Serrinha,2026-08-30 21:00:00,746.0,7.460,746.0,746.0,4,2026-08-30 21:45:00
14480002,Barcelos,2026-08-30 21:00:00,496.0,4.960,496.0,497.0,4,2026-08-30 21:45:00
14110000,Cucuí,2026-08-30 22:00:00,1734.0,17.340,1734.0,1735.0,4,2026-08-30 22:45:00
14280001,Taracuá,2026-08-30 22:00:00,1383.0,13.830,1383.0,1383.0,4,2026-08-30 22:45:00
14330000,Curicuriari,2026-08-30 22:00:00,1088.0,10.880,1088.0,1088.0,4,2026-08-30 22:45:00
14420000,Serrinha,2026-08-30 22:00:00,746.0,7.460,746.0,746.0,4,2026-08-30 22:45:00
14480002,Barcelos,2026-08-30 22:00:00,496.0,4.960,496.0,496.0,4,2026-08-30 22:45:00
14110000,Cucuí,2026-08-30 23:00:00,1735.0,17.350,1734.0,1735.0,4,2026-08-30 23:45:00
14280001,Taracuá,2026-08-30 23:00:00,1383.0,13.830,1382.0,1383.0,4,2026-08-30 23:45:00
14330000,Curicuriari,2026-08-30 23:00:00,1088.0,10.880,1088.0,1088.0,4,2026-08-30 23:45:00
14420000,Serrinha,2026-08-30 23:00:00,746.5,7.465,746.0,747.0,4,2026-08-30 23:45:00
14480002,Barcelos,2026-08-30 23:00:00,496.0,4.960,496.0,496.0,4,2026-08-30 23:45:00
14110000,Cucuí,2026-08-31 00:00:00,1735.0,17.350,1735.0,1735.0,4,2026-08-31 00:45:00
14280001,Taracuá,2026-08-31 00:00:00,1383.0,13.830,1382.0,1383.0,4,2026-08-31 00:45:00
14330000,Curicuriari,2026-08-31 00:00:00,1087.5,10.875,1087.0,1088.0,4,2026-08-31 00:45:00
14420000,Serrinha,2026-08-31 00:00:00,746.0,7.460,746.0,746.0,4,2026-08-31 00:45:00
14480002,Barcelos,2026-08-31 00:00:00,496.0,4.960,496.0,496.0,4,2026-08-31 00:45:00
14110000,Cucuí,2026-08-31 01:00:00,1735.0,17.350,1735.0,1735.0,4,2026-08-31 01:45:00
14280001,Taracuá,2026-08-31 01:00:00,1382.0,13.820,1382.0,1382.0,4,2026-08-31 01:45:00
14330000,Curicuriari,2026-08-31 01:00:00,1087.0,10.870,1087.0,1087.0,4,2026-08-31 01:45:00
14420000,Serrinha,2026-08-31 01:00:00,746.5,7.465,746.0,747.0,4,2026-08-31 01:45:00
14480002,Barcelos,2026-08-31 01:00:00,496.0,4.960,495.0,496.0,4,2026-08-31 01:45:00
14110000,Cucuí,2026-08-31 02:00:00,1735.0,17.350,1735.0,1735.0,4,2026-08-31 02:45:00
14280001,Taracuá,2026-08-31 02:00:00,1382.0,13.820,1381.0,1382.0,4,2026-08-31 02:45:00
14330000,Curicuriari,2026-08-31 02:00:00,1087.0,10.870,1087.0,1087.0,4,2026-08-31 02:45:00
14420000,Serrinha,2026-08-31 02:00:00,747.0,7.470,747.0,747.0,4,2026-08-31 02:45:00
14480002,Barcelos,2026-08-31 02:00:00,496.0,4.960,496.0,496.0,4,2026-08-31 02:45:00
14110000,Cucuí,2026-08-31 03:00:00,1735.0,17.350,1735.0,1735.0,4,2026-08-31 03:45:00
14280001,Taracuá,2026-08-31 03:00:00,1381.0,13.810,1381.0,1382.0,4,2026-08-31 03:45:00
14330000,Curicuriari,2026-08-31 03:00:00,1087.0,10.870,1087.0,1087.0,4,2026-08-31 03:45:00
14420000,Serrinha,2026-08-31 03:00:00,747.0,7.470,747.0,747.0,4,2026-08-31 03:45:00
14480002,Barcelos,2026-08-31 03:00:00,495.0,4.950,495.0,495.0,4,2026-08-31 03:45:00
14110000,Cucuí,2026-08-31 04:00:00,1735.0,17.350,1735.0,1735.0,4,2026-08-31 04:45:00
14280001,Taracuá,2026-08-31 04:00:00,1381.0,13.810,1381.0,1381.0,4,2026-08-31 04:45:00
14330000,Curicuriari,2026-08-31 04:00:00,1087.0,10.870,1087.0,1087.0,4,2026-08-31 04:45:00
14420000,Serrinha,2026-08-31 04:00:00,747.0,7.470,747.0,747.0,4,2026-08-31 04:45:00
14480002,Barcelos,2026-08-31 04:00:00,495.0,4.950,495.0,495.0,4,2026-08-31 04:45:00
14110000,Cucuí,2026-08-31 05:00:00,1735.0,17.350,1735.0,1735.0,4,2026-08-31 05:45:00
14280001,Taracuá,2026-08-31 05:00:00,1381.0,13.810,1380.0,1381.0,4,2026-08-31 05:45:00
14330000,Curicuriari,2026-08-31 05:00:00,1087.0,10.870,1087.0,1087.0,4,2026-08-31 05:45:00
14420000,Serrinha,2026-08-31 05:00:00,747.0,7.470,747.0,747.0,4,2026-08-31 05:45:00
14480002,Barcelos,2026-08-31 05:00:00,495.0,4.950,495.0,495.0,4,2026-08-31 05:45:00
14110000,Cucuí,2026-08-31 06:00:00,1735.0,17.350,1735.0,1735.0,4,2026-08-31 06:45:00
14280001,Taracuá,2026-08-31 06:00:00,1380.0,13.800,1380.0,1380.0,4,2026-08-31 06:45:00
14330000,Curicuriari,2026-08-31 06:00:00,1087.0,10.870,1087.0,1087.0,4,2026-08-31 06:45:00
14420000,Serrinha,2026-08-31 06:00:00,747.0,7.470,747.0,747.0,4,2026-08-31 06:45:00
14480002,Barcelos,2026-08-31 06:00:00,495.0,4.950,495.0,495.0,4,2026-08-31 06:45:00
14110000,Cucuí,2026-08-31 07:00:00,1735.0,17.350,1735.0,1735.0,4,2026-08-31 07:45:00
14280001,Taracuá,2026-08-31 07:00:00,1380.0,13.800,1380.0,1380.0,4,2026-08-31 07:45:00
14330000,Curicuriari,2026-08-31 07:00:00,1087.0,10.870,1087.0,1087.0,4,2026-08-31 07:45:00
14420000,Serrinha,2026-08-31 07:00:00,747.0,7.470,747.0,747.0,4,2026-08-31 07:45:00
14480002,Barcelos,2026-08-31 07:00:00,495.0,4.950,495.0,495.0,4,2026-08-31 07:45:00
14110000,Cucuí,2026-08-31 08:00:00,1735.0,17.350,1735.0,1735.0,4,2026-08-31 08:45:00
14280001,Taracuá,2026-08-31 08:00:00,1380.0,13.800,1379.0,1380.0,4,2026-08-31 08:45:00
14330000,Curicuriari,2026-08-31 08:00:00,1087.0,10.870,1087.0,1087.0,4,2026-08-31 08:45:00
14420000,Serrinha,2026-08-31 08:00:00,747.0,7.470,747.0,747.0,4,2026-08-31 08:45:00
14480002,Barcelos,2026-08-31 08:00:00,495.0,4.950,494.0,495.0,4,2026-08-31 08:45:00
14110000,Cucuí,2026-08-31 09:00:00,1735.0,17.350,1735.0,1735.0,4,2026-08-31 09:45:00
14280001,Taracuá,2026-08-31 09:00:00,1379.0,13.790,1379.0,1379.0,4,2026-08-31 09:45:00
14330000,Curicuriari,2026-08-31 09:00:00,1086.0,10.860,1086.0,1086.0,4,2026-08-31 09:45:00
14420000,Serrinha,2026-08-31 09:00:00,747.0,7.470,747.0,747.0,4,2026-08-31 09:45:00
14480002,Barcelos,2026-08-31 09:00:00,494.0,4.940,494.0,494.0,4,2026-08-31 09:45:00
14110000,Cucuí,2026-08-31 10:00:00,1735.0,17.350,1735.0,1735.0,4,2026-08-31 10:45:00
14280001,Taracuá,2026-08-31 10:00:00,1378.0,13.780,1378.0,1379.0,4,2026-08-31 10:45:00
14330000,Curicuriari,2026-08-31 10:00:00,1086.0,10.860,1086.0,1086.0,4,2026-08-31 10:45:00
14420000,Serrinha,2026-08-31 10:00:00,747.0,7.470,747.0,747.0,4,2026-08-31 10:45:00
14480002,Barcelos,2026-08-31 10:00:00,494.0,4.940,494.0,494.0,4,2026-08-31 10:45:00
14110000,Cucuí,2026-08-31 11:00:00,1736.0,17.360,1735.0,1736.0,4,2026-08-31 11:45:00
14280001,Taracuá,2026-08-31 11:00:00,1378.0,13.780,1378.0,1378.0,4,2026-08-31 11:45:00
14330000,Curicuriari,2026-08-31 11:00:00,1086.0,10.860,1086.0,1086.0,4,2026-08-31 11:45:00
14420000,Serrinha,2026-08-31 11:00:00,747.0,7.470,747.0,747.0,4,2026-08-31 11:45:00
14480002,Barcelos,2026-08-31 11:00:00,494.0,4.940,494.0,494.0,4,2026-08-31 11:45:00
14110000,Cucuí,2026-08-31 12:00:00,1736.0,17.360,1736.0,1736.0,4,2026-08-31 12:45:00
14280001,Taracuá,2026-08-31 12:00:00,1378.0,13.780,1377.0,1378.0,4,2026-08-31 12:45:00
14330000,Curicuriari,2026-08-31 12:00:00,1086.0,10.860,1086.0,1086.0,4,2026-08-31 12:45:00
14420000,Serrinha,2026-08-31 12:00:00,747.0,7.470,747.0,747.0,4,2026-08-31 12:45:00
14480002,Barcelos,2026-08-31 12:00:00,494.0,4.940,494.0,494.0,4,2026-08-31 12:45:00
14110000,Cucuí,2026-08-31 13:00:00,1736.0,17.360,1736.0,1736.0,4,2026-08-31 13:45:00
14280001,Taracuá,2026-08-31 13:00:00,1377.0,13.770,1377.0,1377.0,4,2026-08-31 13:45:00
14330000,Curicuriari,2026-08-31 13:00:00,1085.0,10.850,1085.0,1085.0,4,2026-08-31 13:45:00
14420000,Serrinha,2026-08-31 13:00:00,747.0,7.470,747.0,747.0,4,2026-08-31 13:45:00
14480002,Barcelos,2026-08-31 13:00:00,493.5,4.935,493.0,494.0,4,2026-08-31 13:45:00
14110000,Cucuí,2026-08-31 14:00:00,1736.0,17.360,1736.0,1736.0,4,2026-08-31 14:45:00
14280001,Taracuá,2026-08-31 14:00:00,1377.0,13.770,1377.0,1377.0,4,2026-08-31 14:45:00
14330000,Curicuriari,2026-08-31 14:00:00,1085.0,10.850,1085.0,1085.0,4,2026-08-31 14:45:00
14420000,Serrinha,2026-08-31 14:00:00,747.0,7.470,747.0,747.0,4,2026-08-31 14:45:00
14480002,Barcelos,2026-08-31 14:00:00,493.0,4.930,493.0,494.0,4,2026-08-31 14:45:00
14110000,Cucuí,2026-08-31 15:00:00,1736.0,17.360,1736.0,1736.0,4,2026-08-31 15:45:00
14280001,Taracuá,2026-08-31 15:00:00,1377.0,13.770,1377.0,1377.0,4,2026-08-31 15:45:00
14330000,Curicuriari,2026-08-31 15:00:00,1085.0,10.850,1085.0,1085.0,4,2026-08-31 15:45:00
14420000,Serrinha,2026-08-31 15:00:00,747.0,7.470,747.0,747.0,4,2026-08-31 15:45:00
14480002,Barcelos,2026-08-31 15:00:00,493.0,4.930,493.0,493.0,4,2026-08-31 15:45:00
14110000,Cucuí,2026-08-31 16:00:00,1736.0,17.360,1736.0,1736.0,4,2026-08-31 16:45:00
14280001,Taracuá,2026-08-31 16:00:00,1376.0,13.760,1376.0,1376.0,4,2026-08-31 16:45:00
14330000,Curicuriari,2026-08-31 16:00:00,1085.0,10.850,1085.0,1085.0,4,2026-08-31 16:45:00
14420000,Serrinha,2026-08-31 16:00:00,747.0,7.470,747.0,747.0,4,2026-08-31 16:45:00
14480002,Barcelos,2026-08-31 16:00:00,493.0,4.930,493.0,493.0,4,2026-08-31 16:45:00
14110000,Cucuí,2026-08-31 17:00:00,1736.0,17.360,1736.0,1736.0,4,2026-08-31 17:45:00
14280001,Taracuá,2026-08-31 17:00:00,1376.0,13.760,1376.0,1376.0,4,2026-08-31 17:45:00
14330000,Curicuriari,2026-08-31 17:00:00,1085.0,10.850,1085.0,1085.0,4,2026-08-31 17:45:00
14420000,Serrinha,2026-08-31 17:00:00,747.0,7.470,747.0,747.0,4,2026-08-31 17:45:00
14480002,Barcelos,2026-08-31 17:00:00,493.0,4.930,493.0,493.0,4,2026-08-31 17:45:00
14110000,Cucuí,2026-08-31 18:00:00,1736.5,17.365,1736.0,1737.0,4,2026-08-31 18:45:00
14280001,Taracuá,2026-08-31 18:00:00,1375.5,13.755,1375.0,1376.0,4,2026-08-31 18:45:00
14330000,Curicuriari,2026-08-31 18:00:00,1085.0,10.850,1085.0,1085.0,4,2026-08-31 18:45:00
14420000,Serrinha,2026-08-31 18:00:00,747.0,7.470,747.0,747.0,4,2026-08-31 18:45:00
14480002,Barcelos,2026-08-31 18:00:00,493.0,4.930,492.0,493.0,4,2026-08-31 18:45:00
14110000,Cucuí,2026-08-31 19:00:00,1736.0,17.360,1736.0,1736.0,4,2026-08-31 19:45:00
14280001,Taracuá,2026-08-31 19:00:00,1375.0,13.750,1375.0,1376.0,4,2026-08-31 19:45:00
14330000,Curicuriari,2026-08-31 19:00:00,1085.0,10.850,1085.0,1085.0,4,2026-08-31 19:45:00
14420000,Serrinha,2026-08-31 19:00:00,747.0,7.470,747.0,747.0,4,2026-08-31 19:45:00
14480002,Barcelos,2026-08-31 19:00:00,492.0,4.920,492.0,492.0,4,2026-08-31 19:45:00
14110000,Cucuí,2026-08-31 20:00:00,1736.0,17.360,1736.0,1736.0,4,2026-08-31 20:45:00
14280001,Taracuá,2026-08-31 20:00:00,1375.0,13.750,1375.0,1375.0,4,2026-08-31 20:45:00
14330000,Curicuriari,2026-08-31 20:00:00,1085.0,10.850,1085.0,1085.0,4,2026-08-31 20:45:00
14420000,Serrinha,2026-08-31 20:00:00,747.0,7.470,747.0,747.0,4,2026-08-31 20:45:00
14480002,Barcelos,2026-08-31 20:00:00,492.0,4.920,492.0,492.0,4,2026-08-31 20:45:00
14110000,Cucuí,2026-08-31 21:00:00,1736.0,17.360,1736.0,1736.0,4,2026-08-31 21:45:00
14280001,Taracuá,2026-08-31 21:00:00,1375.0,13.750,1375.0,1375.0,4,2026-08-31 21:45:00
14330000,Curicuriari,2026-08-31 21:00:00,1084.5,10.845,1084.0,1085.0,4,2026-08-31 21:45:00
14420000,Serrinha,2026-08-31 21:00:00,747.0,7.470,747.0,747.0,4,2026-08-31 21:45:00
14480002,Barcelos,2026-08-31 21:00:00,492.0,4.920,492.0,492.0,4,2026-08-31 21:45:00
14110000,Cucuí,2026-08-31 22:00:00,1736.0,17.360,1736.0,1736.0,4,2026-08-31 22:45:00
14280001,Taracuá,2026-08-31 22:00:00,1374.5,13.745,1374.0,1375.0,4,2026-08-31 22:45:00
14330000,Curicuriari,2026-08-31 22:00:00,1084.0,10.840,1084.0,1085.0,4,2026-08-31 22:45:00
14420000,Serrinha,2026-08-31 22:00:00,747.0,7.470,747.0,747.0,4,2026-08-31 22:45:00
14480002,Barcelos,2026-08-31 22:00:00,492.0,4.920,492.0,492.0,4,2026-08-31 22:45:00
14110000,Cucuí,2026-08-31 23:00:00,1736.0,17.360,1736.0,1736.0,4,2026-08-31 23:45:00
14280001,Taracuá,2026-08-31 23:00:00,1374.0,13.740,1374.0,1374.0,4,2026-08-31 23:45:00
14330000,Curicuriari,2026-08-31 23:00:00,1084.0,10.840,1084.0,1084.0,4,2026-08-31 23:45:00
14420000,Serrinha,2026-08-31 23:00:00,747.0,7.470,747.0,747.0,4,2026-08-31 23:45:00
14480002,Barcelos,2026-08-31 23:00:00,492.0,4.920,492.0,492.0,4,2026-08-31 23:45:00
14110000,Cucuí,2026-09-01 00:00:00,1736.0,17.360,1736.0,1736.0,4,2026-09-01 00:45:00
14280001,Taracuá,2026-09-01 00:00:00,1374.0,13.740,1374.0,1374.0,4,2026-09-01 00:45:00
14330000,Curicuriari,2026-09-01 00:00:00,1084.0,10.840,1084.0,1084.0,4,2026-09-01 00:45:00
14420000,Serrinha,2026-09-01 00:00:00,747.0,7.470,747.0,747.0,4,2026-09-01 00:45:00
14480002,Barcelos,2026-09-01 00:00:00,492.0,4.920,492.0,492.0,4,2026-09-01 00:45:00
14110000,Cucuí,2026-09-01 01:00:00,1736.0,17.360,1736.0,1736.0,4,2026-09-01 01:45:00
14280001,Taracuá,2026-09-01 01:00:00,1373.0,13.730,1373.0,1374.0,4,2026-09-01 01:45:00
14330000,Curicuriari,2026-09-01 01:00:00,1084.0,10.840,1084.0,1084.0,4,2026-09-01 01:45:00
14420000,Serrinha,2026-09-01 01:00:00,747.0,7.470,747.0,747.0,4,2026-09-01 01:45:00
14480002,Barcelos,2026-09-01 01:00:00,492.0,4.920,491.0,492.0,4,2026-09-01 01:45:00
14110000,Cucuí,2026-09-01 02:00:00,1736.0,17.360,1736.0,1736.0,4,2026-09-01 02:45:00
14280001,Taracuá,2026-09-01 02:00:00,1373.0,13.730,1373.0,1373.0,4,2026-09-01 02:45:00
14330000,Curicuriari,2026-09-01 02:00:00,1084.0,10.840,1084.0,1084.0,4,2026-09-01 02:45:00
14420000,Serrinha,2026-09-01 02:00:00,747.0,7.470,747.0,747.0,4,2026-09-01 02:45:00
14480002,Barcelos,2026-09-01 02:00:00,491.5,4.915,491.0,492.0,4,2026-09-01 02:45:00
14110000,Cucuí,2026-09-01 03:00:00,1736.0,17.360,1736.0,1736.0,4,2026-09-01 03:45:00
14280001,Taracuá,2026-09-01 03:00:00,1373.0,13.730,1372.0,1373.0,4,2026-09-01 03:45:00
14330000,Curicuriari,2026-09-01 03:00:00,1083.0,10.830,1083.0,1084.0,4,2026-09-01 03:45:00
14420000,Serrinha,2026-09-01 03:00:00,747.0,7.470,747.0,747.0,4,2026-09-01 03:45:00
14480002,Barcelos,2026-09-01 03:00:00,491.0,4.910,491.0,491.0,4,2026-09-01 03:45:00
14110000,Cucuí,2026-09-01 04:00:00,1736.0,17.360,1736.0,1736.0,4,2026-09-01 04:45:00
14280001,Taracuá,2026-09-01 04:00:00,1372.0,13.720,1372.0,1372.0,4,2026-09-01 04:45:00
14330000,Curicuriari,2026-09-01 04:00:00,1083.0,10.830,1083.0,1083.0,4,2026-09-01 04:45:00
14420000,Serrinha,2026-09-01 04:00:00,747.0,7.470,747.0,747.0,4,2026-09-01 04:45:00
14480002,Barcelos,2026-09-01 04:00:00,491.0,4.910,491.0,491.0,4,2026-09-01 04:45:00
14110000,Cucuí,2026-09-01 05:00:00,1736.0,17.360,1736.0,1736.0,4,2026-09-01 05:45:00
14280001,Taracuá,2026-09-01 05:00:00,1372.0,13.720,1372.0,1372.0,4,2026-09-01 05:45:00
14330000,Curicuriari,2026-09-01 05:00:00,1083.0,10.830,1083.0,1083.0,4,2026-09-01 05:45:00
14420000,Serrinha,2026-09-01 05:00:00,747.0,7.470,747.0,747.0,4,2026-09-01 05:45:00
14480002,Barcelos,2026-09-01 05:00:00,491.0,4.910,491.0,491.0,4,2026-09-01 05:45:00
14110000,Cucuí,2026-09-01 06:00:00,1736.0,17.360,1736.0,1736.0,4,2026-09-01 06:45:00
14280001,Taracuá,2026-09-01 06:00:00,1371.0,13.710,1371.0,1372.0,4,2026-09-01 06:45:00
14330000,Curicuriari,2026-09-01 06:00:00,1083.0,10.830,1083.0,1083.0,4,2026-09-01 06:45:00
14420000,Serrinha,2026-09-01 06:00:00,747.0,7.470,747.0,747.0,4,2026-09-01 06:45:00
14480002,Barcelos,2026-09-01 06:00:00,491.0,4.910,491.0,491.0,4,2026-09-01 06:45:00
14110000,Cucuí,2026-09-01 07:00:00,1736.0,17.360,1736.0,1736.0,4,2026-09-01 07:45:00
14280001,Taracuá,2026-09-01 07:00:00,1371.0,13.710,1371.0,1371.0,4,2026-09-01 07:45:00
14330000,Curicuriari,2026-09-01 07:00:00,1082.0,10.820,1082.0,1083.0,4,2026-09-01 07:45:00
14420000,Serrinha,2026-09-01 07:00:00,747.0,7.470,747.0,747.0,4,2026-09-01 07:45:00
14480002,Barcelos,2026-09-01 07:00:00,491.0,4.910,491.0,491.0,4,2026-09-01 07:45:00
14110000,Cucuí,2026-09-01 08:00:00,1736.0,17.360,1736.0,1736.0,4,2026-09-01 08:45:00
14280001,Taracuá,2026-09-01 08:00:00,1370.0,13.700,1370.0,1371.0,4,2026-09-01 08:45:00
14330000,Curicuriari,2026-09-01 08:00:00,1082.0,10.820,1082.0,1082.0,4,2026-09-01 08:45:00
14420000,Serrinha,2026-09-01 08:00:00,747.0,7.470,747.0,747.0,4,2026-09-01 08:45:00
14480002,Barcelos,2026-09-01 08:00:00,491.0,4.910,491.0,491.0,4,2026-09-01 08:45:00
14110000,Cucuí,2026-09-01 09:00:00,1736.0,17.360,1736.0,1736.0,4,2026-09-01 09:45:00
14280001,Taracuá,2026-09-01 09:00:00,1370.0,13.700,1370.0,1370.0,4,2026-09-01 09:45:00
14330000,Curicuriari,2026-09-01 09:00:00,1082.0,10.820,1081.0,1082.0,4,2026-09-01 09:45:00
14420000,Serrinha,2026-09-01 09:00:00,747.0,7.470,747.0,747.0,4,2026-09-01 09:45:00
14480002,Barcelos,2026-09-01 09:00:00,491.0,4.910,491.0,491.0,4,2026-09-01 09:45:00
14110000,Cucuí,2026-09-01 10:00:00,1736.0,17.360,1736.0,1736.0,4,2026-09-01 10:45:00
14280001,Taracuá,2026-09-01 10:00:00,1369.0,13.690,1369.0,1370.0,4,2026-09-01 10:45:00
14330000,Curicuriari,2026-09-01 10:00:00,1081.0,10.810,1081.0,1081.0,4,2026-09-01 10:45:00
14420000,Serrinha,2026-09-01 10:00:00,747.0,7.470,747.0,747.0,4,2026-09-01 10:45:00
14480002,Barcelos,2026-09-01 10:00:00,491.0,4.910,490.0,491.0,4,2026-09-01 10:45:00
14110000,Cucuí,2026-09-01 11:00:00,1736.0,17.360,1736.0,1736.0,4,2026-09-01 11:45:00
14280001,Taracuá,2026-09-01 11:00:00,1369.0,13.690,1368.0,1369.0,4,2026-09-01 11:45:00
14330000,Curicuriari,2026-09-01 11:00:00,1081.0,10.810,1081.0,1081.0,4,2026-09-01 11:45:00
14420000,Serrinha,2026-09-01 11:00:00,747.0,7.470,747.0,747.0,4,2026-09-01 11:45:00
14480002,Barcelos,2026-09-01 11:00:00,490.0,4.900,490.0,490.0,4,2026-09-01 11:45:00
14110000,Cucuí,2026-09-01 12:00:00,1735.0,17.350,1735.0,1736.0,4,2026-09-01 12:45:00
14280001,Taracuá,2026-09-01 12:00:00,1368.0,13.680,1368.0,1368.0,4,2026-09-01 12:45:00
14330000,Curicuriari,2026-09-01 12:00:00,1080.5,10.805,1080.0,1081.0,4,2026-09-01 12:45:00
14420000,Serrinha,2026-09-01 12:00:00,747.0,7.470,747.0,747.0,4,2026-09-01 12:45:00
14480002,Barcelos,2026-09-01 12:00:00,490.0,4.900,490.0,490.0,4,2026-09-01 12:45:00
14110000,Cucuí,2026-09-01 13:00:00,1735.0,17.350,1735.0,1735.0,4,2026-09-01 13:45:00
14280001,Taracuá,2026-09-01 13:00:00,1368.0,13.680,1368.0,1368.0,4,2026-09-01 13:45:00
14330000,Curicuriari,2026-09-01 13:00:00,1081.0,10.810,1081.0,1081.0,4,2026-09-01 13:45:00
14420000,Serrinha,2026-09-01 13:00:00,747.0,7.470,747.0,747.0,4,2026-09-01 13:45:00
14480002,Barcelos,2026-09-01 13:00:00,490.0,4.900,490.0,490.0,4,2026-09-01 13:45:00
14110000,Cucuí,2026-09-01 14:00:00,1735.0,17.350,1735.0,1735.0,4,2026-09-01 14:45:00
14280001,Taracuá,2026-09-01 14:00:00,1368.0,13.680,1368.0,1368.0,4,2026-09-01 14:45:00
14420000,Serrinha,2026-09-01 14:00:00,747.0,7.470,747.0,747.0,4,2026-09-01 14:45:00
14480002,Barcelos,2026-09-01 14:00:00,490.0,4.900,490.0,490.0,4,2026-09-01 14:45:00
14110000,Cucuí,2026-09-01 15:00:00,1735.5,17.355,1735.0,1736.0,4,2026-09-01 15:45:00
14280001,Taracuá,2026-09-01 15:00:00,1367.5,13.675,1367.0,1369.0,4,2026-09-01 15:45:00
14420000,Serrinha,2026-09-01 15:00:00,747.0,7.470,747.0,747.0,4,2026-09-01 15:45:00
14480002,Barcelos,2026-09-01 15:00:00,489.0,4.890,489.0,490.0,4,2026-09-01 15:45:00
14110000,Cucuí,2026-09-01 16:00:00,1736.0,17.360,1735.0,1736.0,4,2026-09-01 16:45:00
14280001,Taracuá,2026-09-01 16:00:00,1367.5,13.675,1367.0,1368.0,4,2026-09-01 16:45:00
14330000,Curicuriari,2026-09-01 16:00:00,1080.0,10.800,1080.0,1080.0,3,2026-09-01 16:45:00
14420000,Serrinha,2026-09-01 16:00:00,747.0,7.470,747.0,747.0,4,2026-09-01 16:45:00
14480002,Barcelos,2026-09-01 16:00:00,489.0,4.890,489.0,489.0,4,2026-09-01 16:45:00
14110000,Cucuí,2026-09-01 17:00:00,1735.5,17.355,1735.0,1736.0,4,2026-09-01 17:45:00
14280001,Taracuá,2026-09-01 17:00:00,1367.0,13.670,1367.0,1367.0,4,2026-09-01 17:45:00
14330000,Curicuriari,2026-09-01 17:00:00,1080.0,10.800,1080.0,1080.0,4,2026-09-01 17:45:00
14420000,Serrinha,2026-09-01 17:00:00,747.0,7.470,747.0,747.0,4,2026-09-01 17:45:00
14480002,Barcelos,2026-09-01 17:00:00,489.0,4.890,489.0,489.0,4,2026-09-01 17:45:00
14110000,Cucuí,2026-09-01 18:00:00,1735.0,17.350,1735.0,1735.0,4,2026-09-01 18:45:00
14280001,Taracuá,2026-09-01 18:00:00,1367.0,13.670,1366.0,1367.0,4,2026-09-01 18:45:00
14330000,Curicuriari,2026-09-01 18:00:00,1080.0,10.800,1080.0,1080.0,4,2026-09-01 18:45:00
14420000,Serrinha,2026-09-01 18:00:00,747.0,7.470,747.0,747.0,4,2026-09-01 18:45:00
14480002,Barcelos,2026-09-01 18:00:00,489.0,4.890,489.0,489.0,4,2026-09-01 18:45:00
14110000,Cucuí,2026-09-01 19:00:00,1735.0,17.350,1735.0,1735.0,4,2026-09-01 19:45:00
14280001,Taracuá,2026-09-01 19:00:00,1366.0,13.660,1366.0,1366.0,4,2026-09-01 19:45:00
14330000,Curicuriari,2026-09-01 19:00:00,1080.0,10.800,1080.0,1080.0,4,2026-09-01 19:45:00
14420000,Serrinha,2026-09-01 19:00:00,747.0,7.470,747.0,747.0,4,2026-09-01 19:45:00
14480002,Barcelos,2026-09-01 19:00:00,489.0,4.890,489.0,489.0,4,2026-09-01 19:45:00
14110000,Cucuí,2026-09-01 20:00:00,1735.0,17.350,1735.0,1735.0,4,2026-09-01 20:45:00
14280001,Taracuá,2026-09-01 20:00:00,1365.0,13.650,1365.0,1366.0,4,2026-09-01 20:45:00
14330000,Curicuriari,2026-09-01 20:00:00,1080.0,10.800,1079.0,1080.0,4,2026-09-01 20:45:00
14420000,Serrinha,2026-09-01 20:00:00,747.0,7.470,747.0,747.0,4,2026-09-01 20:45:00
14480002,Barcelos,2026-09-01 20:00:00,489.0,4.890,489.0,489.0,4,2026-09-01 20:45:00
14110000,Cucuí,2026-09-01 21:00:00,1735.0,17.350,1735.0,1735.0,4,2026-09-01 21:45:00
14280001,Taracuá,2026-09-01 21:00:00,1365.0,13.650,1364.0,1365.0,4,2026-09-01 21:45:00
14330000,Curicuriari,2026-09-01 21:00:00,1079.0,10.790,1079.0,1079.0,4,2026-09-01 21:45:00
14420000,Serrinha,2026-09-01 21:00:00,747.0,7.470,746.0,747.0,4,2026-09-01 21:45:00
14480002,Barcelos,2026-09-01 21:00:00,489.0,4.890,489.0,489.0,4,2026-09-01 21:45:00
14110000,Cucuí,2026-09-01 22:00:00,1735.0,17.350,1735.0,1735.0,4,2026-09-01 22:45:00
14280001,Taracuá,2026-09-01 22:00:00,1364.0,13.640,1364.0,1365.0,4,2026-09-01 22:45:00
14330000,Curicuriari,2026-09-01 22:00:00,1079.0,10.790,1079.0,1079.0,4,2026-09-01 22:45:00
14420000,Serrinha,2026-09-01 22:00:00,747.0,7.470,746.0,747.0,4,2026-09-01 22:45:00
14480002,Barcelos,2026-09-01 22:00:00,489.0,4.890,488.0,489.0,4,2026-09-01 22:45:00
14110000,Cucuí,2026-09-01 23:00:00,1735.0,17.350,1734.0,1735.0,4,2026-09-01 23:45:00
14280001,Taracuá,2026-09-01 23:00:00,1364.0,13.640,1364.0,1364.0,4,2026-09-01 23:45:00
14330000,Curicuriari,2026-09-01 23:00:00,1079.0,10.790,1079.0,1079.0,4,2026-09-01 23:45:00
14420000,Serrinha,2026-09-01 23:00:00,747.0,7.470,746.0,747.0,4,2026-09-01 23:45:00
14480002,Barcelos,2026-09-01 23:00:00,488.0,4.880,488.0,488.0,4,2026-09-01 23:45:00
14110000,Cucuí,2026-09-02 00:00:00,1735.0,17.350,1734.0,1735.0,4,2026-09-02 00:45:00
14280001,Taracuá,2026-09-02 00:00:00,1363.0,13.630,1363.0,1364.0,4,2026-09-02 00:45:00
14330000,Curicuriari,2026-09-02 00:00:00,1079.0,10.790,1079.0,1079.0,4,2026-09-02 00:45:00
14420000,Serrinha,2026-09-02 00:00:00,746.5,7.465,746.0,747.0,4,2026-09-02 00:45:00
14480002,Barcelos,2026-09-02 00:00:00,488.0,4.880,488.0,488.0,4,2026-09-02 00:45:00
14110000,Cucuí,2026-09-02 01:00:00,1734.0,17.340,1734.0,1734.0,4,2026-09-02 01:45:00
14280001,Taracuá,2026-09-02 01:00:00,1362.5,13.625,1362.0,1363.0,4,2026-09-02 01:45:00
14330000,Curicuriari,2026-09-02 01:00:00,1078.0,10.780,1078.0,1078.0,4,2026-09-02 01:45:00
14420000,Serrinha,2026-09-02 01:00:00,746.0,7.460,746.0,746.0,4,2026-09-02 01:45:00
14480002,Barcelos,2026-09-02 01:00:00,488.0,4.880,488.0,488.0,4,2026-09-02 01:45:00
14110000,Cucuí,2026-09-02 02:00:00,1734.0,17.340,1734.0,1734.0,4,2026-09-02 02:45:00
14280001,Taracuá,2026-09-02 02:00:00,1362.0,13.620,1362.0,1362.0,4,2026-09-02 02:45:00
14330000,Curicuriari,2026-09-02 02:00:00,1078.0,10.780,1078.0,1078.0,4,2026-09-02 02:45:00
14420000,Serrinha,2026-09-02 02:00:00,746.0,7.460,746.0,746.0,4,2026-09-02 02:45:00
14480002,Barcelos,2026-09-02 02:00:00,488.0,4.880,488.0,488.0,4,2026-09-02 02:45:00
14110000,Cucuí,2026-09-02 03:00:00,1734.0,17.340,1734.0,1734.0,4,2026-09-02 03:45:00
14280001,Taracuá,2026-09-02 03:00:00,1362.0,13.620,1361.0,1362.0,4,2026-09-02 03:45:00
14330000,Curicuriari,2026-09-02 03:00:00,1078.0,10.780,1078.0,1078.0,4,2026-09-02 03:45:00
14420000,Serrinha,2026-09-02 03:00:00,746.0,7.460,746.0,746.0,4,2026-09-02 03:45:00
14480002,Barcelos,2026-09-02 03:00:00,488.0,4.880,488.0,488.0,4,2026-09-02 03:45:00
14110000,Cucuí,2026-09-02 04:00:00,1734.0,17.340,1734.0,1734.0,4,2026-09-02 04:45:00
14280001,Taracuá,2026-09-02 04:00:00,1361.0,13.610,1361.0,1361.0,4,2026-09-02 04:45:00
14330000,Curicuriari,2026-09-02 04:00:00,1078.0,10.780,1078.0,1078.0,4,2026-09-02 04:45:00
14420000,Serrinha,2026-09-02 04:00:00,746.0,7.460,746.0,746.0,4,2026-09-02 04:45:00
14480002,Barcelos,2026-09-02 04:00:00,488.0,4.880,487.0,488.0,4,2026-09-02 04:45:00
14110000,Cucuí,2026-09-02 05:00:00,1733.0,17.330,1733.0,1733.0,4,2026-09-02 05:45:00
14280001,Taracuá,2026-09-02 05:00:00,1360.0,13.600,1360.0,1361.0,4,2026-09-02 05:45:00
14330000,Curicuriari,2026-09-02 05:00:00,1077.0,10.770,1077.0,1078.0,4,2026-09-02 05:45:00
14420000,Serrinha,2026-09-02 05:00:00,746.0,7.460,746.0,746.0,4,2026-09-02 05:45:00
14480002,Barcelos,2026-09-02 05:00:00,488.0,4.880,488.0,488.0,4,2026-09-02 05:45:00
14110000,Cucuí,2026-09-02 06:00:00,1733.0,17.330,1733.0,1733.0,4,2026-09-02 06:45:00
14280001,Taracuá,2026-09-02 06:00:00,1360.0,13.600,1360.0,1360.0,4,2026-09-02 06:45:00
14330000,Curicuriari,2026-09-02 06:00:00,1077.0,10.770,1077.0,1077.0,4,2026-09-02 06:45:00
14420000,Serrinha,2026-09-02 06:00:00,746.0,7.460,746.0,746.0,4,2026-09-02 06:45:00
14480002,Barcelos,2026-09-02 06:00:00,488.0,4.880,487.0,488.0,4,2026-09-02 06:45:00
14110000,Cucuí,2026-09-02 07:00:00,1733.0,17.330,1733.0,1733.0,4,2026-09-02 07:45:00
14280001,Taracuá,2026-09-02 07:00:00,1359.0,13.590,1359.0,1359.0,4,2026-09-02 07:45:00
14330000,Curicuriari,2026-09-02 07:00:00,1077.0,10.770,1077.0,1077.0,4,2026-09-02 07:45:00
14420000,Serrinha,2026-09-02 07:00:00,746.0,7.460,746.0,746.0,4,2026-09-02 07:45:00
14480002,Barcelos,2026-09-02 07:00:00,487.0,4.870,487.0,488.0,4,2026-09-02 07:45:00
14110000,Cucuí,2026-09-02 08:00:00,1733.0,17.330,1733.0,1733.0,4,2026-09-02 08:45:00
14280001,Taracuá,2026-09-02 08:00:00,1358.5,13.585,1358.0,1359.0,4,2026-09-02 08:45:00
14330000,Curicuriari,2026-09-02 08:00:00,1077.0,10.770,1076.0,1077.0,4,2026-09-02 08:45:00
14420000,Serrinha,2026-09-02 08:00:00,746.0,7.460,746.0,746.0,4,2026-09-02 08:45:00
14480002,Barcelos,2026-09-02 08:00:00,487.0,4.870,487.0,487.0,4,2026-09-02 08:45:00
14110000,Cucuí,2026-09-02 09:00:00,1733.0,17.330,1733.0,1733.0,4,2026-09-02 09:45:00
14280001,Taracuá,2026-09-02 09:00:00,1358.0,13.580,1358.0,1358.0,4,2026-09-02 09:45:00
14330000,Curicuriari,2026-09-02 09:00:00,1076.0,10.760,1076.0,1076.0,4,2026-09-02 09:45:00
14420000,Serrinha,2026-09-02 09:00:00,746.0,7.460,746.0,746.0,4,2026-09-02 09:45:00
14480002,Barcelos,2026-09-02 09:00:00,487.0,4.870,487.0,487.0,4,2026-09-02 09:45:00
14110000,Cucuí,2026-09-02 10:00:00,1732.0,17.320,1732.0,1733.0,4,2026-09-02 10:45:00
14280001,Taracuá,2026-09-02 10:00:00,1357.0,13.570,1357.0,1357.0,4,2026-09-02 10:45:00
14330000,Curicuriari,2026-09-02 10:00:00,1076.0,10.760,1076.0,1076.0,4,2026-09-02 10:45:00
14420000,Serrinha,2026-09-02 10:00:00,746.0,7.460,746.0,746.0,4,2026-09-02 10:45:00
14480002,Barcelos,2026-09-02 10:00:00,487.0,4.870,487.0,487.0,4,2026-09-02 10:45:00
14110000,Cucuí,2026-09-02 11:00:00,1732.0,17.320,1732.0,1732.0,4,2026-09-02 11:45:00
14280001,Taracuá,2026-09-02 11:00:00,1356.0,13.560,1356.0,1357.0,4,2026-09-02 11:45:00
14330000,Curicuriari,2026-09-02 11:00:00,1075.5,10.755,1075.0,1076.0,4,2026-09-02 11:45:00
14420000,Serrinha,2026-09-02 11:00:00,746.0,7.460,745.0,746.0,4,2026-09-02 11:45:00
14480002,Barcelos,2026-09-02 11:00:00,487.0,4.870,487.0,487.0,4,2026-09-02 11:45:00
14110000,Cucuí,2026-09-02 12:00:00,1732.0,17.320,1732.0,1732.0,4,2026-09-02 12:45:00
14280001,Taracuá,2026-09-02 12:00:00,1356.0,13.560,1355.0,1356.0,4,2026-09-02 12:45:00
14330000,Curicuriari,2026-09-02 12:00:00,1075.0,10.750,1075.0,1075.0,4,2026-09-02 12:45:00
14420000,Serrinha,2026-09-02 12:00:00,745.5,7.455,745.0,746.0,4,2026-09-02 12:45:00
14480002,Barcelos,2026-09-02 12:00:00,487.0,4.870,487.0,487.0,4,2026-09-02 12:45:00
14110000,Cucuí,2026-09-02 13:00:00,1732.0,17.320,1732.0,1732.0,4,2026-09-02 13:45:00
14280001,Taracuá,2026-09-02 13:00:00,1355.0,13.550,1355.0,1355.0,4,2026-09-02 13:45:00
14330000,Curicuriari,2026-09-02 13:00:00,1075.0,10.750,1075.0,1075.0,4,2026-09-02 13:45:00
14420000,Serrinha,2026-09-02 13:00:00,745.0,7.450,745.0,745.0,4,2026-09-02 13:45:00
14480002,Barcelos,2026-09-02 13:00:00,487.0,4.870,487.0,487.0,4,2026-09-02 13:45:00
14110000,Cucuí,2026-09-02 14:00:00,1731.0,17.310,1731.0,1732.0,4,2026-09-02 14:45:00
14280001,Taracuá,2026-09-02 14:00:00,1354.0,13.540,1354.0,1355.0,4,2026-09-02 14:45:00
14330000,Curicuriari,2026-09-02 14:00:00,1074.5,10.745,1074.0,1075.0,4,2026-09-02 14:45:00
14420000,Serrinha,2026-09-02 14:00:00,745.0,7.450,745.0,745.0,4,2026-09-02 14:45:00
14480002,Barcelos,2026-09-02 14:00:00,487.0,4.870,486.0,487.0,4,2026-09-02 14:45:00
14110000,Cucuí,2026-09-02 15:00:00,1731.0,17.310,1731.0,1731.0,4,2026-09-02 15:45:00
14280001,Taracuá,2026-09-02 15:00:00,1354.0,13.540,1353.0,1354.0,4,2026-09-02 15:45:00
14330000,Curicuriari,2026-09-02 15:00:00,1074.0,10.740,1074.0,1074.0,4,2026-09-02 15:45:00
14420000,Serrinha,2026-09-02 15:00:00,745.0,7.450,745.0,745.0,4,2026-09-02 15:45:00
14480002,Barcelos,2026-09-02 15:00:00,486.0,4.860,486.0,486.0,4,2026-09-02 15:45:00
14110000,Cucuí,2026-09-02 16:00:00,1732.0,17.320,1731.0,1732.0,4,2026-09-02 16:45:00
14280001,Taracuá,2026-09-02 16:00:00,1353.0,13.530,1352.0,1353.0,4,2026-09-02 16:45:00
14330000,Curicuriari,2026-09-02 16:00:00,1074.0,10.740,1074.0,1074.0,4,2026-09-02 16:45:00
14420000,Serrinha,2026-09-02 16:00:00,745.0,7.450,745.0,745.0,4,2026-09-02 16:45:00
14480002,Barcelos,2026-09-02 16:00:00,486.0,4.860,486.0,486.0,4,2026-09-02 16:45:00
14110000,Cucuí,2026-09-02 17:00:00,1731.0,17.310,1731.0,1731.0,4,2026-09-02 17:45:00
14280001,Taracuá,2026-09-02 17:00:00,1353.0,13.530,1353.0,1353.0,4,2026-09-02 17:45:00
14330000,Curicuriari,2026-09-02 17:00:00,1074.0,10.740,1074.0,1074.0,4,2026-09-02 17:45:00
14420000,Serrinha,2026-09-02 17:00:00,745.0,7.450,745.0,745.0,4,2026-09-02 17:45:00
14480002,Barcelos,2026-09-02 17:00:00,486.0,4.860,486.0,486.0,4,2026-09-02 17:45:00
14110000,Cucuí,2026-09-02 18:00:00,1730.5,17.305,1730.0,1731.0,4,2026-09-02 18:45:00
14280001,Taracuá,2026-09-02 18:00:00,1353.0,13.530,1352.0,1353.0,4,2026-09-02 18:45:00
14330000,Curicuriari,2026-09-02 18:00:00,1074.0,10.740,1074.0,1074.0,4,2026-09-02 18:45:00
14420000,Serrinha,2026-09-02 18:00:00,745.0,7.450,745.0,745.0,4,2026-09-02 18:45:00
14480002,Barcelos,2026-09-02 18:00:00,486.0,4.860,486.0,486.0,4,2026-09-02 18:45:00
14110000,Cucuí,2026-09-02 19:00:00,1730.0,17.300,1730.0,1730.0,4,2026-09-02 19:45:00
14280001,Taracuá,2026-09-02 19:00:00,1352.0,13.520,1352.0,1352.0,4,2026-09-02 19:45:00
14330000,Curicuriari,2026-09-02 19:00:00,1074.0,10.740,1074.0,1074.0,4,2026-09-02 19:45:00
14420000,Serrinha,2026-09-02 19:00:00,745.0,7.450,744.0,745.0,4,2026-09-02 19:45:00
14480002,Barcelos,2026-09-02 19:00:00,486.0,4.860,486.0,486.0,4,2026-09-02 19:45:00
14110000,Cucuí,2026-09-02 20:00:00,1730.0,17.300,1730.0,1730.0,4,2026-09-02 20:45:00
14280001,Taracuá,2026-09-02 20:00:00,1351.0,13.510,1351.0,1352.0,4,2026-09-02 20:45:00
14330000,Curicuriari,2026-09-02 20:00:00,1073.0,10.730,1073.0,1074.0,4,2026-09-02 20:45:00
14420000,Serrinha,2026-09-02 20:00:00,744.5,7.445,744.0,745.0,4,2026-09-02 20:45:00
14480002,Barcelos,2026-09-02 20:00:00,486.0,4.860,486.0,486.0,4,2026-09-02 20:45:00
14110000,Cucuí,2026-09-02 21:00:00,1730.0,17.300,1730.0,1730.0,4,2026-09-02 21:45:00
14280001,Taracuá,2026-09-02 21:00:00,1351.0,13.510,1351.0,1351.0,4,2026-09-02 21:45:00
14330000,Curicuriari,2026-09-02 21:00:00,1073.0,10.730,1073.0,1073.0,4,2026-09-02 21:45:00
14420000,Serrinha,2026-09-02 21:00:00,744.0,7.440,744.0,745.0,4,2026-09-02 21:45:00
14480002,Barcelos,2026-09-02 21:00:00,486.0,4.860,486.0,486.0,4,2026-09-02 21:45:00
14110000,Cucuí,2026-09-02 22:00:00,1729.0,17.290,1729.0,1730.0,4,2026-09-02 22:45:00
14280001,Taracuá,2026-09-02 22:00:00,1350.0,13.500,1350.0,1350.0,4,2026-09-02 22:45:00
14330000,Curicuriari,2026-09-02 22:00:00,1073.0,10.730,1072.0,1073.0,4,2026-09-02 22:45:00
14420000,Serrinha,2026-09-02 22:00:00,744.0,7.440,744.0,744.0,4,2026-09-02 22:45:00
14480002,Barcelos,2026-09-02 22:00:00,486.0,4.860,486.0,486.0,4,2026-09-02 22:45:00
14110000,Cucuí,2026-09-02 23:00:00,1729.0,17.290,1729.0,1729.0,4,2026-09-02 23:45:00
14280001,Taracuá,2026-09-02 23:00:00,1349.0,13.490,1349.0,1350.0,4,2026-09-02 23:45:00
14330000,Curicuriari,2026-09-02 23:00:00,1072.0,10.720,1072.0,1073.0,4,2026-09-02 23:45:00
14420000,Serrinha,2026-09-02 23:00:00,744.0,7.440,744.0,744.0,4,2026-09-02 23:45:00
14480002,Barcelos,2026-09-02 23:00:00,485.0,4.850,485.0,485.0,4,2026-09-02 23:45:00
14110000,Cucuí,2026-09-03 00:00:00,1729.0,17.290,1729.0,1729.0,4,2026-09-03 00:45:00
14280001,Taracuá,2026-09-03 00:00:00,1349.0,13.490,1349.0,1349.0,4,2026-09-03 00:45:00
14330000,Curicuriari,2026-09-03 00:00:00,1072.0,10.720,1072.0,1072.0,4,2026-09-03 00:45:00
14420000,Serrinha,2026-09-03 00:00:00,744.0,7.440,744.0,744.0,4,2026-09-03 00:45:00
14480002,Barcelos,2026-09-03 00:00:00,485.0,4.850,485.0,485.0,4,2026-09-03 00:45:00
14110000,Cucuí,2026-09-03 01:00:00,1728.5,17.285,1728.0,1729.0,4,2026-09-03 01:45:00
14280001,Taracuá,2026-09-03 01:00:00,1348.0,13.480,1348.0,1348.0,4,2026-09-03 01:45:00
14330000,Curicuriari,2026-09-03 01:00:00,1072.0,10.720,1071.0,1072.0,4,2026-09-03 01:45:00
14420000,Serrinha,2026-09-03 01:00:00,744.0,7.440,744.0,744.0,4,2026-09-03 01:45:00
14480002,Barcelos,2026-09-03 01:00:00,485.0,4.850,485.0,485.0,4,2026-09-03 01:45:00
14110000,Cucuí,2026-09-03 02:00:00,1728.0,17.280,1728.0,1728.0,4,2026-09-03 02:45:00
14280001,Taracuá,2026-09-03 02:00:00,1347.5,13.475,1347.0,1348.0,4,2026-09-03 02:45:00
14330000,Curicuriari,2026-09-03 02:00:00,1071.0,10.710,1071.0,1071.0,4,2026-09-03 02:45:00
14420000,Serrinha,2026-09-03 02:00:00,744.0,7.440,744.0,744.0,4,2026-09-03 02:45:00
14480002,Barcelos,2026-09-03 02:00:00,485.0,4.850,485.0,485.0,4,2026-09-03 02:45:00
14110000,Cucuí,2026-09-03 03:00:00,1728.0,17.280,1728.0,1728.0,4,2026-09-03 03:45:00
14280001,Taracuá,2026-09-03 03:00:00,1347.0,13.470,1346.0,1347.0,4,2026-09-03 03:45:00
14330000,Curicuriari,2026-09-03 03:00:00,1071.0,10.710,1071.0,1071.0,4,2026-09-03 03:45:00
14420000,Serrinha,2026-09-03 03:00:00,744.0,7.440,744.0,744.0,4,2026-09-03 03:45:00
14480002,Barcelos,2026-09-03 03:00:00,485.0,4.850,485.0,485.0,4,2026-09-03 03:45:00
14110000,Cucuí,2026-09-03 04:00:00,1728.0,17.280,1727.0,1728.0,4,2026-09-03 04:45:00
14280001,Taracuá,2026-09-03 04:00:00,1346.0,13.460,1346.0,1346.0,4,2026-09-03 04:45:00
14330000,Curicuriari,2026-09-03 04:00:00,1070.5,10.705,1070.0,1071.0,4,2026-09-03 04:45:00
14420000,Serrinha,2026-09-03 04:00:00,743.0,7.430,743.0,744.0,4,2026-09-03 04:45:00
14480002,Barcelos,2026-09-03 04:00:00,485.0,4.850,485.0,485.0,4,2026-09-03 04:45:00
14110000,Cucuí,2026-09-03 05:00:00,1727.0,17.270,1727.0,1727.0,4,2026-09-03 05:45:00
14280001,Taracuá,2026-09-03 05:00:00,1345.0,13.450,1345.0,1346.0,4,2026-09-03 05:45:00
14330000,Curicuriari,2026-09-03 05:00:00,1070.0,10.700,1070.0,1070.0,4,2026-09-03 05:45:00
14420000,Serrinha,2026-09-03 05:00:00,743.5,7.435,743.0,744.0,4,2026-09-03 05:45:00
14480002,Barcelos,2026-09-03 05:00:00,485.0,4.850,485.0,485.0,4,2026-09-03 05:45:00
14110000,Cucuí,2026-09-03 06:00:00,1727.0,17.270,1727.0,1727.0,4,2026-09-03 06:45:00
14280001,Taracuá,2026-09-03 06:00:00,1345.0,13.450,1344.0,1345.0,4,2026-09-03 06:45:00
14330000,Curicuriari,2026-09-03 06:00:00,1070.0,10.700,1070.0,1070.0,4,2026-09-03 06:45:00
14420000,Serrinha,2026-09-03 06:00:00,743.0,7.430,743.0,743.0,4,2026-09-03 06:45:00
14480002,Barcelos,2026-09-03 06:00:00,485.0,4.850,485.0,485.0,4,2026-09-03 06:45:00
14110000,Cucuí,2026-09-03 07:00:00,1726.0,17.260,1726.0,1727.0,4,2026-09-03 07:45:00
14280001,Taracuá,2026-09-03 07:00:00,1344.0,13.440,1344.0,1344.0,4,2026-09-03 07:45:00
14330000,Curicuriari,2026-09-03 07:00:00,1069.0,10.690,1069.0,1069.0,4,2026-09-03 07:45:00
14420000,Serrinha,2026-09-03 07:00:00,743.0,7.430,743.0,743.0,4,2026-09-03 07:45:00
14480002,Barcelos,2026-09-03 07:00:00,485.0,4.850,485.0,485.0,4,2026-09-03 07:45:00
14110000,Cucuí,2026-09-03 08:00:00,1726.0,17.260,1726.0,1726.0,4,2026-09-03 08:45:00
14280001,Taracuá,2026-09-03 08:00:00,1343.0,13.430,1343.0,1343.0,4,2026-09-03 08:45:00
14330000,Curicuriari,2026-09-03 08:00:00,1069.0,10.690,1069.0,1069.0,4,2026-09-03 08:45:00
14420000,Serrinha,2026-09-03 08:00:00,743.0,7.430,743.0,743.0,4,2026-09-03 08:45:00
14480002,Barcelos,2026-09-03 08:00:00,485.0,4.850,485.0,485.0,4,2026-09-03 08:45:00
14110000,Cucuí,2026-09-03 09:00:00,1726.0,17.260,1726.0,1726.0,4,2026-09-03 09:45:00
14280001,Taracuá,2026-09-03 09:00:00,1342.0,13.420,1342.0,1343.0,4,2026-09-03 09:45:00
14330000,Curicuriari,2026-09-03 09:00:00,1068.0,10.680,1068.0,1069.0,4,2026-09-03 09:45:00
14420000,Serrinha,2026-09-03 09:00:00,743.0,7.430,743.0,743.0,4,2026-09-03 09:45:00
14480002,Barcelos,2026-09-03 09:00:00,485.0,4.850,484.0,485.0,4,2026-09-03 09:45:00
14110000,Cucuí,2026-09-03 10:00:00,1725.0,17.250,1725.0,1725.0,4,2026-09-03 10:45:00
14280001,Taracuá,2026-09-03 10:00:00,1341.5,13.415,1341.0,1342.0,4,2026-09-03 10:45:00
14330000,Curicuriari,2026-09-03 10:00:00,1068.0,10.680,1067.0,1068.0,4,2026-09-03 10:45:00
14420000,Serrinha,2026-09-03 10:00:00,743.0,7.430,742.0,743.0,4,2026-09-03 10:45:00
14480002,Barcelos,2026-09-03 10:00:00,484.5,4.845,484.0,485.0,4,2026-09-03 10:45:00
14110000,Cucuí,2026-09-03 11:00:00,1725.0,17.250,1725.0,1725.0,4,2026-09-03 11:45:00
14280001,Taracuá,2026-09-03 11:00:00,1341.0,13.410,1341.0,1341.0,4,2026-09-03 11:45:00
14330000,Curicuriari,2026-09-03 11:00:00,1067.0,10.670,1067.0,1068.0,4,2026-09-03 11:45:00
14420000,Serrinha,2026-09-03 11:00:00,742.5,7.425,742.0,743.0,4,2026-09-03 11:45:00
14480002,Barcelos,2026-09-03 11:00:00,484.5,4.845,484.0,485.0,4,2026-09-03 11:45:00
14110000,Cucuí,2026-09-03 12:00:00,1724.5,17.245,1724.0,1725.0,4,2026-09-03 12:45:00
14280001,Taracuá,2026-09-03 12:00:00,1340.0,13.400,1340.0,1341.0,4,2026-09-03 12:45:00
14330000,Curicuriari,2026-09-03 12:00:00,1067.0,10.670,1067.0,1067.0,4,2026-09-03 12:45:00
14420000,Serrinha,2026-09-03 12:00:00,742.0,7.420,742.0,742.0,4,2026-09-03 12:45:00
14480002,Barcelos,2026-09-03 12:00:00,485.0,4.850,484.0,485.0,4,2026-09-03 12:45:00
14110000,Cucuí,2026-09-03 13:00:00,1724.0,17.240,1724.0,1724.0,4,2026-09-03 13:45:00
14280001,Taracuá,2026-09-03 13:00:00,1339.0,13.390,1339.0,1340.0,4,2026-09-03 13:45:00
14330000,Curicuriari,2026-09-03 13:00:00,1066.0,10.660,1066.0,1066.0,4,2026-09-03 13:45:00
14420000,Serrinha,2026-09-03 13:00:00,742.0,7.420,742.0,742.0,4,2026-09-03 13:45:00
14480002,Barcelos,2026-09-03 13:00:00,484.0,4.840,484.0,484.0,4,2026-09-03 13:45:00
14110000,Cucuí,2026-09-03 14:00:00,1724.0,17.240,1724.0,1724.0,4,2026-09-03 14:45:00
14280001,Taracuá,2026-09-03 14:00:00,1339.0,13.390,1338.0,1339.0,4,2026-09-03 14:45:00
14330000,Curicuriari,2026-09-03 14:00:00,1066.0,10.660,1066.0,1066.0,4,2026-09-03 14:45:00
14420000,Serrinha,2026-09-03 14:00:00,742.0,7.420,741.0,743.0,4,2026-09-03 14:45:00
14480002,Barcelos,2026-09-03 14:00:00,484.0,4.840,484.0,484.0,4,2026-09-03 14:45:00
14110000,Cucuí,2026-09-03 15:00:00,1723.0,17.230,1723.0,1723.0,4,2026-09-03 15:45:00
14280001,Taracuá,2026-09-03 15:00:00,1338.0,13.380,1337.0,1338.0,4,2026-09-03 15:45:00
14330000,Curicuriari,2026-09-03 15:00:00,1066.0,10.660,1065.0,1066.0,4,2026-09-03 15:45:00
14420000,Serrinha,2026-09-03 15:00:00,741.5,7.415,741.0,742.0,4,2026-09-03 15:45:00
14480002,Barcelos,2026-09-03 15:00:00,484.0,4.840,484.0,485.0,4,2026-09-03 15:45:00
14110000,Cucuí,2026-09-03 16:00:00,1723.0,17.230,1723.0,1723.0,4,2026-09-03 16:45:00
14280001,Taracuá,2026-09-03 16:00:00,1337.0,13.370,1337.0,1337.0,4,2026-09-03 16:45:00
14330000,Curicuriari,2026-09-03 16:00:00,1065.0,10.650,1065.0,1065.0,4,2026-09-03 16:45:00
14420000,Serrinha,2026-09-03 16:00:00,742.0,7.420,742.0,742.0,4,2026-09-03 16:45:00
14480002,Barcelos,2026-09-03 16:00:00,484.0,4.840,484.0,484.0,4,2026-09-03 16:45:00
14110000,Cucuí,2026-09-03 17:00:00,1722.0,17.220,1722.0,1723.0,4,2026-09-03 17:45:00
14280001,Taracuá,2026-09-03 17:00:00,1336.0,13.360,1336.0,1337.0,4,2026-09-03 17:45:00
14330000,Curicuriari,2026-09-03 17:00:00,1065.0,10.650,1065.0,1065.0,4,2026-09-03 17:45:00
14420000,Serrinha,2026-09-03 17:00:00,742.0,7.420,742.0,742.0,4,2026-09-03 17:45:00
14480002,Barcelos,2026-09-03 17:00:00,484.0,4.840,484.0,484.0,4,2026-09-03 17:45:00
14110000,Cucuí,2026-09-03 18:00:00,1722.0,17.220,1722.0,1722.0,4,2026-09-03 18:45:00
14280001,Taracuá,2026-09-03 18:00:00,1336.0,13.360,1335.0,1336.0,4,2026-09-03 18:45:00
14330000,Curicuriari,2026-09-03 18:00:00,1065.0,10.650,1064.0,1065.0,4,2026-09-03 18:45:00
14420000,Serrinha,2026-09-03 18:00:00,742.0,7.420,741.0,742.0,4,2026-09-03 18:45:00
14480002,Barcelos,2026-09-03 18:00:00,484.0,4.840,484.0,484.0,4,2026-09-03 18:45:00
14110000,Cucuí,2026-09-03 19:00:00,1722.0,17.220,1722.0,1723.0,4,2026-09-03 19:45:00
14280001,Taracuá,2026-09-03 19:00:00,1335.0,13.350,1335.0,1335.0,4,2026-09-03 19:45:00
14330000,Curicuriari,2026-09-03 19:00:00,1064.5,10.645,1064.0,1065.0,4,2026-09-03 19:45:00
14420000,Serrinha,2026-09-03 19:00:00,741.0,7.410,741.0,741.0,4,2026-09-03 19:45:00
14480002,Barcelos,2026-09-03 19:00:00,484.0,4.840,484.0,484.0,4,2026-09-03 19:45:00
14110000,Cucuí,2026-09-03 20:00:00,1721.0,17.210,1721.0,1722.0,4,2026-09-03 20:45:00
14280001,Taracuá,2026-09-03 20:00:00,1335.0,13.350,1334.0,1335.0,4,2026-09-03 20:45:00
14330000,Curicuriari,2026-09-03 20:00:00,1064.5,10.645,1064.0,1065.0,4,2026-09-03 20:45:00
14420000,Serrinha,2026-09-03 20:00:00,741.0,7.410,741.0,741.0,4,2026-09-03 20:45:00
14480002,Barcelos,2026-09-03 20:00:00,484.0,4.840,484.0,484.0,4,2026-09-03 20:45:00
14110000,Cucuí,2026-09-03 21:00:00,1721.0,17.210,1721.0,1721.0,4,2026-09-03 21:45:00
14280001,Taracuá,2026-09-03 21:00:00,1334.5,13.345,1334.0,1335.0,4,2026-09-03 21:45:00
14330000,Curicuriari,2026-09-03 21:00:00,1064.0,10.640,1064.0,1064.0,4,2026-09-03 21:45:00
14420000,Serrinha,2026-09-03 21:00:00,741.0,7.410,741.0,741.0,4,2026-09-03 21:45:00
14480002,Barcelos,2026-09-03 21:00:00,484.0,4.840,483.0,484.0,4,2026-09-03 21:45:00
14110000,Cucuí,2026-09-03 22:00:00,1720.0,17.200,1720.0,1720.0,4,2026-09-03 22:45:00
14280001,Taracuá,2026-09-03 22:00:00,1333.0,13.330,1333.0,1333.0,4,2026-09-03 22:45:00
14330000,Curicuriari,2026-09-03 22:00:00,1064.0,10.640,1064.0,1064.0,4,2026-09-03 22:45:00
14420000,Serrinha,2026-09-03 22:00:00,741.0,7.410,741.0,741.0,4,2026-09-03 22:45:00
14480002,Barcelos,2026-09-03 22:00:00,483.0,4.830,483.0,484.0,4,2026-09-03 22:45:00
14110000,Cucuí,2026-09-03 23:00:00,1720.0,17.200,1720.0,1720.0,4,2026-09-03 23:45:00
14280001,Taracuá,2026-09-03 23:00:00,1333.0,13.330,1332.0,1333.0,4,2026-09-03 23:45:00
14330000,Curicuriari,2026-09-03 23:00:00,1063.0,10.630,1063.0,1064.0,4,2026-09-03 23:45:00
14420000,Serrinha,2026-09-03 23:00:00,741.0,7.410,740.0,741.0,4,2026-09-03 23:45:00
14480002,Barcelos,2026-09-03 23:00:00,483.0,4.830,483.0,483.0,4,2026-09-03 23:45:00
14110000,Cucuí,2026-09-04 00:00:00,1719.0,17.190,1719.0,1720.0,4,2026-09-04 00:45:00
14280001,Taracuá,2026-09-04 00:00:00,1332.0,13.320,1332.0,1332.0,4,2026-09-04 00:45:00
14330000,Curicuriari,2026-09-04 00:00:00,1063.0,10.630,1063.0,1063.0,4,2026-09-04 00:45:00
14420000,Serrinha,2026-09-04 00:00:00,740.0,7.400,740.0,741.0,4,2026-09-04 00:45:00
14480002,Barcelos,2026-09-04 00:00:00,483.0,4.830,483.0,483.0,4,2026-09-04 00:45:00
14110000,Cucuí,2026-09-04 01:00:00,1719.0,17.190,1719.0,1719.0,4,2026-09-04 01:45:00
14280001,Taracuá,2026-09-04 01:00:00,1331.0,13.310,1331.0,1332.0,4,2026-09-04 01:45:00
14330000,Curicuriari,2026-09-04 01:00:00,1063.0,10.630,1063.0,1063.0,4,2026-09-04 01:45:00
14420000,Serrinha,2026-09-04 01:00:00,740.0,7.400,740.0,740.0,4,2026-09-04 01:45:00
14480002,Barcelos,2026-09-04 01:00:00,483.0,4.830,483.0,483.0,4,2026-09-04 01:45:00
14110000,Cucuí,2026-09-04 02:00:00,1718.5,17.185,1718.0,1719.0,4,2026-09-04 02:45:00
14280001,Taracuá,2026-09-04 02:00:00,1330.5,13.305,1330.0,1331.0,4,2026-09-04 02:45:00
14330000,Curicuriari,2026-09-04 02:00:00,1062.0,10.620,1062.0,1062.0,4,2026-09-04 02:45:00
14420000,Serrinha,2026-09-04 02:00:00,740.0,7.400,740.0,740.0,4,2026-09-04 02:45:00
14480002,Barcelos,2026-09-04 02:00:00,483.0,4.830,483.0,483.0,4,2026-09-04 02:45:00
14110000,Cucuí,2026-09-04 03:00:00,1718.0,17.180,1718.0,1718.0,4,2026-09-04 03:45:00
14280001,Taracuá,2026-09-04 03:00:00,1330.0,13.300,1330.0,1330.0,4,2026-09-04 03:45:00
14330000,Curicuriari,2026-09-04 03:00:00,1062.0,10.620,1062.0,1062.0,4,2026-09-04 03:45:00
14420000,Serrinha,2026-09-04 03:00:00,740.0,7.400,740.0,740.0,4,2026-09-04 03:45:00
14480002,Barcelos,2026-09-04 03:00:00,483.0,4.830,483.0,483.0,4,2026-09-04 03:45:00
14110000,Cucuí,2026-09-04 04:00:00,1717.5,17.175,1717.0,1718.0,4,2026-09-04 04:45:00
14280001,Taracuá,2026-09-04 04:00:00,1329.0,13.290,1329.0,1330.0,4,2026-09-04 04:45:00
14330000,Curicuriari,2026-09-04 04:00:00,1061.5,10.615,1061.0,1062.0,4,2026-09-04 04:45:00
14420000,Serrinha,2026-09-04 04:00:00,740.0,7.400,740.0,740.0,4,2026-09-04 04:45:00
14480002,Barcelos,2026-09-04 04:00:00,483.0,4.830,483.0,483.0,4,2026-09-04 04:45:00
14110000,Cucuí,2026-09-04 05:00:00,1717.0,17.170,1717.0,1717.0,4,2026-09-04 05:45:00
14280001,Taracuá,2026-09-04 05:00:00,1329.0,13.290,1328.0,1329.0,4,2026-09-04 05:45:00
14330000,Curicuriari,2026-09-04 05:00:00,1061.0,10.610,1061.0,1061.0,4,2026-09-04 05:45:00
14420000,Serrinha,2026-09-04 05:00:00,740.0,7.400,740.0,740.0,4,2026-09-04 05:45:00
14480002,Barcelos,2026-09-04 05:00:00,483.0,4.830,483.0,483.0,4,2026-09-04 05:45:00
14110000,Cucuí,2026-09-04 06:00:00,1716.5,17.165,1716.0,1717.0,4,2026-09-04 06:45:00
14280001,Taracuá,2026-09-04 06:00:00,1328.0,13.280,1328.0,1328.0,4,2026-09-04 06:45:00
14330000,Curicuriari,2026-09-04 06:00:00,1061.0,10.610,1060.0,1061.0,4,2026-09-04 06:45:00
14420000,Serrinha,2026-09-04 06:00:00,740.0,7.400,739.0,740.0,4,2026-09-04 06:45:00
14480002,Barcelos,2026-09-04 06:00:00,483.0,4.830,483.0,483.0,4,2026-09-04 06:45:00
14110000,Cucuí,2026-09-04 07:00:00,1716.0,17.160,1716.0,1716.0,4,2026-09-04 07:45:00
14280001,Taracuá,2026-09-04 07:00:00,1327.5,13.275,1327.0,1328.0,4,2026-09-04 07:45:00
14330000,Curicuriari,2026-09-04 07:00:00,1060.0,10.600,1060.0,1060.0,4,2026-09-04 07:45:00
14420000,Serrinha,2026-09-04 07:00:00,739.0,7.390,739.0,740.0,4,2026-09-04 07:45:00
14480002,Barcelos,2026-09-04 07:00:00,483.0,4.830,483.0,483.0,4,2026-09-04 07:45:00
14110000,Cucuí,2026-09-04 08:00:00,1716.0,17.160,1715.0,1716.0,4,2026-09-04 08:45:00
14280001,Taracuá,2026-09-04 08:00:00,1327.0,13.270,1327.0,1327.0,4,2026-09-04 08:45:00
14330000,Curicuriari,2026-09-04 08:00:00,1060.0,10.600,1060.0,1060.0,4,2026-09-04 08:45:00
14420000,Serrinha,2026-09-04 08:00:00,739.0,7.390,739.0,740.0,4,2026-09-04 08:45:00
14480002,Barcelos,2026-09-04 08:00:00,483.0,4.830,483.0,483.0,4,2026-09-04 08:45:00
14110000,Cucuí,2026-09-04 09:00:00,1715.0,17.150,1715.0,1715.0,4,2026-09-04 09:45:00
14280001,Taracuá,2026-09-04 09:00:00,1326.5,13.265,1326.0,1327.0,4,2026-09-04 09:45:00
14330000,Curicuriari,2026-09-04 09:00:00,1059.0,10.590,1059.0,1059.0,4,2026-09-04 09:45:00
14420000,Serrinha,2026-09-04 09:00:00,739.0,7.390,739.0,739.0,4,2026-09-04 09:45:00
14480002,Barcelos,2026-09-04 09:00:00,482.5,4.825,482.0,483.0,4,2026-09-04 09:45:00
14110000,Cucuí,2026-09-04 10:00:00,1714.0,17.140,1714.0,1715.0,4,2026-09-04 10:45:00
14280001,Taracuá,2026-09-04 10:00:00,1326.0,13.260,1325.0,1326.0,4,2026-09-04 10:45:00
14330000,Curicuriari,2026-09-04 10:00:00,1059.0,10.590,1058.0,1059.0,4,2026-09-04 10:45:00
14420000,Serrinha,2026-09-04 10:00:00,739.0,7.390,739.0,739.0,4,2026-09-04 10:45:00
14480002,Barcelos,2026-09-04 10:00:00,482.0,4.820,482.0,483.0,4,2026-09-04 10:45:00
14110000,Cucuí,2026-09-04 11:00:00,1714.0,17.140,1714.0,1714.0,4,2026-09-04 11:45:00
14280001,Taracuá,2026-09-04 11:00:00,1325.0,13.250,1325.0,1326.0,4,2026-09-04 11:45:00
14330000,Curicuriari,2026-09-04 11:00:00,1058.0,10.580,1058.0,1058.0,4,2026-09-04 11:45:00
14420000,Serrinha,2026-09-04 11:00:00,739.0,7.390,739.0,739.0,4,2026-09-04 11:45:00
14480002,Barcelos,2026-09-04 11:00:00,482.0,4.820,482.0,482.0,4,2026-09-04 11:45:00
14110000,Cucuí,2026-09-04 12:00:00,1713.0,17.130,1713.0,1713.0,4,2026-09-04 12:45:00
14280001,Taracuá,2026-09-04 12:00:00,1325.0,13.250,1324.0,1325.0,4,2026-09-04 12:45:00
14330000,Curicuriari,2026-09-04 12:00:00,1058.0,10.580,1058.0,1058.0,4,2026-09-04 12:45:00
14420000,Serrinha,2026-09-04 12:00:00,738.0,7.380,738.0,739.0,4,2026-09-04 12:45:00
14480002,Barcelos,2026-09-04 12:00:00,482.0,4.820,482.0,482.0,4,2026-09-04 12:45:00
14110000,Cucuí,2026-09-04 13:00:00,1713.0,17.130,1713.0,1713.0,4,2026-09-04 13:45:00
14280001,Taracuá,2026-09-04 13:00:00,1324.0,13.240,1324.0,1324.0,4,2026-09-04 13:45:00
14330000,Curicuriari,2026-09-04 13:00:00,1057.0,10.570,1057.0,1057.0,4,2026-09-04 13:45:00
14420000,Serrinha,2026-09-04 13:00:00,738.0,7.380,738.0,738.0,4,2026-09-04 13:45:00
14480002,Barcelos,2026-09-04 13:00:00,482.0,4.820,482.0,482.0,4,2026-09-04 13:45:00
14110000,Cucuí,2026-09-04 14:00:00,1712.0,17.120,1712.0,1712.0,4,2026-09-04 14:45:00
14280001,Taracuá,2026-09-04 14:00:00,1324.0,13.240,1324.0,1324.0,4,2026-09-04 14:45:00
14330000,Curicuriari,2026-09-04 14:00:00,1057.0,10.570,1057.0,1057.0,4,2026-09-04 14:45:00
14420000,Serrinha,2026-09-04 14:00:00,738.0,7.380,738.0,738.0,4,2026-09-04 14:45:00
14480002,Barcelos,2026-09-04 14:00:00,482.0,4.820,482.0,483.0,4,2026-09-04 14:45:00
14110000,Cucuí,2026-09-04 15:00:00,1712.0,17.120,1712.0,1712.0,4,2026-09-04 15:45:00
14280001,Taracuá,2026-09-04 15:00:00,1323.0,13.230,1323.0,1324.0,4,2026-09-04 15:45:00
14330000,Curicuriari,2026-09-04 15:00:00,1056.0,10.560,1056.0,1056.0,4,2026-09-04 15:45:00
14420000,Serrinha,2026-09-04 15:00:00,738.0,7.380,738.0,738.0,4,2026-09-04 15:45:00
14480002,Barcelos,2026-09-04 15:00:00,482.0,4.820,482.0,482.0,4,2026-09-04 15:45:00
14110000,Cucuí,2026-09-04 16:00:00,1711.0,17.110,1711.0,1711.0,4,2026-09-04 16:45:00
14280001,Taracuá,2026-09-04 16:00:00,1323.0,13.230,1323.0,1323.0,4,2026-09-04 16:45:00
14330000,Curicuriari,2026-09-04 16:00:00,1056.0,10.560,1055.0,1056.0,4,2026-09-04 16:45:00
14420000,Serrinha,2026-09-04 16:00:00,738.0,7.380,738.0,738.0,4,2026-09-04 16:45:00
14480002,Barcelos,2026-09-04 16:00:00,482.0,4.820,481.0,482.0,4,2026-09-04 16:45:00
14110000,Cucuí,2026-09-04 17:00:00,1711.0,17.110,1711.0,1711.0,4,2026-09-04 17:45:00
14280001,Taracuá,2026-09-04 17:00:00,1323.0,13.230,1322.0,1323.0,4,2026-09-04 17:45:00
14330000,Curicuriari,2026-09-04 17:00:00,1055.0,10.550,1055.0,1056.0,4,2026-09-04 17:45:00
14420000,Serrinha,2026-09-04 17:00:00,738.0,7.380,738.0,738.0,4,2026-09-04 17:45:00
14480002,Barcelos,2026-09-04 17:00:00,482.0,4.820,481.0,482.0,4,2026-09-04 17:45:00
14110000,Cucuí,2026-09-04 18:00:00,1710.0,17.100,1710.0,1710.0,4,2026-09-04 18:45:00
14280001,Taracuá,2026-09-04 18:00:00,1322.0,13.220,1322.0,1322.0,4,2026-09-04 18:45:00
14330000,Curicuriari,2026-09-04 18:00:00,1055.0,10.550,1055.0,1055.0,4,2026-09-04 18:45:00
14420000,Serrinha,2026-09-04 18:00:00,737.5,7.375,737.0,738.0,4,2026-09-04 18:45:00
14480002,Barcelos,2026-09-04 18:00:00,481.5,4.815,481.0,482.0,4,2026-09-04 18:45:00
14110000,Cucuí,2026-09-04 19:00:00,1709.0,17.090,1709.0,1710.0,4,2026-09-04 19:45:00
14280001,Taracuá,2026-09-04 19:00:00,1322.0,13.220,1322.0,1322.0,4,2026-09-04 19:45:00
14330000,Curicuriari,2026-09-04 19:00:00,1055.0,10.550,1054.0,1055.0,4,2026-09-04 19:45:00
14420000,Serrinha,2026-09-04 19:00:00,737.0,7.370,737.0,738.0,4,2026-09-04 19:45:00
14480002,Barcelos,2026-09-04 19:00:00,481.5,4.815,481.0,482.0,4,2026-09-04 19:45:00
14110000,Cucuí,2026-09-04 20:00:00,1709.0,17.090,1709.0,1709.0,4,2026-09-04 20:45:00
14280001,Taracuá,2026-09-04 20:00:00,1321.0,13.210,1321.0,1321.0,4,2026-09-04 20:45:00
14330000,Curicuriari,2026-09-04 20:00:00,1054.0,10.540,1054.0,1054.0,4,2026-09-04 20:45:00
14420000,Serrinha,2026-09-04 20:00:00,737.0,7.370,737.0,737.0,4,2026-09-04 20:45:00
14480002,Barcelos,2026-09-04 20:00:00,481.0,4.810,481.0,481.0,4,2026-09-04 20:45:00
14110000,Cucuí,2026-09-04 21:00:00,1708.0,17.080,1708.0,1708.0,4,2026-09-04 21:45:00
14280001,Taracuá,2026-09-04 21:00:00,1321.0,13.210,1321.0,1321.0,4,2026-09-04 21:45:00
14330000,Curicuriari,2026-09-04 21:00:00,1054.0,10.540,1054.0,1054.0,4,2026-09-04 21:45:00
14420000,Serrinha,2026-09-04 21:00:00,737.0,7.370,737.0,737.0,4,2026-09-04 21:45:00
14480002,Barcelos,2026-09-04 21:00:00,481.0,4.810,481.0,482.0,4,2026-09-04 21:45:00
14110000,Cucuí,2026-09-04 22:00:00,1708.0,17.080,1707.0,1708.0,4,2026-09-04 22:45:00
14280001,Taracuá,2026-09-04 22:00:00,1321.0,13.210,1320.0,1321.0,4,2026-09-04 22:45:00
14330000,Curicuriari,2026-09-04 22:00:00,1053.0,10.530,1053.0,1053.0,4,2026-09-04 22:45:00
14420000,Serrinha,2026-09-04 22:00:00,737.0,7.370,736.0,737.0,4,2026-09-04 22:45:00
14480002,Barcelos,2026-09-04 22:00:00,481.0,4.810,481.0,481.0,4,2026-09-04 22:45:00
14110000,Cucuí,2026-09-04 23:00:00,1707.0,17.070,1707.0,1707.0,4,2026-09-04 23:45:00
14280001,Taracuá,2026-09-04 23:00:00,1320.0,13.200,1320.0,1321.0,4,2026-09-04 23:45:00
14330000,Curicuriari,2026-09-04 23:00:00,1053.0,10.530,1052.0,1053.0,4,2026-09-04 23:45:00
14420000,Serrinha,2026-09-04 23:00:00,736.0,7.360,736.0,737.0,4,2026-09-04 23:45:00
14480002,Barcelos,2026-09-04 23:00:00,481.0,4.810,481.0,481.0,4,2026-09-04 23:45:00
14110000,Cucuí,2026-09-05 00:00:00,1707.0,17.070,1706.0,1707.0,4,2026-09-05 00:45:00
14280001,Taracuá,2026-09-05 00:00:00,1320.0,13.200,1320.0,1320.0,4,2026-09-05 00:45:00
14330000,Curicuriari,2026-09-05 00:00:00,1052.0,10.520,1052.0,1052.0,4,2026-09-05 00:45:00
14420000,Serrinha,2026-09-05 00:00:00,736.0,7.360,736.0,736.0,4,2026-09-05 00:45:00
14480002,Barcelos,2026-09-05 00:00:00,481.0,4.810,481.0,481.0,4,2026-09-05 00:45:00
14110000,Cucuí,2026-09-05 01:00:00,1706.0,17.060,1706.0,1706.0,4,2026-09-05 01:45:00
14280001,Taracuá,2026-09-05 01:00:00,1320.0,13.200,1319.0,1320.0,4,2026-09-05 01:45:00
14330000,Curicuriari,2026-09-05 01:00:00,1051.5,10.515,1051.0,1052.0,4,2026-09-05 01:45:00
14420000,Serrinha,2026-09-05 01:00:00,736.0,7.360,736.0,736.0,4,2026-09-05 01:45:00
14480002,Barcelos,2026-09-05 01:00:00,481.0,4.810,481.0,481.0,4,2026-09-05 01:45:00
14110000,Cucuí,2026-09-05 02:00:00,1706.0,17.060,1706.0,1706.0,4,2026-09-05 02:45:00
14280001,Taracuá,2026-09-05 02:00:00,1319.0,13.190,1319.0,1319.0,4,2026-09-05 02:45:00
14330000,Curicuriari,2026-09-05 02:00:00,1051.0,10.510,1051.0,1051.0,4,2026-09-05 02:45:00
14420000,Serrinha,2026-09-05 02:00:00,736.0,7.360,736.0,736.0,4,2026-09-05 02:45:00
14480002,Barcelos,2026-09-05 02:00:00,481.0,4.810,481.0,481.0,4,2026-09-05 02:45:00
14110000,Cucuí,2026-09-05 03:00:00,1705.0,17.050,1705.0,1705.0,4,2026-09-05 03:45:00
14280001,Taracuá,2026-09-05 03:00:00,1319.0,13.190,1318.0,1319.0,4,2026-09-05 03:45:00
14330000,Curicuriari,2026-09-05 03:00:00,1050.5,10.505,1050.0,1051.0,4,2026-09-05 03:45:00
14420000,Serrinha,2026-09-05 03:00:00,736.0,7.360,735.0,737.0,4,2026-09-05 03:45:00
14480002,Barcelos,2026-09-05 03:00:00,481.0,4.810,481.0,481.0,4,2026-09-05 03:45:00
14110000,Cucuí,2026-09-05 04:00:00,1705.0,17.050,1704.0,1705.0,4,2026-09-05 04:45:00
14280001,Taracuá,2026-09-05 04:00:00,1319.0,13.190,1318.0,1319.0,4,2026-09-05 04:45:00
14330000,Curicuriari,2026-09-05 04:00:00,1050.0,10.500,1050.0,1051.0,4,2026-09-05 04:45:00
14420000,Serrinha,2026-09-05 04:00:00,736.0,7.360,735.0,736.0,4,2026-09-05 04:45:00
14480002,Barcelos,2026-09-05 04:00:00,481.0,4.810,480.0,481.0,4,2026-09-05 04:45:00
14110000,Cucuí,2026-09-05 05:00:00,1704.0,17.040,1704.0,1704.0,4,2026-09-05 05:45:00
14280001,Taracuá,2026-09-05 05:00:00,1318.5,13.185,1318.0,1319.0,4,2026-09-05 05:45:00
14330000,Curicuriari,2026-09-05 05:00:00,1050.5,10.505,1050.0,1051.0,4,2026-09-05 05:45:00
14420000,Serrinha,2026-09-05 05:00:00,735.5,7.355,735.0,736.0,4,2026-09-05 05:45:00
14480002,Barcelos,2026-09-05 05:00:00,481.0,4.810,481.0,481.0,4,2026-09-05 05:45:00
14110000,Cucuí,2026-09-05 06:00:00,1703.0,17.030,1703.0,1704.0,4,2026-09-05 06:45:00
14280001,Taracuá,2026-09-05 06:00:00,1318.0,13.180,1318.0,1319.0,4,2026-09-05 06:45:00
14330000,Curicuriari,2026-09-05 06:00:00,1050.0,10.500,1049.0,1050.0,4,2026-09-05 06:45:00
14420000,Serrinha,2026-09-05 06:00:00,735.5,7.355,735.0,737.0,4,2026-09-05 06:45:00
14480002,Barcelos,2026-09-05 06:00:00,480.5,4.805,480.0,481.0,4,2026-09-05 06:45:00
14110000,Cucuí,2026-09-05 07:00:00,1703.0,17.030,1703.0,1703.0,4,2026-09-05 07:45:00
14280001,Taracuá,2026-09-05 07:00:00,1318.0,13.180,1318.0,1318.0,4,2026-09-05 07:45:00
14330000,Curicuriari,2026-09-05 07:00:00,1049.0,10.490,1049.0,1049.0,4,2026-09-05 07:45:00
14420000,Serrinha,2026-09-05 07:00:00,735.0,7.350,735.0,735.0,4,2026-09-05 07:45:00
14480002,Barcelos,2026-09-05 07:00:00,480.0,4.800,480.0,481.0,4,2026-09-05 07:45:00
14110000,Cucuí,2026-09-05 08:00:00,1702.0,17.020,1702.0,1702.0,4,2026-09-05 08:45:00
14280001,Taracuá,2026-09-05 08:00:00,1318.0,13.180,1318.0,1319.0,4,2026-09-05 08:45:00
14330000,Curicuriari,2026-09-05 08:00:00,1048.0,10.480,1048.0,1048.0,4,2026-09-05 08:45:00
14420000,Serrinha,2026-09-05 08:00:00,735.0,7.350,735.0,735.0,4,2026-09-05 08:45:00
14480002,Barcelos,2026-09-05 08:00:00,481.0,4.810,480.0,481.0,4,2026-09-05 08:45:00
14110000,Cucuí,2026-09-05 09:00:00,1701.5,17.015,1701.0,1702.0,4,2026-09-05 09:45:00
14280001,Taracuá,2026-09-05 09:00:00,1317.5,13.175,1317.0,1318.0,4,2026-09-05 09:45:00
14330000,Curicuriari,2026-09-05 09:00:00,1048.0,10.480,1047.0,1048.0,4,2026-09-05 09:45:00
14420000,Serrinha,2026-09-05 09:00:00,735.0,7.350,735.0,735.0,4,2026-09-05 09:45:00
14480002,Barcelos,2026-09-05 09:00:00,481.0,4.810,481.0,481.0,4,2026-09-05 09:45:00
14110000,Cucuí,2026-09-05 10:00:00,1701.0,17.010,1701.0,1701.0,4,2026-09-05 10:45:00
14280001,Taracuá,2026-09-05 10:00:00,1317.0,13.170,1317.0,1318.0,4,2026-09-05 10:45:00
14330000,Curicuriari,2026-09-05 10:00:00,1047.0,10.470,1047.0,1047.0,4,2026-09-05 10:45:00
14420000,Serrinha,2026-09-05 10:00:00,734.5,7.345,734.0,735.0,4,2026-09-05 10:45:00
14480002,Barcelos,2026-09-05 10:00:00,480.0,4.800,480.0,481.0,4,2026-09-05 10:45:00
14110000,Cucuí,2026-09-05 11:00:00,1700.0,17.000,1700.0,1700.0,4,2026-09-05 11:45:00
14280001,Taracuá,2026-09-05 11:00:00,1317.0,13.170,1317.0,1317.0,4,2026-09-05 11:45:00
14330000,Curicuriari,2026-09-05 11:00:00,1046.5,10.465,1046.0,1047.0,4,2026-09-05 11:45:00
14420000,Serrinha,2026-09-05 11:00:00,734.0,7.340,734.0,734.0,4,2026-09-05 11:45:00
14480002,Barcelos,2026-09-05 11:00:00,480.0,4.800,480.0,480.0,4,2026-09-05 11:45:00
14110000,Cucuí,2026-09-05 12:00:00,1700.0,17.000,1699.0,1700.0,4,2026-09-05 12:45:00
14280001,Taracuá,2026-09-05 12:00:00,1317.0,13.170,1317.0,1317.0,4,2026-09-05 12:45:00
14330000,Curicuriari,2026-09-05 12:00:00,1046.0,10.460,1046.0,1046.0,4,2026-09-05 12:45:00
14420000,Serrinha,2026-09-05 12:00:00,734.0,7.340,734.0,734.0,4,2026-09-05 12:45:00
14480002,Barcelos,2026-09-05 12:00:00,480.0,4.800,480.0,480.0,4,2026-09-05 12:45:00
14110000,Cucuí,2026-09-05 13:00:00,1699.0,16.990,1698.0,1699.0,4,2026-09-05 13:45:00
14280001,Taracuá,2026-09-05 13:00:00,1317.0,13.170,1317.0,1317.0,4,2026-09-05 13:45:00
14330000,Curicuriari,2026-09-05 13:00:00,1045.0,10.450,1045.0,1045.0,4,2026-09-05 13:45:00
14420000,Serrinha,2026-09-05 13:00:00,734.0,7.340,733.0,734.0,4,2026-09-05 13:45:00
14480002,Barcelos,2026-09-05 13:00:00,480.0,4.800,480.0,480.0,4,2026-09-05 13:45:00
14110000,Cucuí,2026-09-05 14:00:00,1698.0,16.980,1698.0,1698.0,4,2026-09-05 14:45:00
14280001,Taracuá,2026-09-05 14:00:00,1316.0,13.160,1316.0,1317.0,4,2026-09-05 14:45:00
14330000,Curicuriari,2026-09-05 14:00:00,1044.0,10.440,1044.0,1045.0,4,2026-09-05 14:45:00
14420000,Serrinha,2026-09-05 14:00:00,733.0,7.330,733.0,733.0,4,2026-09-05 14:45:00
14480002,Barcelos,2026-09-05 14:00:00,480.0,4.800,480.0,480.0,4,2026-09-05 14:45:00
14110000,Cucuí,2026-09-05 15:00:00,1698.0,16.980,1697.0,1698.0,4,2026-09-05 15:45:00
14280001,Taracuá,2026-09-05 15:00:00,1316.0,13.160,1316.0,1316.0,4,2026-09-05 15:45:00
14330000,Curicuriari,2026-09-05 15:00:00,1044.0,10.440,1044.0,1044.0,4,2026-09-05 15:45:00
14420000,Serrinha,2026-09-05 15:00:00,733.0,7.330,733.0,733.0,4,2026-09-05 15:45:00
14480002,Barcelos,2026-09-05 15:00:00,480.0,4.800,480.0,480.0,4,2026-09-05 15:45:00
14110000,Cucuí,2026-09-05 16:00:00,1697.0,16.970,1697.0,1698.0,4,2026-09-05 16:45:00
14280001,Taracuá,2026-09-05 16:00:00,1316.0,13.160,1316.0,1316.0,4,2026-09-05 16:45:00
14330000,Curicuriari,2026-09-05 16:00:00,1043.0,10.430,1043.0,1043.0,4,2026-09-05 16:45:00
14420000,Serrinha,2026-09-05 16:00:00,733.0,7.330,733.0,733.0,4,2026-09-05 16:45:00
14480002,Barcelos,2026-09-05 16:00:00,480.0,4.800,480.0,480.0,4,2026-09-05 16:45:00
14110000,Cucuí,2026-09-05 17:00:00,1697.0,16.970,1696.0,1697.0,4,2026-09-05 17:45:00
14280001,Taracuá,2026-09-05 17:00:00,1316.0,13.160,1315.0,1316.0,4,2026-09-05 17:45:00
14330000,Curicuriari,2026-09-05 17:00:00,1043.0,10.430,1043.0,1043.0,4,2026-09-05 17:45:00
14420000,Serrinha,2026-09-05 17:00:00,733.0,7.330,732.0,733.0,4,2026-09-05 17:45:00
14480002,Barcelos,2026-09-05 17:00:00,480.0,4.800,480.0,480.0,4,2026-09-05 17:45:00
14110000,Cucuí,2026-09-05 18:00:00,1696.0,16.960,1696.0,1696.0,4,2026-09-05 18:45:00
14280001,Taracuá,2026-09-05 18:00:00,1315.5,13.155,1315.0,1316.0,4,2026-09-05 18:45:00
14330000,Curicuriari,2026-09-05 18:00:00,1042.0,10.420,1042.0,1043.0,4,2026-09-05 18:45:00
14420000,Serrinha,2026-09-05 18:00:00,732.0,7.320,732.0,732.0,4,2026-09-05 18:45:00
14480002,Barcelos,2026-09-05 18:00:00,480.0,4.800,479.0,480.0,4,2026-09-05 18:45:00
14110000,Cucuí,2026-09-05 19:00:00,1695.0,16.950,1695.0,1696.0,4,2026-09-05 19:45:00
14280001,Taracuá,2026-09-05 19:00:00,1316.0,13.160,1315.0,1316.0,4,2026-09-05 19:45:00
14330000,Curicuriari,2026-09-05 19:00:00,1042.0,10.420,1041.0,1042.0,4,2026-09-05 19:45:00
14420000,Serrinha,2026-09-05 19:00:00,732.0,7.320,732.0,732.0,4,2026-09-05 19:45:00
14480002,Barcelos,2026-09-05 19:00:00,480.0,4.800,479.0,480.0,4,2026-09-05 19:45:00
14110000,Cucuí,2026-09-05 20:00:00,1695.0,16.950,1695.0,1695.0,4,2026-09-05 20:45:00
14280001,Taracuá,2026-09-05 20:00:00,1315.0,13.150,1315.0,1316.0,4,2026-09-05 20:45:00
14330000,Curicuriari,2026-09-05 20:00:00,1041.0,10.410,1041.0,1041.0,4,2026-09-05 20:45:00
14420000,Serrinha,2026-09-05 20:00:00,732.0,7.320,732.0,732.0,4,2026-09-05 20:45:00
14480002,Barcelos,2026-09-05 20:00:00,479.0,4.790,479.0,480.0,4,2026-09-05 20:45:00
14110000,Cucuí,2026-09-05 21:00:00,1694.0,16.940,1694.0,1694.0,4,2026-09-05 21:45:00
14280001,Taracuá,2026-09-05 21:00:00,1315.0,13.150,1315.0,1316.0,4,2026-09-05 21:45:00
14330000,Curicuriari,2026-09-05 21:00:00,1040.0,10.400,1040.0,1040.0,4,2026-09-05 21:45:00
14420000,Serrinha,2026-09-05 21:00:00,732.0,7.320,732.0,732.0,4,2026-09-05 21:45:00
14480002,Barcelos,2026-09-05 21:00:00,479.0,4.790,479.0,479.0,4,2026-09-05 21:45:00
14110000,Cucuí,2026-09-05 22:00:00,1693.0,16.930,1693.0,1694.0,4,2026-09-05 22:45:00
14280001,Taracuá,2026-09-05 22:00:00,1315.0,13.150,1315.0,1315.0,4,2026-09-05 22:45:00
14330000,Curicuriari,2026-09-05 22:00:00,1040.0,10.400,1040.0,1040.0,4,2026-09-05 22:45:00
14420000,Serrinha,2026-09-05 22:00:00,731.0,7.310,731.0,732.0,4,2026-09-05 22:45:00
14480002,Barcelos,2026-09-05 22:00:00,479.0,4.790,479.0,479.0,4,2026-09-05 22:45:00
14110000,Cucuí,2026-09-05 23:00:00,1693.0,16.930,1692.0,1693.0,4,2026-09-05 23:45:00
14280001,Taracuá,2026-09-05 23:00:00,1315.0,13.150,1315.0,1315.0,4,2026-09-05 23:45:00
14330000,Curicuriari,2026-09-05 23:00:00,1039.0,10.390,1039.0,1039.0,4,2026-09-05 23:45:00
14420000,Serrinha,2026-09-05 23:00:00,731.0,7.310,731.0,731.0,4,2026-09-05 23:45:00
14480002,Barcelos,2026-09-05 23:00:00,479.0,4.790,479.0,479.0,4,2026-09-05 23:45:00
14110000,Cucuí,2026-09-06 00:00:00,1692.0,16.920,1692.0,1692.0,4,2026-09-06 00:45:00
14280001,Taracuá,2026-09-06 00:00:00,1315.0,13.150,1315.0,1315.0,4,2026-09-06 00:45:00
14330000,Curicuriari,2026-09-06 00:00:00,1038.0,10.380,1038.0,1039.0,4,2026-09-06 00:45:00
14420000,Serrinha,2026-09-06 00:00:00,731.0,7.310,731.0,731.0,4,2026-09-06 00:45:00
14480002,Barcelos,2026-09-06 00:00:00,479.0,4.790,479.0,479.0,4,2026-09-06 00:45:00
14110000,Cucuí,2026-09-06 01:00:00,1691.0,16.910,1691.0,1691.0,4,2026-09-06 01:45:00
14280001,Taracuá,2026-09-06 01:00:00,1315.0,13.150,1315.0,1315.0,4,2026-09-06 01:45:00
14330000,Curicuriari,2026-09-06 01:00:00,1038.0,10.380,1038.0,1038.0,4,2026-09-06 01:45:00
14420000,Serrinha,2026-09-06 01:00:00,731.0,7.310,730.0,731.0,4,2026-09-06 01:45:00
14480002,Barcelos,2026-09-06 01:00:00,479.0,4.790,479.0,479.0,4,2026-09-06 01:45:00
14110000,Cucuí,2026-09-06 02:00:00,1690.5,16.905,1690.0,1691.0,4,2026-09-06 02:45:00
14280001,Taracuá,2026-09-06 02:00:00,1315.0,13.150,1315.0,1315.0,4,2026-09-06 02:45:00
14330000,Curicuriari,2026-09-06 02:00:00,1037.0,10.370,1037.0,1038.0,4,2026-09-06 02:45:00
14420000,Serrinha,2026-09-06 02:00:00,730.0,7.300,730.0,730.0,4,2026-09-06 02:45:00
14480002,Barcelos,2026-09-06 02:00:00,479.0,4.790,479.0,479.0,4,2026-09-06 02:45:00
14110000,Cucuí,2026-09-06 03:00:00,1690.0,16.900,1689.0,1690.0,4,2026-09-06 03:45:00
14280001,Taracuá,2026-09-06 03:00:00,1314.0,13.140,1314.0,1314.0,4,2026-09-06 03:45:00
14330000,Curicuriari,2026-09-06 03:00:00,1037.0,10.370,1036.0,1037.0,4,2026-09-06 03:45:00
14420000,Serrinha,2026-09-06 03:00:00,730.0,7.300,730.0,730.0,4,2026-09-06 03:45:00
14480002,Barcelos,2026-09-06 03:00:00,479.0,4.790,479.0,479.0,4,2026-09-06 03:45:00
14110000,Cucuí,2026-09-06 04:00:00,1689.0,16.890,1689.0,1689.0,4,2026-09-06 04:45:00
14280001,Taracuá,2026-09-06 04:00:00,1314.0,13.140,1314.0,1314.0,4,2026-09-06 04:45:00
14330000,Curicuriari,2026-09-06 04:00:00,1036.0,10.360,1036.0,1036.0,4,2026-09-06 04:45:00
14420000,Serrinha,2026-09-06 04:00:00,730.0,7.300,730.0,730.0,4,2026-09-06 04:45:00
14480002,Barcelos,2026-09-06 04:00:00,479.0,4.790,479.0,479.0,4,2026-09-06 04:45:00
14110000,Cucuí,2026-09-06 05:00:00,1688.5,16.885,1688.0,1689.0,4,2026-09-06 05:45:00
14280001,Taracuá,2026-09-06 05:00:00,1314.0,13.140,1314.0,1314.0,4,2026-09-06 05:45:00
14330000,Curicuriari,2026-09-06 05:00:00,1035.0,10.350,1035.0,1035.0,4,2026-09-06 05:45:00
14420000,Serrinha,2026-09-06 05:00:00,729.5,7.295,729.0,730.0,4,2026-09-06 05:45:00
14480002,Barcelos,2026-09-06 05:00:00,478.5,4.785,478.0,479.0,4,2026-09-06 05:45:00
14110000,Cucuí,2026-09-06 06:00:00,1687.0,16.870,1687.0,1688.0,4,2026-09-06 06:45:00
14280001,Taracuá,2026-09-06 06:00:00,1314.0,13.140,1314.0,1314.0,4,2026-09-06 06:45:00
14330000,Curicuriari,2026-09-06 06:00:00,1034.5,10.345,1034.0,1035.0,4,2026-09-06 06:45:00
14420000,Serrinha,2026-09-06 06:00:00,729.0,7.290,729.0,729.0,4,2026-09-06 06:45:00
14480002,Barcelos,2026-09-06 06:00:00,478.0,4.780,478.0,479.0,4,2026-09-06 06:45:00
14110000,Cucuí,2026-09-06 07:00:00,1687.0,16.870,1687.0,1687.0,4,2026-09-06 07:45:00
14280001,Taracuá,2026-09-06 07:00:00,1314.0,13.140,1314.0,1314.0,4,2026-09-06 07:45:00
14330000,Curicuriari,2026-09-06 07:00:00,1034.0,10.340,1034.0,1034.0,4,2026-09-06 07:45:00
14420000,Serrinha,2026-09-06 07:00:00,729.0,7.290,729.0,729.0,4,2026-09-06 07:45:00
14480002,Barcelos,2026-09-06 07:00:00,478.0,4.780,478.0,479.0,4,2026-09-06 07:45:00
14110000,Cucuí,2026-09-06 08:00:00,1686.0,16.860,1686.0,1686.0,4,2026-09-06 08:45:00
14280001,Taracuá,2026-09-06 08:00:00,1313.5,13.135,1313.0,1314.0,4,2026-09-06 08:45:00
14330000,Curicuriari,2026-09-06 08:00:00,1033.0,10.330,1033.0,1033.0,4,2026-09-06 08:45:00
14420000,Serrinha,2026-09-06 08:00:00,729.0,7.290,729.0,729.0,4,2026-09-06 08:45:00
14480002,Barcelos,2026-09-06 08:00:00,478.0,4.780,478.0,478.0,4,2026-09-06 08:45:00
14110000,Cucuí,2026-09-06 09:00:00,1685.0,16.850,1685.0,1685.0,4,2026-09-06 09:45:00
14280001,Taracuá,2026-09-06 09:00:00,1313.0,13.130,1313.0,1314.0,4,2026-09-06 09:45:00
14330000,Curicuriari,2026-09-06 09:00:00,1032.5,10.325,1032.0,1033.0,4,2026-09-06 09:45:00
14420000,Serrinha,2026-09-06 09:00:00,729.0,7.290,728.0,730.0,4,2026-09-06 09:45:00
14480002,Barcelos,2026-09-06 09:00:00,478.0,4.780,478.0,478.0,4,2026-09-06 09:45:00
14110000,Cucuí,2026-09-06 10:00:00,1684.0,16.840,1684.0,1685.0,4,2026-09-06 10:45:00
14280001,Taracuá,2026-09-06 10:00:00,1313.0,13.130,1313.0,1313.0,4,2026-09-06 10:45:00
14330000,Curicuriari,2026-09-06 10:00:00,1032.0,10.320,1032.0,1032.0,4,2026-09-06 10:45:00
14420000,Serrinha,2026-09-06 10:00:00,729.0,7.290,729.0,730.0,4,2026-09-06 10:45:00
14480002,Barcelos,2026-09-06 10:00:00,478.0,4.780,478.0,478.0,4,2026-09-06 10:45:00
14110000,Cucuí,2026-09-06 11:00:00,1684.0,16.840,1683.0,1684.0,4,2026-09-06 11:45:00
14280001,Taracuá,2026-09-06 11:00:00,1313.0,13.130,1313.0,1313.0,4,2026-09-06 11:45:00
14330000,Curicuriari,2026-09-06 11:00:00,1031.0,10.310,1031.0,1031.0,4,2026-09-06 11:45:00
14420000,Serrinha,2026-09-06 11:00:00,729.0,7.290,729.0,729.0,4,2026-09-06 11:45:00
14480002,Barcelos,2026-09-06 11:00:00,478.0,4.780,478.0,478.0,4,2026-09-06 11:45:00
14110000,Cucuí,2026-09-06 12:00:00,1683.0,16.830,1683.0,1683.0,4,2026-09-06 12:45:00
14280001,Taracuá,2026-09-06 12:00:00,1313.0,13.130,1313.0,1313.0,4,2026-09-06 12:45:00
14330000,Curicuriari,2026-09-06 12:00:00,1030.0,10.300,1030.0,1031.0,4,2026-09-06 12:45:00
14420000,Serrinha,2026-09-06 12:00:00,728.5,7.285,728.0,729.0,4,2026-09-06 12:45:00
14480002,Barcelos,2026-09-06 12:00:00,478.0,4.780,478.0,478.0,4,2026-09-06 12:45:00
14110000,Cucuí,2026-09-06 13:00:00,1682.0,16.820,1682.0,1682.0,4,2026-09-06 13:45:00
14280001,Taracuá,2026-09-06 13:00:00,1313.0,13.130,1313.0,1313.0,4,2026-09-06 13:45:00
14330000,Curicuriari,2026-09-06 13:00:00,1029.0,10.290,1029.0,1030.0,4,2026-09-06 13:45:00
14420000,Serrinha,2026-09-06 13:00:00,728.0,7.280,728.0,728.0,4,2026-09-06 13:45:00
14480002,Barcelos,2026-09-06 13:00:00,478.0,4.780,477.0,478.0,4,2026-09-06 13:45:00
14110000,Cucuí,2026-09-06 14:00:00,1681.5,16.815,1681.0,1682.0,4,2026-09-06 14:45:00
14280001,Taracuá,2026-09-06 14:00:00,1312.5,13.125,1312.0,1313.0,4,2026-09-06 14:45:00
14330000,Curicuriari,2026-09-06 14:00:00,1029.5,10.295,1029.0,1031.0,4,2026-09-06 14:45:00
14420000,Serrinha,2026-09-06 14:00:00,728.0,7.280,727.0,728.0,4,2026-09-06 14:45:00
14480002,Barcelos,2026-09-06 14:00:00,477.0,4.770,477.0,477.0,4,2026-09-06 14:45:00
14110000,Cucuí,2026-09-06 15:00:00,1681.0,16.810,1680.0,1681.0,4,2026-09-06 15:45:00
14280001,Taracuá,2026-09-06 15:00:00,1312.0,13.120,1312.0,1312.0,4,2026-09-06 15:45:00
14330000,Curicuriari,2026-09-06 15:00:00,1030.5,10.305,1030.0,1031.0,4,2026-09-06 15:45:00
14420000,Serrinha,2026-09-06 15:00:00,727.0,7.270,727.0,727.0,4,2026-09-06 15:45:00
14480002,Barcelos,2026-09-06 15:00:00,477.0,4.770,477.0,477.0,4,2026-09-06 15:45:00
14110000,Cucuí,2026-09-06 16:00:00,1680.0,16.800,1680.0,1680.0,4,2026-09-06 16:45:00
14280001,Taracuá,2026-09-06 16:00:00,1312.0,13.120,1312.0,1312.0,4,2026-09-06 16:45:00
14330000,Curicuriari,2026-09-06 16:00:00,1030.0,10.300,1029.0,1030.0,4,2026-09-06 16:45:00
14420000,Serrinha,2026-09-06 16:00:00,727.0,7.270,727.0,727.0,4,2026-09-06 16:45:00
14480002,Barcelos,2026-09-06 16:00:00,477.0,4.770,477.0,477.0,4,2026-09-06 16:45:00
14110000,Cucuí,2026-09-06 17:00:00,1679.0,16.790,1679.0,1679.0,4,2026-09-06 17:45:00
14280001,Taracuá,2026-09-06 17:00:00,1312.0,13.120,1312.0,1312.0,4,2026-09-06 17:45:00
14330000,Curicuriari,2026-09-06 17:00:00,1029.0,10.290,1028.0,1029.0,4,2026-09-06 17:45:00
14420000,Serrinha,2026-09-06 17:00:00,726.0,7.260,726.0,727.0,4,2026-09-06 17:45:00
14480002,Barcelos,2026-09-06 17:00:00,477.0,4.770,477.0,477.0,4,2026-09-06 17:45:00
14110000,Cucuí,2026-09-06 18:00:00,1678.5,16.785,1678.0,1679.0,4,2026-09-06 18:45:00
14280001,Taracuá,2026-09-06 18:00:00,1312.0,13.120,1311.0,1312.0,4,2026-09-06 18:45:00
14330000,Curicuriari,2026-09-06 18:00:00,1028.0,10.280,1028.0,1028.0,4,2026-09-06 18:45:00
14420000,Serrinha,2026-09-06 18:00:00,726.0,7.260,726.0,726.0,4,2026-09-06 18:45:00
14480002,Barcelos,2026-09-06 18:00:00,477.0,4.770,477.0,477.0,4,2026-09-06 18:45:00
14110000,Cucuí,2026-09-06 19:00:00,1677.0,16.770,1677.0,1678.0,4,2026-09-06 19:45:00
14280001,Taracuá,2026-09-06 19:00:00,1312.0,13.120,1312.0,1312.0,4,2026-09-06 19:45:00
14330000,Curicuriari,2026-09-06 19:00:00,1027.0,10.270,1026.0,1027.0,4,2026-09-06 19:45:00
14420000,Serrinha,2026-09-06 19:00:00,726.0,7.260,726.0,726.0,4,2026-09-06 19:45:00
14480002,Barcelos,2026-09-06 19:00:00,477.0,4.770,477.0,477.0,4,2026-09-06 19:45:00
14110000,Cucuí,2026-09-06 20:00:00,1677.0,16.770,1677.0,1677.0,4,2026-09-06 20:45:00
14280001,Taracuá,2026-09-06 20:00:00,1312.0,13.120,1312.0,1312.0,4,2026-09-06 20:45:00
14330000,Curicuriari,2026-09-06 20:00:00,1026.0,10.260,1026.0,1026.0,4,2026-09-06 20:45:00
14420000,Serrinha,2026-09-06 20:00:00,725.5,7.255,725.0,726.0,4,2026-09-06 20:45:00
14480002,Barcelos,2026-09-06 20:00:00,477.0,4.770,477.0,477.0,4,2026-09-06 20:45:00
14110000,Cucuí,2026-09-06 21:00:00,1676.0,16.760,1676.0,1676.0,4,2026-09-06 21:45:00
14280001,Taracuá,2026-09-06 21:00:00,1311.0,13.110,1311.0,1312.0,4,2026-09-06 21:45:00
14330000,Curicuriari,2026-09-06 21:00:00,1025.0,10.250,1025.0,1026.0,4,2026-09-06 21:45:00
14420000,Serrinha,2026-09-06 21:00:00,725.0,7.250,725.0,725.0,4,2026-09-06 21:45:00
14480002,Barcelos,2026-09-06 21:00:00,476.5,4.765,476.0,477.0,4,2026-09-06 21:45:00
14110000,Cucuí,2026-09-06 22:00:00,1675.0,16.750,1675.0,1676.0,4,2026-09-06 22:45:00
14280001,Taracuá,2026-09-06 22:00:00,1311.0,13.110,1311.0,1312.0,4,2026-09-06 22:45:00
14330000,Curicuriari,2026-09-06 22:00:00,1024.0,10.240,1024.0,1025.0,4,2026-09-06 22:45:00
14420000,Serrinha,2026-09-06 22:00:00,725.0,7.250,725.0,725.0,4,2026-09-06 22:45:00
14480002,Barcelos,2026-09-06 22:00:00,476.0,4.760,476.0,476.0,4,2026-09-06 22:45:00
14110000,Cucuí,2026-09-06 23:00:00,1674.5,16.745,1674.0,1675.0,4,2026-09-06 23:45:00
14280001,Taracuá,2026-09-06 23:00:00,1311.0,13.110,1311.0,1311.0,4,2026-09-06 23:45:00
14330000,Curicuriari,2026-09-06 23:00:00,1024.0,10.240,1023.0,1024.0,4,2026-09-06 23:45:00
14420000,Serrinha,2026-09-06 23:00:00,725.0,7.250,724.0,725.0,4,2026-09-06 23:45:00
14480002,Barcelos,2026-09-06 23:00:00,476.0,4.760,476.0,476.0,4,2026-09-06 23:45:00
14110000,Cucuí,2026-09-07 00:00:00,1673.5,16.735,1673.0,1674.0,4,2026-09-07 00:45:00
14280001,Taracuá,2026-09-07 00:00:00,1311.0,13.110,1311.0,1311.0,4,2026-09-07 00:45:00
14330000,Curicuriari,2026-09-07 00:00:00,1023.0,10.230,1023.0,1023.0,4,2026-09-07 00:45:00
14420000,Serrinha,2026-09-07 00:00:00,724.0,7.240,724.0,724.0,4,2026-09-07 00:45:00
14480002,Barcelos,2026-09-07 00:00:00,476.0,4.760,476.0,476.0,4,2026-09-07 00:45:00
14110000,Cucuí,2026-09-07 01:00:00,1673.0,16.730,1672.0,1673.0,4,2026-09-07 01:45:00
14280001,Taracuá,2026-09-07 01:00:00,1311.0,13.110,1311.0,1311.0,4,2026-09-07 01:45:00
14330000,Curicuriari,2026-09-07 01:00:00,1022.0,10.220,1022.0,1023.0,4,2026-09-07 01:45:00
14420000,Serrinha,2026-09-07 01:00:00,724.0,7.240,723.0,724.0,4,2026-09-07 01:45:00
14480002,Barcelos,2026-09-07 01:00:00,476.0,4.760,476.0,476.0,4,2026-09-07 01:45:00
14110000,Cucuí,2026-09-07 02:00:00,1672.0,16.720,1672.0,1672.0,4,2026-09-07 02:45:00
14280001,Taracuá,2026-09-07 02:00:00,1311.0,13.110,1310.0,1311.0,4,2026-09-07 02:45:00
14330000,Curicuriari,2026-09-07 02:00:00,1022.0,10.220,1021.0,1022.0,4,2026-09-07 02:45:00
14420000,Serrinha,2026-09-07 02:00:00,724.0,7.240,723.0,724.0,4,2026-09-07 02:45:00
14480002,Barcelos,2026-09-07 02:00:00,476.0,4.760,476.0,476.0,4,2026-09-07 02:45:00
14110000,Cucuí,2026-09-07 03:00:00,1671.0,16.710,1671.0,1671.0,4,2026-09-07 03:45:00
14280001,Taracuá,2026-09-07 03:00:00,1311.0,13.110,1310.0,1311.0,4,2026-09-07 03:45:00
14330000,Curicuriari,2026-09-07 03:00:00,1020.0,10.200,1020.0,1021.0,4,2026-09-07 03:45:00
14420000,Serrinha,2026-09-07 03:00:00,723.0,7.230,723.0,723.0,4,2026-09-07 03:45:00
14480002,Barcelos,2026-09-07 03:00:00,475.5,4.755,475.0,476.0,4,2026-09-07 03:45:00
14110000,Cucuí,2026-09-07 04:00:00,1670.0,16.700,1670.0,1671.0,4,2026-09-07 04:45:00
14280001,Taracuá,2026-09-07 04:00:00,1310.0,13.100,1310.0,1310.0,4,2026-09-07 04:45:00
14330000,Curicuriari,2026-09-07 04:00:00,1020.5,10.205,1020.0,1021.0,4,2026-09-07 04:45:00
14420000,Serrinha,2026-09-07 04:00:00,723.0,7.230,723.0,723.0,4,2026-09-07 04:45:00
14480002,Barcelos,2026-09-07 04:00:00,476.0,4.760,476.0,476.0,4,2026-09-07 04:45:00
14110000,Cucuí,2026-09-07 05:00:00,1669.5,16.695,1669.0,1670.0,4,2026-09-07 05:45:00
14280001,Taracuá,2026-09-07 05:00:00,1310.0,13.100,1310.0,1310.0,4,2026-09-07 05:45:00
14330000,Curicuriari,2026-09-07 05:00:00,1020.5,10.205,1020.0,1021.0,4,2026-09-07 05:45:00
14420000,Serrinha,2026-09-07 05:00:00,723.0,7.230,722.0,723.0,4,2026-09-07 05:45:00
14480002,Barcelos,2026-09-07 05:00:00,475.0,4.750,475.0,476.0,4,2026-09-07 05:45:00
14110000,Cucuí,2026-09-07 06:00:00,1669.0,16.690,1668.0,1669.0,4,2026-09-07 06:45:00
14280001,Taracuá,2026-09-07 06:00:00,1310.0,13.100,1310.0,1310.0,4,2026-09-07 06:45:00
14330000,Curicuriari,2026-09-07 06:00:00,1019.5,10.195,1019.0,1020.0,4,2026-09-07 06:45:00
14420000,Serrinha,2026-09-07 06:00:00,722.0,7.220,722.0,722.0,4,2026-09-07 06:45:00
14480002,Barcelos,2026-09-07 06:00:00,475.0,4.750,475.0,476.0,4,2026-09-07 06:45:00
14110000,Cucuí,2026-09-07 07:00:00,1668.0,16.680,1668.0,1668.0,4,2026-09-07 07:45:00
14280001,Taracuá,2026-09-07 07:00:00,1310.0,13.100,1310.0,1310.0,4,2026-09-07 07:45:00
14330000,Curicuriari,2026-09-07 07:00:00,1019.0,10.190,1019.0,1019.0,4,2026-09-07 07:45:00
14420000,Serrinha,2026-09-07 07:00:00,722.0,7.220,722.0,722.0,4,2026-09-07 07:45:00
14480002,Barcelos,2026-09-07 07:00:00,475.0,4.750,475.0,476.0,4,2026-09-07 07:45:00
14110000,Cucuí,2026-09-07 08:00:00,1667.0,16.670,1667.0,1667.0,4,2026-09-07 08:45:00
14280001,Taracuá,2026-09-07 08:00:00,1309.0,13.090,1309.0,1310.0,4,2026-09-07 08:45:00
14330000,Curicuriari,2026-09-07 08:00:00,1018.0,10.180,1018.0,1018.0,4,2026-09-07 08:45:00
14420000,Serrinha,2026-09-07 08:00:00,722.0,7.220,721.0,722.0,4,2026-09-07 08:45:00
14480002,Barcelos,2026-09-07 08:00:00,475.0,4.750,475.0,475.0,4,2026-09-07 08:45:00
14110000,Cucuí,2026-09-07 09:00:00,1666.0,16.660,1666.0,1667.0,4,2026-09-07 09:45:00
14280001,Taracuá,2026-09-07 09:00:00,1309.0,13.090,1309.0,1309.0,4,2026-09-07 09:45:00
14330000,Curicuriari,2026-09-07 09:00:00,1017.0,10.170,1017.0,1017.0,4,2026-09-07 09:45:00
14420000,Serrinha,2026-09-07 09:00:00,721.0,7.210,721.0,721.0,4,2026-09-07 09:45:00
14480002,Barcelos,2026-09-07 09:00:00,475.0,4.750,475.0,475.0,4,2026-09-07 09:45:00
14110000,Cucuí,2026-09-07 10:00:00,1665.0,16.650,1665.0,1666.0,4,2026-09-07 10:45:00
14280001,Taracuá,2026-09-07 10:00:00,1309.0,13.090,1309.0,1309.0,4,2026-09-07 10:45:00
14330000,Curicuriari,2026-09-07 10:00:00,1016.5,10.165,1016.0,1017.0,4,2026-09-07 10:45:00
14420000,Serrinha,2026-09-07 10:00:00,721.0,7.210,721.0,722.0,4,2026-09-07 10:45:00
14480002,Barcelos,2026-09-07 10:00:00,475.0,4.750,475.0,475.0,4,2026-09-07 10:45:00
14110000,Cucuí,2026-09-07 11:00:00,1664.5,16.645,1664.0,1665.0,4,2026-09-07 11:45:00
14280001,Taracuá,2026-09-07 11:00:00,1309.0,13.090,1309.0,1309.0,4,2026-09-07 11:45:00
14330000,Curicuriari,2026-09-07 11:00:00,1016.0,10.160,1016.0,1016.0,4,2026-09-07 11:45:00
14420000,Serrinha,2026-09-07 11:00:00,722.5,7.225,722.0,723.0,4,2026-09-07 11:45:00
14480002,Barcelos,2026-09-07 11:00:00,475.0,4.750,475.0,475.0,4,2026-09-07 11:45:00
14110000,Cucuí,2026-09-07 12:00:00,1664.0,16.640,1663.0,1664.0,4,2026-09-07 12:45:00
14280001,Taracuá,2026-09-07 12:00:00,1309.0,13.090,1309.0,1309.0,4,2026-09-07 12:45:00
14330000,Curicuriari,2026-09-07 12:00:00,1015.0,10.150,1015.0,1015.0,4,2026-09-07 12:45:00
14420000,Serrinha,2026-09-07 12:00:00,722.0,7.220,721.0,723.0,4,2026-09-07 12:45:00
14480002,Barcelos,2026-09-07 12:00:00,475.0,4.750,475.0,475.0,4,2026-09-07 12:45:00
14110000,Cucuí,2026-09-07 13:00:00,1663.0,16.630,1663.0,1663.0,4,2026-09-07 13:45:00
14280001,Taracuá,2026-09-07 13:00:00,1308.5,13.085,1308.0,1309.0,4,2026-09-07 13:45:00
14330000,Curicuriari,2026-09-07 13:00:00,1014.0,10.140,1014.0,1014.0,4,2026-09-07 13:45:00
14420000,Serrinha,2026-09-07 13:00:00,721.0,7.210,721.0,721.0,4,2026-09-07 13:45:00
14480002,Barcelos,2026-09-07 13:00:00,475.0,4.750,475.0,475.0,4,2026-09-07 13:45:00
14110000,Cucuí,2026-09-07 14:00:00,1662.0,16.620,1662.0,1662.0,4,2026-09-07 14:45:00
14280001,Taracuá,2026-09-07 14:00:00,1308.0,13.080,1308.0,1308.0,4,2026-09-07 14:45:00
14330000,Curicuriari,2026-09-07 14:00:00,1013.5,10.135,1013.0,1014.0,4,2026-09-07 14:45:00
14420000,Serrinha,2026-09-07 14:00:00,721.0,7.210,720.0,721.0,4,2026-09-07 14:45:00
14480002,Barcelos,2026-09-07 14:00:00,475.0,4.750,475.0,475.0,4,2026-09-07 14:45:00
14110000,Cucuí,2026-09-07 15:00:00,1661.5,16.615,1661.0,1662.0,4,2026-09-07 15:45:00
14280001,Taracuá,2026-09-07 15:00:00,1308.0,13.080,1308.0,1308.0,4,2026-09-07 15:45:00
14330000,Curicuriari,2026-09-07 15:00:00,1013.0,10.130,1012.0,1013.0,4,2026-09-07 15:45:00
14420000,Serrinha,2026-09-07 15:00:00,720.0,7.200,720.0,721.0,4,2026-09-07 15:45:00
14480002,Barcelos,2026-09-07 15:00:00,475.0,4.750,475.0,475.0,4,2026-09-07 15:45:00
14110000,Cucuí,2026-09-07 16:00:00,1661.5,16.615,1661.0,1662.0,4,2026-09-07 16:45:00
14280001,Taracuá,2026-09-07 16:00:00,1308.0,13.080,1307.0,1308.0,4,2026-09-07 16:45:00
14330000,Curicuriari,2026-09-07 16:00:00,1012.5,10.125,1012.0,1013.0,4,2026-09-07 16:45:00
14420000,Serrinha,2026-09-07 16:00:00,720.0,7.200,720.0,720.0,4,2026-09-07 16:45:00
14480002,Barcelos,2026-09-07 16:00:00,475.0,4.750,475.0,475.0,4,2026-09-07 16:45:00
14110000,Cucuí,2026-09-07 17:00:00,1661.5,16.615,1660.0,1662.0,4,2026-09-07 17:45:00
14280001,Taracuá,2026-09-07 17:00:00,1308.0,13.080,1308.0,1308.0,4,2026-09-07 17:45:00
14330000,Curicuriari,2026-09-07 17:00:00,1013.0,10.130,1012.0,1013.0,4,2026-09-07 17:45:00
14420000,Serrinha,2026-09-07 17:00:00,719.5,7.195,719.0,720.0,4,2026-09-07 17:45:00
14480002,Barcelos,2026-09-07 17:00:00,475.0,4.750,475.0,475.0,4,2026-09-07 17:45:00
14110000,Cucuí,2026-09-07 18:00:00,1660.0,16.600,1660.0,1661.0,4,2026-09-07 18:45:00
14280001,Taracuá,2026-09-07 18:00:00,1307.0,13.070,1307.0,1307.0,4,2026-09-07 18:45:00
14330000,Curicuriari,2026-09-07 18:00:00,1012.0,10.120,1012.0,1012.0,4,2026-09-07 18:45:00
14420000,Serrinha,2026-09-07 18:00:00,719.0,7.190,719.0,719.0,4,2026-09-07 18:45:00
14480002,Barcelos,2026-09-07 18:00:00,474.5,4.745,474.0,475.0,4,2026-09-07 18:45:00
14110000,Cucuí,2026-09-07 19:00:00,1659.0,16.590,1659.0,1660.0,4,2026-09-07 19:45:00
14280001,Taracuá,2026-09-07 19:00:00,1307.0,13.070,1307.0,1307.0,4,2026-09-07 19:45:00
14330000,Curicuriari,2026-09-07 19:00:00,1011.0,10.110,1011.0,1011.0,4,2026-09-07 19:45:00
14420000,Serrinha,2026-09-07 19:00:00,719.0,7.190,718.0,719.0,4,2026-09-07 19:45:00
14480002,Barcelos,2026-09-07 19:00:00,474.0,4.740,474.0,474.0,4,2026-09-07 19:45:00
14110000,Cucuí,2026-09-07 20:00:00,1658.5,16.585,1658.0,1659.0,4,2026-09-07 20:45:00
14280001,Taracuá,2026-09-07 20:00:00,1307.0,13.070,1307.0,1307.0,4,2026-09-07 20:45:00
14330000,Curicuriari,2026-09-07 20:00:00,1010.5,10.105,1010.0,1011.0,4,2026-09-07 20:45:00
14420000,Serrinha,2026-09-07 20:00:00,718.0,7.180,718.0,718.0,4,2026-09-07 20:45:00
14480002,Barcelos,2026-09-07 20:00:00,474.0,4.740,474.0,474.0,4,2026-09-07 20:45:00
14110000,Cucuí,2026-09-07 21:00:00,1658.0,16.580,1658.0,1658.0,4,2026-09-07 21:45:00
14280001,Taracuá,2026-09-07 21:00:00,1307.0,13.070,1307.0,1307.0,4,2026-09-07 21:45:00
14330000,Curicuriari,2026-09-07 21:00:00,1010.0,10.100,1010.0,1010.0,4,2026-09-07 21:45:00
14420000,Serrinha,2026-09-07 21:00:00,718.0,7.180,718.0,718.0,4,2026-09-07 21:45:00
14480002,Barcelos,2026-09-07 21:00:00,474.0,4.740,474.0,474.0,4,2026-09-07 21:45:00
14110000,Cucuí,2026-09-07 22:00:00,1657.0,16.570,1657.0,1657.0,4,2026-09-07 22:45:00
14280001,Taracuá,2026-09-07 22:00:00,1306.0,13.060,1306.0,1307.0,4,2026-09-07 22:45:00
14330000,Curicuriari,2026-09-07 22:00:00,1009.0,10.090,1009.0,1009.0,4,2026-09-07 22:45:00
14420000,Serrinha,2026-09-07 22:00:00,717.0,7.170,717.0,718.0,4,2026-09-07 22:45:00
14480002,Barcelos,2026-09-07 22:00:00,474.0,4.740,474.0,474.0,4,2026-09-07 22:45:00
14110000,Cucuí,2026-09-07 23:00:00,1656.0,16.560,1656.0,1657.0,4,2026-09-07 23:45:00
14280001,Taracuá,2026-09-07 23:00:00,1306.0,13.060,1306.0,1306.0,4,2026-09-07 23:45:00
14330000,Curicuriari,2026-09-07 23:00:00,1009.0,10.090,1008.0,1009.0,4,2026-09-07 23:45:00
14420000,Serrinha,2026-09-07 23:00:00,717.0,7.170,717.0,717.0,4,2026-09-07 23:45:00
14480002,Barcelos,2026-09-07 23:00:00,474.0,4.740,473.0,474.0,4,2026-09-07 23:45:00
14110000,Cucuí,2026-09-08 00:00:00,1655.5,16.555,1655.0,1656.0,4,2026-09-08 00:45:00
14280001,Taracuá,2026-09-08 00:00:00,1306.0,13.060,1306.0,1306.0,4,2026-09-08 00:45:00
14330000,Curicuriari,2026-09-08 00:00:00,1008.0,10.080,1008.0,1008.0,4,2026-09-08 00:45:00
14420000,Serrinha,2026-09-08 00:00:00,717.0,7.170,717.0,717.0,4,2026-09-08 00:45:00
14480002,Barcelos,2026-09-08 00:00:00,473.5,4.735,473.0,474.0,4,2026-09-08 00:45:00
14110000,Cucuí,2026-09-08 01:00:00,1655.0,16.550,1654.0,1655.0,4,2026-09-08 01:45:00
14280001,Taracuá,2026-09-08 01:00:00,1306.0,13.060,1306.0,1306.0,4,2026-09-08 01:45:00
14330000,Curicuriari,2026-09-08 01:00:00,1007.0,10.070,1007.0,1008.0,4,2026-09-08 01:45:00
14420000,Serrinha,2026-09-08 01:00:00,716.0,7.160,716.0,717.0,4,2026-09-08 01:45:00
14480002,Barcelos,2026-09-08 01:00:00,473.0,4.730,473.0,473.0,4,2026-09-08 01:45:00
14110000,Cucuí,2026-09-08 02:00:00,1654.0,16.540,1654.0,1654.0,4,2026-09-08 02:45:00
14280001,Taracuá,2026-09-08 02:00:00,1305.5,13.055,1305.0,1306.0,4,2026-09-08 02:45:00
14330000,Curicuriari,2026-09-08 02:00:00,1007.0,10.070,1007.0,1007.0,4,2026-09-08 02:45:00
14420000,Serrinha,2026-09-08 02:00:00,716.0,7.160,716.0,716.0,4,2026-09-08 02:45:00
14480002,Barcelos,2026-09-08 02:00:00,473.0,4.730,473.0,473.0,4,2026-09-08 02:45:00
14110000,Cucuí,2026-09-08 03:00:00,1653.0,16.530,1653.0,1653.0,4,2026-09-08 03:45:00
14280001,Taracuá,2026-09-08 03:00:00,1305.0,13.050,1305.0,1305.0,4,2026-09-08 03:45:00
14330000,Curicuriari,2026-09-08 03:00:00,1006.0,10.060,1006.0,1006.0,4,2026-09-08 03:45:00
14420000,Serrinha,2026-09-08 03:00:00,716.0,7.160,715.0,716.0,4,2026-09-08 03:45:00
14480002,Barcelos,2026-09-08 03:00:00,473.0,4.730,473.0,473.0,4,2026-09-08 03:45:00
14110000,Cucuí,2026-09-08 04:00:00,1652.0,16.520,1652.0,1653.0,4,2026-09-08 04:45:00
14280001,Taracuá,2026-09-08 04:00:00,1305.0,13.050,1305.0,1305.0,4,2026-09-08 04:45:00
14330000,Curicuriari,2026-09-08 04:00:00,1005.5,10.055,1005.0,1006.0,4,2026-09-08 04:45:00
14420000,Serrinha,2026-09-08 04:00:00,715.0,7.150,715.0,715.0,4,2026-09-08 04:45:00
14480002,Barcelos,2026-09-08 04:00:00,473.0,4.730,473.0,474.0,4,2026-09-08 04:45:00
14110000,Cucuí,2026-09-08 05:00:00,1652.0,16.520,1651.0,1652.0,4,2026-09-08 05:45:00
14280001,Taracuá,2026-09-08 05:00:00,1305.0,13.050,1304.0,1305.0,4,2026-09-08 05:45:00
14330000,Curicuriari,2026-09-08 05:00:00,1005.0,10.050,1005.0,1005.0,4,2026-09-08 05:45:00
14420000,Serrinha,2026-09-08 05:00:00,714.5,7.145,714.0,715.0,4,2026-09-08 05:45:00
14480002,Barcelos,2026-09-08 05:00:00,473.0,4.730,473.0,473.0,4,2026-09-08 05:45:00
14110000,Cucuí,2026-09-08 06:00:00,1651.0,16.510,1651.0,1651.0,4,2026-09-08 06:45:00
14280001,Taracuá,2026-09-08 06:00:00,1304.0,13.040,1304.0,1305.0,4,2026-09-08 06:45:00
14330000,Curicuriari,2026-09-08 06:00:00,1004.0,10.040,1004.0,1004.0,4,2026-09-08 06:45:00
14420000,Serrinha,2026-09-08 06:00:00,714.0,7.140,714.0,714.0,4,2026-09-08 06:45:00
14480002,Barcelos,2026-09-08 06:00:00,473.0,4.730,473.0,473.0,4,2026-09-08 06:45:00
14110000,Cucuí,2026-09-08 07:00:00,1650.0,16.500,1650.0,1651.0,4,2026-09-08 07:45:00
14280001,Taracuá,2026-09-08 07:00:00,1304.0,13.040,1304.0,1304.0,4,2026-09-08 07:45:00
14330000,Curicuriari,2026-09-08 07:00:00,1003.5,10.035,1003.0,1004.0,4,2026-09-08 07:45:00
14420000,Serrinha,2026-09-08 07:00:00,714.0,7.140,714.0,715.0,4,2026-09-08 07:45:00
14480002,Barcelos,2026-09-08 07:00:00,473.0,4.730,473.0,473.0,4,2026-09-08 07:45:00
14110000,Cucuí,2026-09-08 08:00:00,1649.5,16.495,1649.0,1650.0,4,2026-09-08 08:45:00
14280001,Taracuá,2026-09-08 08:00:00,1304.0,13.040,1304.0,1304.0,4,2026-09-08 08:45:00
14330000,Curicuriari,2026-09-08 08:00:00,1003.0,10.030,1003.0,1003.0,4,2026-09-08 08:45:00
14420000,Serrinha,2026-09-08 08:00:00,714.0,7.140,714.0,714.0,4,2026-09-08 08:45:00
14480002,Barcelos,2026-09-08 08:00:00,473.0,4.730,473.0,473.0,4,2026-09-08 08:45:00
14110000,Cucuí,2026-09-08 09:00:00,1649.0,16.490,1648.0,1649.0,4,2026-09-08 09:45:00
14280001,Taracuá,2026-09-08 09:00:00,1303.5,13.035,1303.0,1304.0,4,2026-09-08 09:45:00
14330000,Curicuriari,2026-09-08 09:00:00,1002.0,10.020,1002.0,1002.0,4,2026-09-08 09:45:00
14420000,Serrinha,2026-09-08 09:00:00,714.0,7.140,713.0,714.0,4,2026-09-08 09:45:00
14480002,Barcelos,2026-09-08 09:00:00,473.0,4.730,473.0,473.0,4,2026-09-08 09:45:00
14110000,Cucuí,2026-09-08 10:00:00,1648.0,16.480,1648.0,1648.0,4,2026-09-08 10:45:00
14280001,Taracuá,2026-09-08 10:00:00,1303.0,13.030,1303.0,1303.0,4,2026-09-08 10:45:00
14330000,Curicuriari,2026-09-08 10:00:00,1002.0,10.020,1002.0,1002.0,4,2026-09-08 10:45:00
14420000,Serrinha,2026-09-08 10:00:00,714.0,7.140,714.0,716.0,4,2026-09-08 10:45:00
14480002,Barcelos,2026-09-08 10:00:00,473.0,4.730,473.0,473.0,4,2026-09-08 10:45:00
14110000,Cucuí,2026-09-08 11:00:00,1647.0,16.470,1647.0,1647.0,4,2026-09-08 11:45:00
14280001,Taracuá,2026-09-08 11:00:00,1303.0,13.030,1302.0,1303.0,4,2026-09-08 11:45:00
14330000,Curicuriari,2026-09-08 11:00:00,1001.0,10.010,1001.0,1001.0,4,2026-09-08 11:45:00
14420000,Serrinha,2026-09-08 11:00:00,714.0,7.140,714.0,714.0,4,2026-09-08 11:45:00
14480002,Barcelos,2026-09-08 11:00:00,473.0,4.730,473.0,473.0,4,2026-09-08 11:45:00
14110000,Cucuí,2026-09-08 12:00:00,1646.0,16.460,1646.0,1647.0,4,2026-09-08 12:45:00
14280001,Taracuá,2026-09-08 12:00:00,1302.0,13.020,1302.0,1303.0,4,2026-09-08 12:45:00
14330000,Curicuriari,2026-09-08 12:00:00,1000.5,10.005,1000.0,1001.0,4,2026-09-08 12:45:00
14420000,Serrinha,2026-09-08 12:00:00,713.0,7.130,713.0,713.0,4,2026-09-08 12:45:00
14480002,Barcelos,2026-09-08 12:00:00,473.0,4.730,472.0,473.0,4,2026-09-08 12:45:00
14110000,Cucuí,2026-09-08 13:00:00,1645.5,16.455,1645.0,1646.0,4,2026-09-08 13:45:00
14280001,Taracuá,2026-09-08 13:00:00,1302.0,13.020,1302.0,1302.0,4,2026-09-08 13:45:00
14330000,Curicuriari,2026-09-08 13:00:00,1000.0,10.000,1000.0,1000.0,4,2026-09-08 13:45:00
14420000,Serrinha,2026-09-08 13:00:00,713.0,7.130,713.0,715.0,4,2026-09-08 13:45:00
14480002,Barcelos,2026-09-08 13:00:00,472.0,4.720,472.0,472.0,4,2026-09-08 13:45:00
14110000,Cucuí,2026-09-08 14:00:00,1645.0,16.450,1644.0,1645.0,4,2026-09-08 14:45:00
14280001,Taracuá,2026-09-08 14:00:00,1301.0,13.010,1301.0,1302.0,4,2026-09-08 14:45:00
14330000,Curicuriari,2026-09-08 14:00:00,999.0,9.990,999.0,1000.0,4,2026-09-08 14:45:00
14420000,Serrinha,2026-09-08 14:00:00,712.0,7.120,712.0,712.0,4,2026-09-08 14:45:00
14480002,Barcelos,2026-09-08 14:00:00,472.5,4.725,472.0,473.0,4,2026-09-08 14:45:00
14110000,Cucuí,2026-09-08 15:00:00,1644.0,16.440,1644.0,1644.0,4,2026-09-08 15:45:00
14280001,Taracuá,2026-09-08 15:00:00,1301.0,13.010,1301.0,1301.0,4,2026-09-08 15:45:00
14330000,Curicuriari,2026-09-08 15:00:00,999.0,9.990,999.0,999.0,4,2026-09-08 15:45:00
14420000,Serrinha,2026-09-08 15:00:00,712.0,7.120,711.0,712.0,4,2026-09-08 15:45:00
14480002,Barcelos,2026-09-08 15:00:00,474.0,4.740,474.0,475.0,4,2026-09-08 15:45:00
14110000,Cucuí,2026-09-08 16:00:00,1643.0,16.430,1643.0,1643.0,4,2026-09-08 16:45:00
14280001,Taracuá,2026-09-08 16:00:00,1301.0,13.010,1301.0,1302.0,4,2026-09-08 16:45:00
14330000,Curicuriari,2026-09-08 16:00:00,999.0,9.990,998.0,999.0,4,2026-09-08 16:45:00
14420000,Serrinha,2026-09-08 16:00:00,711.0,7.110,711.0,711.0,4,2026-09-08 16:45:00
14480002,Barcelos,2026-09-08 16:00:00,473.0,4.730,473.0,473.0,4,2026-09-08 16:45:00
14110000,Cucuí,2026-09-08 17:00:00,1642.5,16.425,1642.0,1643.0,4,2026-09-08 17:45:00
14280001,Taracuá,2026-09-08 17:00:00,1300.0,13.000,1300.0,1300.0,4,2026-09-08 17:45:00
14330000,Curicuriari,2026-09-08 17:00:00,998.0,9.980,998.0,998.0,4,2026-09-08 17:45:00
14420000,Serrinha,2026-09-08 17:00:00,711.0,7.110,711.0,711.0,4,2026-09-08 17:45:00
14480002,Barcelos,2026-09-08 17:00:00,473.0,4.730,473.0,473.0,4,2026-09-08 17:45:00
14110000,Cucuí,2026-09-08 18:00:00,1641.5,16.415,1641.0,1642.0,4,2026-09-08 18:45:00
14280001,Taracuá,2026-09-08 18:00:00,1300.0,13.000,1300.0,1300.0,4,2026-09-08 18:45:00
14330000,Curicuriari,2026-09-08 18:00:00,998.0,9.980,998.0,998.0,4,2026-09-08 18:45:00
14420000,Serrinha,2026-09-08 18:00:00,710.5,7.105,710.0,711.0,4,2026-09-08 18:45:00
14480002,Barcelos,2026-09-08 18:00:00,473.0,4.730,473.0,473.0,4,2026-09-08 18:45:00
14110000,Cucuí,2026-09-08 19:00:00,1641.0,16.410,1641.0,1641.0,4,2026-09-08 19:45:00
14280001,Taracuá,2026-09-08 19:00:00,1300.0,13.000,1300.0,1300.0,4,2026-09-08 19:45:00
14330000,Curicuriari,2026-09-08 19:00:00,997.0,9.970,997.0,997.0,4,2026-09-08 19:45:00
14420000,Serrinha,2026-09-08 19:00:00,710.0,7.100,710.0,710.0,4,2026-09-08 19:45:00
14480002,Barcelos,2026-09-08 19:00:00,473.0,4.730,473.0,473.0,4,2026-09-08 19:45:00
14110000,Cucuí,2026-09-08 20:00:00,1640.0,16.400,1640.0,1640.0,4,2026-09-08 20:45:00
14280001,Taracuá,2026-09-08 20:00:00,1299.5,12.995,1299.0,1300.0,4,2026-09-08 20:45:00
14330000,Curicuriari,2026-09-08 20:00:00,996.5,9.965,996.0,997.0,4,2026-09-08 20:45:00
14420000,Serrinha,2026-09-08 20:00:00,710.0,7.100,709.0,710.0,4,2026-09-08 20:45:00
14480002,Barcelos,2026-09-08 20:00:00,472.0,4.720,472.0,473.0,4,2026-09-08 20:45:00
14110000,Cucuí,2026-09-08 21:00:00,1639.0,16.390,1639.0,1640.0,4,2026-09-08 21:45:00
14280001,Taracuá,2026-09-08 21:00:00,1299.0,12.990,1299.0,1299.0,4,2026-09-08 21:45:00
14330000,Curicuriari,2026-09-08 21:00:00,996.0,9.960,996.0,996.0,4,2026-09-08 21:45:00
14420000,Serrinha,2026-09-08 21:00:00,709.0,7.090,709.0,710.0,4,2026-09-08 21:45:00
14480002,Barcelos,2026-09-08 21:00:00,472.0,4.720,472.0,473.0,4,2026-09-08 21:45:00
14110000,Cucuí,2026-09-08 22:00:00,1638.5,16.385,1638.0,1639.0,4,2026-09-08 22:45:00
14280001,Taracuá,2026-09-08 22:00:00,1299.0,12.990,1298.0,1299.0,4,2026-09-08 22:45:00
14330000,Curicuriari,2026-09-08 22:00:00,995.5,9.955,995.0,996.0,4,2026-09-08 22:45:00
14420000,Serrinha,2026-09-08 22:00:00,709.0,7.090,709.0,709.0,4,2026-09-08 22:45:00
14480002,Barcelos,2026-09-08 22:00:00,472.0,4.720,472.0,472.0,4,2026-09-08 22:45:00
14110000,Cucuí,2026-09-08 23:00:00,1638.0,16.380,1638.0,1638.0,4,2026-09-08 23:45:00
14280001,Taracuá,2026-09-08 23:00:00,1298.0,12.980,1298.0,1298.0,4,2026-09-08 23:45:00
14330000,Curicuriari,2026-09-08 23:00:00,995.0,9.950,995.0,995.0,4,2026-09-08 23:45:00
14420000,Serrinha,2026-09-08 23:00:00,709.0,7.090,708.0,709.0,4,2026-09-08 23:45:00
14480002,Barcelos,2026-09-08 23:00:00,472.0,4.720,472.0,472.0,4,2026-09-08 23:45:00
14110000,Cucuí,2026-09-09 00:00:00,1637.0,16.370,1637.0,1637.0,4,2026-09-09 00:45:00
14280001,Taracuá,2026-09-09 00:00:00,1298.0,12.980,1298.0,1298.0,4,2026-09-09 00:45:00
14330000,Curicuriari,2026-09-09 00:00:00,995.0,9.950,994.0,995.0,4,2026-09-09 00:45:00
14420000,Serrinha,2026-09-09 00:00:00,708.0,7.080,708.0,708.0,4,2026-09-09 00:45:00
14480002,Barcelos,2026-09-09 00:00:00,472.0,4.720,471.0,472.0,4,2026-09-09 00:45:00
14110000,Cucuí,2026-09-09 01:00:00,1636.0,16.360,1636.0,1636.0,4,2026-09-09 01:45:00
14280001,Taracuá,2026-09-09 01:00:00,1297.0,12.970,1297.0,1297.0,4,2026-09-09 01:45:00
14330000,Curicuriari,2026-09-09 01:00:00,994.0,9.940,994.0,994.0,4,2026-09-09 01:45:00
14420000,Serrinha,2026-09-09 01:00:00,708.0,7.080,708.0,708.0,4,2026-09-09 01:45:00
14480002,Barcelos,2026-09-09 01:00:00,472.0,4.720,471.0,472.0,4,2026-09-09 01:45:00
14110000,Cucuí,2026-09-09 02:00:00,1635.5,16.355,1635.0,1636.0,4,2026-09-09 02:45:00
14280001,Taracuá,2026-09-09 02:00:00,1297.0,12.970,1297.0,1297.0,4,2026-09-09 02:45:00
14330000,Curicuriari,2026-09-09 02:00:00,993.0,9.930,993.0,994.0,4,2026-09-09 02:45:00
14420000,Serrinha,2026-09-09 02:00:00,707.0,7.070,707.0,708.0,4,2026-09-09 02:45:00
14480002,Barcelos,2026-09-09 02:00:00,471.5,4.715,471.0,472.0,4,2026-09-09 02:45:00
14110000,Cucuí,2026-09-09 03:00:00,1635.0,16.350,1635.0,1635.0,4,2026-09-09 03:45:00
14280001,Taracuá,2026-09-09 03:00:00,1296.0,12.960,1296.0,1297.0,4,2026-09-09 03:45:00
14330000,Curicuriari,2026-09-09 03:00:00,993.0,9.930,992.0,993.0,4,2026-09-09 03:45:00
14420000,Serrinha,2026-09-09 03:00:00,707.0,7.070,707.0,707.0,4,2026-09-09 03:45:00
14480002,Barcelos,2026-09-09 03:00:00,471.0,4.710,471.0,471.0,4,2026-09-09 03:45:00
14110000,Cucuí,2026-09-09 04:00:00,1634.0,16.340,1634.0,1634.0,4,2026-09-09 04:45:00
14280001,Taracuá,2026-09-09 04:00:00,1296.0,12.960,1296.0,1296.0,4,2026-09-09 04:45:00
14330000,Curicuriari,2026-09-09 04:00:00,992.0,9.920,992.0,992.0,4,2026-09-09 04:45:00
14420000,Serrinha,2026-09-09 04:00:00,707.0,7.070,706.0,707.0,4,2026-09-09 04:45:00
14480002,Barcelos,2026-09-09 04:00:00,471.0,4.710,471.0,471.0,4,2026-09-09 04:45:00
14110000,Cucuí,2026-09-09 05:00:00,1633.0,16.330,1633.0,1634.0,4,2026-09-09 05:45:00
14280001,Taracuá,2026-09-09 05:00:00,1295.5,12.955,1295.0,1296.0,4,2026-09-09 05:45:00
14330000,Curicuriari,2026-09-09 05:00:00,991.5,9.915,991.0,992.0,4,2026-09-09 05:45:00
14420000,Serrinha,2026-09-09 05:00:00,706.0,7.060,706.0,706.0,4,2026-09-09 05:45:00
14480002,Barcelos,2026-09-09 05:00:00,471.0,4.710,471.0,471.0,4,2026-09-09 05:45:00
14110000,Cucuí,2026-09-09 06:00:00,1633.0,16.330,1632.0,1633.0,4,2026-09-09 06:45:00
14280001,Taracuá,2026-09-09 06:00:00,1295.0,12.950,1295.0,1295.0,4,2026-09-09 06:45:00
14330000,Curicuriari,2026-09-09 06:00:00,991.0,9.910,991.0,991.0,4,2026-09-09 06:45:00
14420000,Serrinha,2026-09-09 06:00:00,706.0,7.060,705.0,706.0,4,2026-09-09 06:45:00
14480002,Barcelos,2026-09-09 06:00:00,471.0,4.710,470.0,471.0,4,2026-09-09 06:45:00
14110000,Cucuí,2026-09-09 07:00:00,1632.0,16.320,1632.0,1632.0,4,2026-09-09 07:45:00
14280001,Taracuá,2026-09-09 07:00:00,1295.0,12.950,1294.0,1295.0,4,2026-09-09 07:45:00
14330000,Curicuriari,2026-09-09 07:00:00,990.0,9.900,990.0,991.0,4,2026-09-09 07:45:00
14420000,Serrinha,2026-09-09 07:00:00,705.0,7.050,705.0,706.0,4,2026-09-09 07:45:00
14480002,Barcelos,2026-09-09 07:00:00,470.0,4.700,470.0,471.0,4,2026-09-09 07:45:00
14110000,Cucuí,2026-09-09 08:00:00,1631.0,16.310,1631.0,1631.0,4,2026-09-09 08:45:00
14280001,Taracuá,2026-09-09 08:00:00,1294.0,12.940,1294.0,1294.0,4,2026-09-09 08:45:00
14330000,Curicuriari,2026-09-09 08:00:00,990.0,9.900,989.0,990.0,4,2026-09-09 08:45:00
14420000,Serrinha,2026-09-09 08:00:00,705.0,7.050,705.0,705.0,4,2026-09-09 08:45:00
14480002,Barcelos,2026-09-09 08:00:00,470.0,4.700,470.0,470.0,4,2026-09-09 08:45:00
14110000,Cucuí,2026-09-09 09:00:00,1630.0,16.300,1630.0,1631.0,4,2026-09-09 09:45:00
14280001,Taracuá,2026-09-09 09:00:00,1293.5,12.935,1293.0,1294.0,4,2026-09-09 09:45:00
14330000,Curicuriari,2026-09-09 09:00:00,989.0,9.890,989.0,989.0,4,2026-09-09 09:45:00
14420000,Serrinha,2026-09-09 09:00:00,704.0,7.040,704.0,704.0,4,2026-09-09 09:45:00
14480002,Barcelos,2026-09-09 09:00:00,470.0,4.700,470.0,470.0,4,2026-09-09 09:45:00
14110000,Cucuí,2026-09-09 10:00:00,1629.5,16.295,1629.0,1630.0,4,2026-09-09 10:45:00
14280001,Taracuá,2026-09-09 10:00:00,1293.0,12.930,1293.0,1293.0,4,2026-09-09 10:45:00
14330000,Curicuriari,2026-09-09 10:00:00,989.0,9.890,988.0,989.0,4,2026-09-09 10:45:00
14420000,Serrinha,2026-09-09 10:00:00,704.0,7.040,704.0,704.0,4,2026-09-09 10:45:00
14480002,Barcelos,2026-09-09 10:00:00,470.0,4.700,470.0,470.0,4,2026-09-09 10:45:00
14110000,Cucuí,2026-09-09 11:00:00,1629.0,16.290,1629.0,1629.0,4,2026-09-09 11:45:00
14280001,Taracuá,2026-09-09 11:00:00,1293.0,12.930,1292.0,1293.0,4,2026-09-09 11:45:00
14330000,Curicuriari,2026-09-09 11:00:00,988.0,9.880,988.0,988.0,4,2026-09-09 11:45:00
14420000,Serrinha,2026-09-09 11:00:00,703.0,7.030,703.0,704.0,4,2026-09-09 11:45:00
14480002,Barcelos,2026-09-09 11:00:00,470.0,4.700,470.0,470.0,4,2026-09-09 11:45:00
14110000,Cucuí,2026-09-09 12:00:00,1628.0,16.280,1628.0,1628.0,4,2026-09-09 12:45:00
14280001,Taracuá,2026-09-09 12:00:00,1292.0,12.920,1292.0,1292.0,4,2026-09-09 12:45:00
14330000,Curicuriari,2026-09-09 12:00:00,987.0,9.870,987.0,988.0,4,2026-09-09 12:45:00
14420000,Serrinha,2026-09-09 12:00:00,703.0,7.030,703.0,703.0,4,2026-09-09 12:45:00
14480002,Barcelos,2026-09-09 12:00:00,470.0,4.700,470.0,470.0,4,2026-09-09 12:45:00
14110000,Cucuí,2026-09-09 13:00:00,1627.0,16.270,1627.0,1628.0,4,2026-09-09 13:45:00
14280001,Taracuá,2026-09-09 13:00:00,1292.0,12.920,1291.0,1292.0,4,2026-09-09 13:45:00
14330000,Curicuriari,2026-09-09 13:00:00,987.0,9.870,986.0,987.0,4,2026-09-09 13:45:00
14420000,Serrinha,2026-09-09 13:00:00,703.0,7.030,703.0,703.0,4,2026-09-09 13:45:00
14480002,Barcelos,2026-09-09 13:00:00,469.5,4.695,469.0,471.0,4,2026-09-09 13:45:00
14110000,Cucuí,2026-09-09 14:00:00,1627.0,16.270,1626.0,1627.0,4,2026-09-09 14:45:00
14280001,Taracuá,2026-09-09 14:00:00,1291.0,12.910,1291.0,1291.0,4,2026-09-09 14:45:00
14330000,Curicuriari,2026-09-09 14:00:00,986.0,9.860,986.0,986.0,4,2026-09-09 14:45:00
14420000,Serrinha,2026-09-09 14:00:00,702.0,7.020,702.0,702.0,4,2026-09-09 14:45:00
14480002,Barcelos,2026-09-09 14:00:00,470.0,4.700,469.0,470.0,4,2026-09-09 14:45:00
14110000,Cucuí,2026-09-09 15:00:00,1626.0,16.260,1626.0,1626.0,4,2026-09-09 15:45:00
14280001,Taracuá,2026-09-09 15:00:00,1291.0,12.910,1290.0,1291.0,4,2026-09-09 15:45:00
14330000,Curicuriari,2026-09-09 15:00:00,986.0,9.860,986.0,986.0,4,2026-09-09 15:45:00
14420000,Serrinha,2026-09-09 15:00:00,702.0,7.020,702.0,702.0,4,2026-09-09 15:45:00
14480002,Barcelos,2026-09-09 15:00:00,469.0,4.690,469.0,469.0,4,2026-09-09 15:45:00
14110000,Cucuí,2026-09-09 16:00:00,1625.0,16.250,1625.0,1626.0,4,2026-09-09 16:45:00
14280001,Taracuá,2026-09-09 16:00:00,1290.0,12.900,1290.0,1290.0,4,2026-09-09 16:45:00
14330000,Curicuriari,2026-09-09 16:00:00,985.0,9.850,985.0,985.0,4,2026-09-09 16:45:00
14420000,Serrinha,2026-09-09 16:00:00,702.0,7.020,701.0,702.0,4,2026-09-09 16:45:00
14480002,Barcelos,2026-09-09 16:00:00,469.0,4.690,469.0,469.0,4,2026-09-09 16:45:00
14110000,Cucuí,2026-09-09 17:00:00,1625.0,16.250,1624.0,1625.0,4,2026-09-09 17:45:00
14280001,Taracuá,2026-09-09 17:00:00,1290.0,12.900,1290.0,1290.0,4,2026-09-09 17:45:00
14330000,Curicuriari,2026-09-09 17:00:00,985.0,9.850,984.0,985.0,4,2026-09-09 17:45:00
14420000,Serrinha,2026-09-09 17:00:00,701.0,7.010,701.0,701.0,4,2026-09-09 17:45:00
14480002,Barcelos,2026-09-09 17:00:00,469.0,4.690,469.0,469.0,4,2026-09-09 17:45:00
14110000,Cucuí,2026-09-09 18:00:00,1624.0,16.240,1624.0,1624.0,4,2026-09-09 18:45:00
14280001,Taracuá,2026-09-09 18:00:00,1289.0,12.890,1289.0,1289.0,4,2026-09-09 18:45:00
14330000,Curicuriari,2026-09-09 18:00:00,984.0,9.840,984.0,984.0,4,2026-09-09 18:45:00
14420000,Serrinha,2026-09-09 18:00:00,701.0,7.010,701.0,701.0,4,2026-09-09 18:45:00
14480002,Barcelos,2026-09-09 18:00:00,469.0,4.690,469.0,469.0,4,2026-09-09 18:45:00
14110000,Cucuí,2026-09-09 19:00:00,1623.5,16.235,1623.0,1624.0,4,2026-09-09 19:45:00
14280001,Taracuá,2026-09-09 19:00:00,1289.0,12.890,1289.0,1289.0,4,2026-09-09 19:45:00
14330000,Curicuriari,2026-09-09 19:00:00,983.0,9.830,983.0,984.0,4,2026-09-09 19:45:00
14420000,Serrinha,2026-09-09 19:00:00,700.0,7.000,700.0,700.0,4,2026-09-09 19:45:00
14480002,Barcelos,2026-09-09 19:00:00,469.0,4.690,469.0,469.0,4,2026-09-09 19:45:00
14110000,Cucuí,2026-09-09 20:00:00,1622.5,16.225,1622.0,1623.0,4,2026-09-09 20:45:00
14280001,Taracuá,2026-09-09 20:00:00,1288.0,12.880,1288.0,1289.0,4,2026-09-09 20:45:00
14330000,Curicuriari,2026-09-09 20:00:00,983.0,9.830,982.0,983.0,4,2026-09-09 20:45:00
14420000,Serrinha,2026-09-09 20:00:00,700.0,7.000,700.0,700.0,4,2026-09-09 20:45:00
14480002,Barcelos,2026-09-09 20:00:00,469.0,4.690,468.0,469.0,4,2026-09-09 20:45:00
14110000,Cucuí,2026-09-09 21:00:00,1622.0,16.220,1622.0,1622.0,4,2026-09-09 21:45:00
14280001,Taracuá,2026-09-09 21:00:00,1288.0,12.880,1288.0,1288.0,4,2026-09-09 21:45:00
14330000,Curicuriari,2026-09-09 21:00:00,982.0,9.820,982.0,982.0,4,2026-09-09 21:45:00
14420000,Serrinha,2026-09-09 21:00:00,699.0,6.990,699.0,700.0,4,2026-09-09 21:45:00
14480002,Barcelos,2026-09-09 21:00:00,468.0,4.680,468.0,469.0,4,2026-09-09 21:45:00
14110000,Cucuí,2026-09-09 22:00:00,1621.0,16.210,1621.0,1622.0,4,2026-09-09 22:45:00
14280001,Taracuá,2026-09-09 22:00:00,1287.5,12.875,1287.0,1288.0,4,2026-09-09 22:45:00
14330000,Curicuriari,2026-09-09 22:00:00,981.0,9.810,981.0,982.0,4,2026-09-09 22:45:00
14420000,Serrinha,2026-09-09 22:00:00,699.0,6.990,699.0,699.0,4,2026-09-09 22:45:00
14480002,Barcelos,2026-09-09 22:00:00,468.0,4.680,468.0,468.0,4,2026-09-09 22:45:00
14110000,Cucuí,2026-09-09 23:00:00,1621.0,16.210,1620.0,1621.0,4,2026-09-09 23:45:00
14280001,Taracuá,2026-09-09 23:00:00,1287.0,12.870,1287.0,1287.0,4,2026-09-09 23:45:00
14330000,Curicuriari,2026-09-09 23:00:00,980.5,9.805,980.0,981.0,4,2026-09-09 23:45:00
14420000,Serrinha,2026-09-09 23:00:00,698.5,6.985,698.0,699.0,4,2026-09-09 23:45:00
14480002,Barcelos,2026-09-09 23:00:00,468.0,4.680,468.0,468.0,4,2026-09-09 23:45:00
14110000,Cucuí,2026-09-10 00:00:00,1620.0,16.200,1620.0,1620.0,4,2026-09-10 00:45:00
14280001,Taracuá,2026-09-10 00:00:00,1287.0,12.870,1286.0,1287.0,4,2026-09-10 00:45:00
14330000,Curicuriari,2026-09-10 00:00:00,980.0,9.800,980.0,980.0,4,2026-09-10 00:45:00
14420000,Serrinha,2026-09-10 00:00:00,698.0,6.980,698.0,698.0,4,2026-09-10 00:45:00
14480002,Barcelos,2026-09-10 00:00:00,468.0,4.680,468.0,468.0,4,2026-09-10 00:45:00
14110000,Cucuí,2026-09-10 01:00:00,1619.0,16.190,1619.0,1619.0,4,2026-09-10 01:45:00
14280001,Taracuá,2026-09-10 01:00:00,1286.0,12.860,1286.0,1287.0,4,2026-09-10 01:45:00
14330000,Curicuriari,2026-09-10 01:00:00,979.5,9.795,979.0,980.0,4,2026-09-10 01:45:00
14420000,Serrinha,2026-09-10 01:00:00,698.0,6.980,697.0,698.0,4,2026-09-10 01:45:00
14480002,Barcelos,2026-09-10 01:00:00,468.0,4.680,468.0,468.0,4,2026-09-10 01:45:00
14110000,Cucuí,2026-09-10 02:00:00,1618.0,16.180,1618.0,1619.0,4,2026-09-10 02:45:00
14280001,Taracuá,2026-09-10 02:00:00,1287.0,12.870,1287.0,1287.0,4,2026-09-10 02:45:00
14330000,Curicuriari,2026-09-10 02:00:00,979.0,9.790,979.0,979.0,4,2026-09-10 02:45:00
14420000,Serrinha,2026-09-10 02:00:00,697.0,6.970,697.0,698.0,4,2026-09-10 02:45:00
14480002,Barcelos,2026-09-10 02:00:00,467.0,4.670,467.0,467.0,4,2026-09-10 02:45:00
14110000,Cucuí,2026-09-10 03:00:00,1618.0,16.180,1618.0,1618.0,4,2026-09-10 03:45:00
14280001,Taracuá,2026-09-10 03:00:00,1287.0,12.870,1286.0,1287.0,4,2026-09-10 03:45:00
14330000,Curicuriari,2026-09-10 03:00:00,978.0,9.780,978.0,979.0,4,2026-09-10 03:45:00
14420000,Serrinha,2026-09-10 03:00:00,697.0,6.970,697.0,697.0,4,2026-09-10 03:45:00
14480002,Barcelos,2026-09-10 03:00:00,467.5,4.675,467.0,468.0,4,2026-09-10 03:45:00
14110000,Cucuí,2026-09-10 04:00:00,1617.0,16.170,1617.0,1617.0,4,2026-09-10 04:45:00
14280001,Taracuá,2026-09-10 04:00:00,1287.0,12.870,1286.0,1287.0,4,2026-09-10 04:45:00
14330000,Curicuriari,2026-09-10 04:00:00,978.0,9.780,977.0,978.0,4,2026-09-10 04:45:00
14420000,Serrinha,2026-09-10 04:00:00,696.0,6.960,696.0,696.0,4,2026-09-10 04:45:00
14480002,Barcelos,2026-09-10 04:00:00,468.0,4.680,467.0,468.0,4,2026-09-10 04:45:00
14110000,Cucuí,2026-09-10 05:00:00,1616.0,16.160,1616.0,1617.0,4,2026-09-10 05:45:00
14280001,Taracuá,2026-09-10 05:00:00,1287.0,12.870,1287.0,1287.0,4,2026-09-10 05:45:00
14330000,Curicuriari,2026-09-10 05:00:00,977.0,9.770,977.0,977.0,4,2026-09-10 05:45:00
14420000,Serrinha,2026-09-10 05:00:00,696.0,6.960,696.0,696.0,4,2026-09-10 05:45:00
14480002,Barcelos,2026-09-10 05:00:00,468.0,4.680,468.0,468.0,4,2026-09-10 05:45:00
14110000,Cucuí,2026-09-10 06:00:00,1616.0,16.160,1615.0,1616.0,4,2026-09-10 06:45:00
14280001,Taracuá,2026-09-10 06:00:00,1286.0,12.860,1286.0,1286.0,4,2026-09-10 06:45:00
14330000,Curicuriari,2026-09-10 06:00:00,977.0,9.770,976.0,977.0,4,2026-09-10 06:45:00
14420000,Serrinha,2026-09-10 06:00:00,695.0,6.950,695.0,696.0,4,2026-09-10 06:45:00
14480002,Barcelos,2026-09-10 06:00:00,468.0,4.680,468.0,468.0,4,2026-09-10 06:45:00
14110000,Cucuí,2026-09-10 07:00:00,1615.0,16.150,1615.0,1615.0,4,2026-09-10 07:45:00
14280001,Taracuá,2026-09-10 07:00:00,1286.0,12.860,1286.0,1286.0,4,2026-09-10 07:45:00
14330000,Curicuriari,2026-09-10 07:00:00,976.0,9.760,976.0,976.0,4,2026-09-10 07:45:00
14420000,Serrinha,2026-09-10 07:00:00,695.5,6.955,695.0,696.0,4,2026-09-10 07:45:00
14480002,Barcelos,2026-09-10 07:00:00,468.0,4.680,468.0,468.0,4,2026-09-10 07:45:00
14110000,Cucuí,2026-09-10 08:00:00,1614.5,16.145,1614.0,1615.0,4,2026-09-10 08:45:00
14280001,Taracuá,2026-09-10 08:00:00,1286.0,12.860,1285.0,1286.0,4,2026-09-10 08:45:00
14330000,Curicuriari,2026-09-10 08:00:00,976.0,9.760,975.0,976.0,4,2026-09-10 08:45:00
14420000,Serrinha,2026-09-10 08:00:00,695.0,6.950,695.0,695.0,4,2026-09-10 08:45:00
14480002,Barcelos,2026-09-10 08:00:00,467.5,4.675,467.0,468.0,4,2026-09-10 08:45:00
14110000,Cucuí,2026-09-10 09:00:00,1614.0,16.140,1614.0,1614.0,4,2026-09-10 09:45:00
14280001,Taracuá,2026-09-10 09:00:00,1285.0,12.850,1285.0,1285.0,4,2026-09-10 09:45:00
14330000,Curicuriari,2026-09-10 09:00:00,975.0,9.750,975.0,975.0,4,2026-09-10 09:45:00
14420000,Serrinha,2026-09-10 09:00:00,695.0,6.950,695.0,695.0,4,2026-09-10 09:45:00
14480002,Barcelos,2026-09-10 09:00:00,467.0,4.670,467.0,467.0,4,2026-09-10 09:45:00
14110000,Cucuí,2026-09-10 10:00:00,1613.0,16.130,1613.0,1613.0,4,2026-09-10 10:45:00
14280001,Taracuá,2026-09-10 10:00:00,1285.0,12.850,1285.0,1285.0,4,2026-09-10 10:45:00
14330000,Curicuriari,2026-09-10 10:00:00,974.0,9.740,974.0,974.0,4,2026-09-10 10:45:00
14420000,Serrinha,2026-09-10 10:00:00,694.0,6.940,694.0,695.0,4,2026-09-10 10:45:00
14480002,Barcelos,2026-09-10 10:00:00,467.0,4.670,467.0,467.0,4,2026-09-10 10:45:00
14110000,Cucuí,2026-09-10 11:00:00,1613.0,16.130,1612.0,1613.0,4,2026-09-10 11:45:00
14280001,Taracuá,2026-09-10 11:00:00,1285.0,12.850,1285.0,1285.0,4,2026-09-10 11:45:00
14330000,Curicuriari,2026-09-10 11:00:00,974.0,9.740,974.0,974.0,4,2026-09-10 11:45:00
14420000,Serrinha,2026-09-10 11:00:00,694.0,6.940,694.0,694.0,4,2026-09-10 11:45:00
14480002,Barcelos,2026-09-10 11:00:00,467.0,4.670,467.0,467.0,4,2026-09-10 11:45:00
14110000,Cucuí,2026-09-10 12:00:00,1612.0,16.120,1612.0,1612.0,4,2026-09-10 12:45:00
14280001,Taracuá,2026-09-10 12:00:00,1284.5,12.845,1284.0,1285.0,4,2026-09-10 12:45:00
14330000,Curicuriari,2026-09-10 12:00:00,974.0,9.740,974.0,974.0,4,2026-09-10 12:45:00
14420000,Serrinha,2026-09-10 12:00:00,693.0,6.930,693.0,693.0,4,2026-09-10 12:45:00
14480002,Barcelos,2026-09-10 12:00:00,466.0,4.660,466.0,467.0,4,2026-09-10 12:45:00
14110000,Cucuí,2026-09-10 13:00:00,1611.5,16.115,1611.0,1612.0,4,2026-09-10 13:45:00
14280001,Taracuá,2026-09-10 13:00:00,1284.0,12.840,1284.0,1284.0,4,2026-09-10 13:45:00
14330000,Curicuriari,2026-09-10 13:00:00,974.0,9.740,974.0,974.0,4,2026-09-10 13:45:00
14420000,Serrinha,2026-09-10 13:00:00,693.0,6.930,693.0,693.0,4,2026-09-10 13:45:00
14480002,Barcelos,2026-09-10 13:00:00,466.0,4.660,466.0,466.0,4,2026-09-10 13:45:00
14110000,Cucuí,2026-09-10 14:00:00,1612.0,16.120,1611.0,1612.0,4,2026-09-10 14:45:00
14280001,Taracuá,2026-09-10 14:00:00,1284.5,12.845,1284.0,1286.0,4,2026-09-10 14:45:00
14330000,Curicuriari,2026-09-10 14:00:00,974.0,9.740,974.0,974.0,4,2026-09-10 14:45:00
14420000,Serrinha,2026-09-10 14:00:00,692.0,6.920,692.0,692.0,4,2026-09-10 14:45:00
14480002,Barcelos,2026-09-10 14:00:00,466.0,4.660,466.0,466.0,4,2026-09-10 14:45:00
14110000,Cucuí,2026-09-10 15:00:00,1611.0,16.110,1611.0,1611.0,4,2026-09-10 15:45:00
14280001,Taracuá,2026-09-10 15:00:00,1285.0,12.850,1285.0,1285.0,4,2026-09-10 15:45:00
14330000,Curicuriari,2026-09-10 15:00:00,974.0,9.740,973.0,974.0,4,2026-09-10 15:45:00
14420000,Serrinha,2026-09-10 15:00:00,692.0,6.920,691.0,692.0,4,2026-09-10 15:45:00
14480002,Barcelos,2026-09-10 15:00:00,466.0,4.660,466.0,466.0,4,2026-09-10 15:45:00
14110000,Cucuí,2026-09-10 16:00:00,1610.0,16.100,1610.0,1610.0,4,2026-09-10 16:45:00
14280001,Taracuá,2026-09-10 16:00:00,1285.0,12.850,1285.0,1285.0,4,2026-09-10 16:45:00
14330000,Curicuriari,2026-09-10 16:00:00,973.0,9.730,973.0,973.0,4,2026-09-10 16:45:00
14420000,Serrinha,2026-09-10 16:00:00,692.0,6.920,691.0,692.0,4,2026-09-10 16:45:00
14480002,Barcelos,2026-09-10 16:00:00,466.0,4.660,466.0,466.0,4,2026-09-10 16:45:00
14110000,Cucuí,2026-09-10 17:00:00,1609.5,16.095,1609.0,1610.0,4,2026-09-10 17:45:00
14280001,Taracuá,2026-09-10 17:00:00,1285.0,12.850,1285.0,1285.0,4,2026-09-10 17:45:00
14330000,Curicuriari,2026-09-10 17:00:00,973.0,9.730,972.0,973.0,4,2026-09-10 17:45:00
14420000,Serrinha,2026-09-10 17:00:00,691.0,6.910,691.0,691.0,4,2026-09-10 17:45:00
14480002,Barcelos,2026-09-10 17:00:00,466.0,4.660,466.0,466.0,4,2026-09-10 17:45:00
14110000,Cucuí,2026-09-10 18:00:00,1609.0,16.090,1608.0,1609.0,4,2026-09-10 18:45:00
14280001,Taracuá,2026-09-10 18:00:00,1285.0,12.850,1285.0,1285.0,4,2026-09-10 18:45:00
14330000,Curicuriari,2026-09-10 18:00:00,972.0,9.720,972.0,972.0,4,2026-09-10 18:45:00
14420000,Serrinha,2026-09-10 18:00:00,691.0,6.910,690.0,691.0,4,2026-09-10 18:45:00
14480002,Barcelos,2026-09-10 18:00:00,466.0,4.660,466.0,466.0,4,2026-09-10 18:45:00
14110000,Cucuí,2026-09-10 19:00:00,1608.0,16.080,1608.0,1608.0,4,2026-09-10 19:45:00
14280001,Taracuá,2026-09-10 19:00:00,1284.0,12.840,1284.0,1285.0,4,2026-09-10 19:45:00
14330000,Curicuriari,2026-09-10 19:00:00,972.0,9.720,972.0,972.0,4,2026-09-10 19:45:00
14420000,Serrinha,2026-09-10 19:00:00,690.0,6.900,690.0,690.0,4,2026-09-10 19:45:00
14480002,Barcelos,2026-09-10 19:00:00,466.0,4.660,465.0,466.0,4,2026-09-10 19:45:00
14110000,Cucuí,2026-09-10 20:00:00,1607.5,16.075,1607.0,1608.0,4,2026-09-10 20:45:00
14280001,Taracuá,2026-09-10 20:00:00,1284.0,12.840,1284.0,1284.0,4,2026-09-10 20:45:00
14330000,Curicuriari,2026-09-10 20:00:00,971.0,9.710,971.0,971.0,4,2026-09-10 20:45:00
14420000,Serrinha,2026-09-10 20:00:00,690.0,6.900,690.0,690.0,4,2026-09-10 20:45:00
14480002,Barcelos,2026-09-10 20:00:00,465.0,4.650,465.0,465.0,4,2026-09-10 20:45:00
14110000,Cucuí,2026-09-10 21:00:00,1607.0,16.070,1607.0,1607.0,4,2026-09-10 21:45:00
14280001,Taracuá,2026-09-10 21:00:00,1284.0,12.840,1284.0,1284.0,4,2026-09-10 21:45:00
14330000,Curicuriari,2026-09-10 21:00:00,971.0,9.710,971.0,971.0,4,2026-09-10 21:45:00
14420000,Serrinha,2026-09-10 21:00:00,689.0,6.890,689.0,690.0,4,2026-09-10 21:45:00
14480002,Barcelos,2026-09-10 21:00:00,465.0,4.650,465.0,465.0,4,2026-09-10 21:45:00
14110000,Cucuí,2026-09-10 22:00:00,1606.0,16.060,1606.0,1606.0,4,2026-09-10 22:45:00
14280001,Taracuá,2026-09-10 22:00:00,1284.0,12.840,1284.0,1284.0,4,2026-09-10 22:45:00
14330000,Curicuriari,2026-09-10 22:00:00,970.0,9.700,970.0,970.0,4,2026-09-10 22:45:00
14420000,Serrinha,2026-09-10 22:00:00,689.0,6.890,689.0,689.0,4,2026-09-10 22:45:00
14480002,Barcelos,2026-09-10 22:00:00,465.0,4.650,465.0,465.0,1,2026-09-10 22:00:00
14110000,Cucuí,2026-09-10 23:00:00,1606.0,16.060,1605.0,1606.0,4,2026-09-10 23:45:00
14280001,Taracuá,2026-09-10 23:00:00,1284.0,12.840,1284.0,1284.0,4,2026-09-10 23:45:00
14330000,Curicuriari,2026-09-10 23:00:00,970.0,9.700,970.0,970.0,4,2026-09-10 23:45:00
14420000,Serrinha,2026-09-10 23:00:00,688.5,6.885,688.0,689.0,4,2026-09-10 23:45:00
14480002,Barcelos,2026-09-10 23:00:00,464.0,4.640,464.0,464.0,3,2026-09-10 23:45:00
14110000,Cucuí,2026-09-11 00:00:00,1605.0,16.050,1605.0,1605.0,4,2026-09-11 00:45:00
14280001,Taracuá,2026-09-11 00:00:00,1284.0,12.840,1284.0,1284.0,4,2026-09-11 00:45:00
14330000,Curicuriari,2026-09-11 00:00:00,969.0,9.690,969.0,969.0,4,2026-09-11 00:45:00
14420000,Serrinha,2026-09-11 00:00:00,688.0,6.880,688.0,688.0,4,2026-09-11 00:45:00
14480002,Barcelos,2026-09-11 00:00:00,464.0,4.640,464.0,464.0,4,2026-09-11 00:45:00
14110000,Cucuí,2026-09-11 01:00:00,1604.5,16.045,1604.0,1605.0,4,2026-09-11 01:45:00
14280001,Taracuá,2026-09-11 01:00:00,1284.0,12.840,1284.0,1284.0,4,2026-09-11 01:45:00
14330000,Curicuriari,2026-09-11 01:00:00,969.0,9.690,969.0,969.0,4,2026-09-11 01:45:00
14420000,Serrinha,2026-09-11 01:00:00,688.0,6.880,688.0,688.0,4,2026-09-11 01:45:00
14480002,Barcelos,2026-09-11 01:00:00,464.0,4.640,464.0,464.0,4,2026-09-11 01:45:00
14110000,Cucuí,2026-09-11 02:00:00,1604.0,16.040,1604.0,1604.0,4,2026-09-11 02:45:00
14280001,Taracuá,2026-09-11 02:00:00,1283.0,12.830,1283.0,1284.0,4,2026-09-11 02:45:00
14330000,Curicuriari,2026-09-11 02:00:00,968.0,9.680,968.0,969.0,4,2026-09-11 02:45:00
14420000,Serrinha,2026-09-11 02:00:00,687.0,6.870,687.0,687.0,4,2026-09-11 02:45:00
14480002,Barcelos,2026-09-11 02:00:00,464.0,4.640,464.0,464.0,4,2026-09-11 02:45:00
14110000,Cucuí,2026-09-11 03:00:00,1603.0,16.030,1603.0,1604.0,4,2026-09-11 03:45:00
14280001,Taracuá,2026-09-11 03:00:00,1283.0,12.830,1283.0,1284.0,4,2026-09-11 03:45:00
14330000,Curicuriari,2026-09-11 03:00:00,968.0,9.680,968.0,968.0,4,2026-09-11 03:45:00
14420000,Serrinha,2026-09-11 03:00:00,687.0,6.870,687.0,687.0,4,2026-09-11 03:45:00
14480002,Barcelos,2026-09-11 03:00:00,464.0,4.640,464.0,464.0,4,2026-09-11 03:45:00
14110000,Cucuí,2026-09-11 04:00:00,1603.0,16.030,1603.0,1603.0,4,2026-09-11 04:45:00
14280001,Taracuá,2026-09-11 04:00:00,1283.5,12.835,1283.0,1284.0,4,2026-09-11 04:45:00
14330000,Curicuriari,2026-09-11 04:00:00,967.5,9.675,967.0,968.0,4,2026-09-11 04:45:00
14420000,Serrinha,2026-09-11 04:00:00,686.0,6.860,686.0,687.0,4,2026-09-11 04:45:00
14480002,Barcelos,2026-09-11 04:00:00,464.0,4.640,463.0,464.0,4,2026-09-11 04:45:00
14110000,Cucuí,2026-09-11 05:00:00,1603.0,16.030,1603.0,1603.0,4,2026-09-11 05:45:00
14280001,Taracuá,2026-09-11 05:00:00,1283.0,12.830,1283.0,1284.0,4,2026-09-11 05:45:00
14330000,Curicuriari,2026-09-11 05:00:00,967.0,9.670,967.0,967.0,4,2026-09-11 05:45:00
14420000,Serrinha,2026-09-11 05:00:00,686.0,6.860,686.0,686.0,4,2026-09-11 05:45:00
14480002,Barcelos,2026-09-11 05:00:00,464.0,4.640,464.0,464.0,4,2026-09-11 05:45:00
14110000,Cucuí,2026-09-11 06:00:00,1602.0,16.020,1602.0,1602.0,4,2026-09-11 06:45:00
14280001,Taracuá,2026-09-11 06:00:00,1283.0,12.830,1283.0,1283.0,4,2026-09-11 06:45:00
14330000,Curicuriari,2026-09-11 06:00:00,967.0,9.670,967.0,967.0,4,2026-09-11 06:45:00
14420000,Serrinha,2026-09-11 06:00:00,686.0,6.860,685.0,686.0,4,2026-09-11 06:45:00
14480002,Barcelos,2026-09-11 06:00:00,464.0,4.640,464.0,464.0,4,2026-09-11 06:45:00
14110000,Cucuí,2026-09-11 07:00:00,1602.0,16.020,1602.0,1602.0,4,2026-09-11 07:45:00
14280001,Taracuá,2026-09-11 07:00:00,1283.0,12.830,1283.0,1283.0,4,2026-09-11 07:45:00
14330000,Curicuriari,2026-09-11 07:00:00,966.0,9.660,966.0,966.0,4,2026-09-11 07:45:00
14420000,Serrinha,2026-09-11 07:00:00,685.0,6.850,685.0,685.0,4,2026-09-11 07:45:00
14480002,Barcelos,2026-09-11 07:00:00,464.0,4.640,464.0,465.0,4,2026-09-11 07:45:00
14110000,Cucuí,2026-09-11 08:00:00,1601.0,16.010,1601.0,1601.0,4,2026-09-11 08:45:00
14280001,Taracuá,2026-09-11 08:00:00,1283.0,12.830,1283.0,1283.0,4,2026-09-11 08:45:00
14330000,Curicuriari,2026-09-11 08:00:00,966.0,9.660,966.0,966.0,4,2026-09-11 08:45:00
14420000,Serrinha,2026-09-11 08:00:00,685.0,6.850,685.0,685.0,4,2026-09-11 08:45:00
14480002,Barcelos,2026-09-11 08:00:00,464.0,4.640,464.0,464.0,4,2026-09-11 08:45:00
14110000,Cucuí,2026-09-11 09:00:00,1601.0,16.010,1601.0,1601.0,4,2026-09-11 09:45:00
14280001,Taracuá,2026-09-11 09:00:00,1283.0,12.830,1283.0,1283.0,4,2026-09-11 09:45:00
14330000,Curicuriari,2026-09-11 09:00:00,965.0,9.650,965.0,965.0,4,2026-09-11 09:45:00
14420000,Serrinha,2026-09-11 09:00:00,684.0,6.840,684.0,684.0,4,2026-09-11 09:45:00
14480002,Barcelos,2026-09-11 09:00:00,464.0,4.640,463.0,464.0,4,2026-09-11 09:45:00
14110000,Cucuí,2026-09-11 10:00:00,1600.5,16.005,1600.0,1601.0,4,2026-09-11 10:45:00
14280001,Taracuá,2026-09-11 10:00:00,1283.0,12.830,1283.0,1283.0,4,2026-09-11 10:45:00
14330000,Curicuriari,2026-09-11 10:00:00,965.0,9.650,964.0,965.0,4,2026-09-11 10:45:00
14420000,Serrinha,2026-09-11 10:00:00,684.0,6.840,684.0,684.0,4,2026-09-11 10:45:00
14480002,Barcelos,2026-09-11 10:00:00,463.0,4.630,463.0,463.0,4,2026-09-11 10:45:00
14110000,Cucuí,2026-09-11 11:00:00,1600.0,16.000,1600.0,1600.0,4,2026-09-11 11:45:00
14280001,Taracuá,2026-09-11 11:00:00,1283.0,12.830,1283.0,1283.0,4,2026-09-11 11:45:00
14330000,Curicuriari,2026-09-11 11:00:00,964.0,9.640,963.0,964.0,4,2026-09-11 11:45:00
14420000,Serrinha,2026-09-11 11:00:00,683.0,6.830,683.0,684.0,4,2026-09-11 11:45:00
14480002,Barcelos,2026-09-11 11:00:00,463.0,4.630,463.0,463.0,4,2026-09-11 11:45:00
14110000,Cucuí,2026-09-11 12:00:00,1600.0,16.000,1600.0,1600.0,4,2026-09-11 12:45:00
14280001,Taracuá,2026-09-11 12:00:00,1283.0,12.830,1283.0,1283.0,4,2026-09-11 12:45:00
14330000,Curicuriari,2026-09-11 12:00:00,963.0,9.630,963.0,963.0,4,2026-09-11 12:45:00
14420000,Serrinha,2026-09-11 12:00:00,683.0,6.830,683.0,683.0,4,2026-09-11 12:45:00
14480002,Barcelos,2026-09-11 12:00:00,463.0,4.630,463.0,463.0,4,2026-09-11 12:45:00
14110000,Cucuí,2026-09-11 13:00:00,1600.0,16.000,1599.0,1600.0,4,2026-09-11 13:45:00
14280001,Taracuá,2026-09-11 13:00:00,1283.0,12.830,1283.0,1283.0,4,2026-09-11 13:45:00
14330000,Curicuriari,2026-09-11 13:00:00,963.0,9.630,962.0,963.0,4,2026-09-11 13:45:00
14420000,Serrinha,2026-09-11 13:00:00,682.5,6.825,682.0,683.0,4,2026-09-11 13:45:00
14480002,Barcelos,2026-09-11 13:00:00,463.0,4.630,463.0,463.0,4,2026-09-11 13:45:00
14110000,Cucuí,2026-09-11 14:00:00,1599.0,15.990,1599.0,1599.0,4,2026-09-11 14:45:00
14280001,Taracuá,2026-09-11 14:00:00,1283.0,12.830,1283.0,1283.0,4,2026-09-11 14:45:00
14330000,Curicuriari,2026-09-11 14:00:00,962.0,9.620,962.0,962.0,4,2026-09-11 14:45:00
14420000,Serrinha,2026-09-11 14:00:00,682.0,6.820,682.0,682.0,4,2026-09-11 14:45:00
14480002,Barcelos,2026-09-11 14:00:00,462.0,4.620,462.0,463.0,4,2026-09-11 14:45:00
14110000,Cucuí,2026-09-11 15:00:00,1599.0,15.990,1599.0,1599.0,4,2026-09-11 15:45:00
14280001,Taracuá,2026-09-11 15:00:00,1283.0,12.830,1283.0,1283.0,4,2026-09-11 15:45:00
14330000,Curicuriari,2026-09-11 15:00:00,962.0,9.620,962.0,962.0,4,2026-09-11 15:45:00
14420000,Serrinha,2026-09-11 15:00:00,682.0,6.820,682.0,682.0,4,2026-09-11 15:45:00
14480002,Barcelos,2026-09-11 15:00:00,462.0,4.620,462.0,462.0,4,2026-09-11 15:45:00
14110000,Cucuí,2026-09-11 16:00:00,1599.0,15.990,1599.0,1599.0,4,2026-09-11 16:45:00
14280001,Taracuá,2026-09-11 16:00:00,1283.0,12.830,1283.0,1283.0,4,2026-09-11 16:45:00
14330000,Curicuriari,2026-09-11 16:00:00,961.0,9.610,961.0,961.0,4,2026-09-11 16:45:00
14420000,Serrinha,2026-09-11 16:00:00,682.0,6.820,681.0,682.0,4,2026-09-11 16:45:00
14480002,Barcelos,2026-09-11 16:00:00,462.5,4.625,462.0,464.0,4,2026-09-11 16:45:00
14110000,Cucuí,2026-09-11 17:00:00,1598.0,15.980,1597.0,1599.0,4,2026-09-11 17:45:00
14280001,Taracuá,2026-09-11 17:00:00,1283.0,12.830,1283.0,1283.0,4,2026-09-11 17:45:00
14330000,Curicuriari,2026-09-11 17:00:00,961.0,9.610,961.0,961.0,4,2026-09-11 17:45:00
14420000,Serrinha,2026-09-11 17:00:00,681.0,6.810,681.0,681.0,4,2026-09-11 17:45:00
14480002,Barcelos,2026-09-11 17:00:00,462.0,4.620,462.0,462.0,4,2026-09-11 17:45:00
14110000,Cucuí,2026-09-11 18:00:00,1598.0,15.980,1598.0,1598.0,4,2026-09-11 18:45:00
14280001,Taracuá,2026-09-11 18:00:00,1283.0,12.830,1283.0,1283.0,4,2026-09-11 18:45:00
14330000,Curicuriari,2026-09-11 18:00:00,961.0,9.610,961.0,961.0,4,2026-09-11 18:45:00
14420000,Serrinha,2026-09-11 18:00:00,681.0,6.810,681.0,681.0,4,2026-09-11 18:45:00
14480002,Barcelos,2026-09-11 18:00:00,462.0,4.620,462.0,462.0,4,2026-09-11 18:45:00
14110000,Cucuí,2026-09-11 19:00:00,1598.0,15.980,1598.0,1598.0,4,2026-09-11 19:45:00
14280001,Taracuá,2026-09-11 19:00:00,1283.0,12.830,1283.0,1283.0,4,2026-09-11 19:45:00
14330000,Curicuriari,2026-09-11 19:00:00,960.5,9.605,960.0,961.0,4,2026-09-11 19:45:00
14420000,Serrinha,2026-09-11 19:00:00,680.0,6.800,680.0,680.0,4,2026-09-11 19:45:00
14480002,Barcelos,2026-09-11 19:00:00,462.0,4.620,462.0,462.0,4,2026-09-11 19:45:00
14110000,Cucuí,2026-09-11 20:00:00,1598.0,15.980,1598.0,1598.0,4,2026-09-11 20:45:00
14280001,Taracuá,2026-09-11 20:00:00,1283.0,12.830,1283.0,1283.0,4,2026-09-11 20:45:00
14330000,Curicuriari,2026-09-11 20:00:00,960.0,9.600,960.0,960.0,4,2026-09-11 20:45:00
14420000,Serrinha,2026-09-11 20:00:00,680.0,6.800,679.0,680.0,4,2026-09-11 20:45:00
14480002,Barcelos,2026-09-11 20:00:00,461.0,4.610,461.0,461.0,4,2026-09-11 20:45:00
14110000,Cucuí,2026-09-11 21:00:00,1597.0,15.970,1597.0,1598.0,4,2026-09-11 21:45:00
14280001,Taracuá,2026-09-11 21:00:00,1283.0,12.830,1283.0,1283.0,4,2026-09-11 21:45:00
14330000,Curicuriari,2026-09-11 21:00:00,960.0,9.600,960.0,960.0,4,2026-09-11 21:45:00
14420000,Serrinha,2026-09-11 21:00:00,679.0,6.790,679.0,679.0,4,2026-09-11 21:45:00
14480002,Barcelos,2026-09-11 21:00:00,461.0,4.610,461.0,461.0,4,2026-09-11 21:45:00
14110000,Cucuí,2026-09-11 22:00:00,1597.0,15.970,1597.0,1597.0,4,2026-09-11 22:45:00
14280001,Taracuá,2026-09-11 22:00:00,1283.0,12.830,1283.0,1283.0,4,2026-09-11 22:45:00
14330000,Curicuriari,2026-09-11 22:00:00,960.0,9.600,959.0,960.0,4,2026-09-11 22:45:00
14420000,Serrinha,2026-09-11 22:00:00,679.0,6.790,679.0,679.0,4,2026-09-11 22:45:00
14480002,Barcelos,2026-09-11 22:00:00,461.0,4.610,461.0,461.0,4,2026-09-11 22:45:00
14110000,Cucuí,2026-09-11 23:00:00,1597.0,15.970,1597.0,1597.0,4,2026-09-11 23:45:00
14280001,Taracuá,2026-09-11 23:00:00,1283.0,12.830,1283.0,1284.0,4,2026-09-11 23:45:00
14330000,Curicuriari,2026-09-11 23:00:00,959.0,9.590,959.0,959.0,4,2026-09-11 23:45:00
14420000,Serrinha,2026-09-11 23:00:00,678.5,6.785,678.0,679.0,4,2026-09-11 23:45:00
14480002,Barcelos,2026-09-11 23:00:00,460.5,4.605,460.0,461.0,4,2026-09-11 23:45:00
14110000,Cucuí,2026-09-12 00:00:00,1597.0,15.970,1597.0,1597.0,4,2026-09-12 00:45:00
14280001,Taracuá,2026-09-12 00:00:00,1283.5,12.835,1283.0,1284.0,4,2026-09-12 00:45:00
14330000,Curicuriari,2026-09-12 00:00:00,958.5,9.585,958.0,959.0,4,2026-09-12 00:45:00
14420000,Serrinha,2026-09-12 00:00:00,678.0,6.780,678.0,678.0,4,2026-09-12 00:45:00
14480002,Barcelos,2026-09-12 00:00:00,460.0,4.600,460.0,460.0,4,2026-09-12 00:45:00
14110000,Cucuí,2026-09-12 01:00:00,1597.0,15.970,1597.0,1597.0,4,2026-09-12 01:45:00
14280001,Taracuá,2026-09-12 01:00:00,1284.0,12.840,1283.0,1284.0,4,2026-09-12 01:45:00
14330000,Curicuriari,2026-09-12 01:00:00,958.0,9.580,958.0,958.0,4,2026-09-12 01:45:00
14420000,Serrinha,2026-09-12 01:00:00,678.0,6.780,677.0,678.0,4,2026-09-12 01:45:00
14480002,Barcelos,2026-09-12 01:00:00,460.0,4.600,460.0,460.0,4,2026-09-12 01:45:00
14110000,Cucuí,2026-09-12 02:00:00,1597.0,15.970,1597.0,1597.0,4,2026-09-12 02:45:00
14280001,Taracuá,2026-09-12 02:00:00,1283.5,12.835,1283.0,1284.0,4,2026-09-12 02:45:00
14330000,Curicuriari,2026-09-12 02:00:00,958.0,9.580,958.0,958.0,4,2026-09-12 02:45:00
14420000,Serrinha,2026-09-12 02:00:00,677.0,6.770,677.0,677.0,4,2026-09-12 02:45:00
14480002,Barcelos,2026-09-12 02:00:00,460.0,4.600,460.0,460.0,4,2026-09-12 02:45:00
14110000,Cucuí,2026-09-12 03:00:00,1596.0,15.960,1596.0,1597.0,4,2026-09-12 03:45:00
14280001,Taracuá,2026-09-12 03:00:00,1284.0,12.840,1283.0,1284.0,4,2026-09-12 03:45:00
14330000,Curicuriari,2026-09-12 03:00:00,957.0,9.570,957.0,957.0,4,2026-09-12 03:45:00
14420000,Serrinha,2026-09-12 03:00:00,677.0,6.770,677.0,677.0,4,2026-09-12 03:45:00
14480002,Barcelos,2026-09-12 03:00:00,460.0,4.600,460.0,461.0,4,2026-09-12 03:45:00
14110000,Cucuí,2026-09-12 04:00:00,1596.0,15.960,1596.0,1596.0,4,2026-09-12 04:45:00
14280001,Taracuá,2026-09-12 04:00:00,1284.0,12.840,1284.0,1284.0,4,2026-09-12 04:45:00
14330000,Curicuriari,2026-09-12 04:00:00,957.0,9.570,957.0,957.0,4,2026-09-12 04:45:00
14420000,Serrinha,2026-09-12 04:00:00,677.0,6.770,676.0,677.0,4,2026-09-12 04:45:00
14480002,Barcelos,2026-09-12 04:00:00,460.0,4.600,460.0,460.0,4,2026-09-12 04:45:00
14110000,Cucuí,2026-09-12 05:00:00,1596.0,15.960,1596.0,1596.0,4,2026-09-12 05:45:00
14280001,Taracuá,2026-09-12 05:00:00,1284.0,12.840,1284.0,1284.0,4,2026-09-12 05:45:00
14330000,Curicuriari,2026-09-12 05:00:00,956.0,9.560,956.0,956.0,4,2026-09-12 05:45:00
14420000,Serrinha,2026-09-12 05:00:00,677.5,6.775,676.0,678.0,4,2026-09-12 05:45:00
14480002,Barcelos,2026-09-12 05:00:00,459.5,4.595,459.0,460.0,4,2026-09-12 05:45:00
14110000,Cucuí,2026-09-12 06:00:00,1596.0,15.960,1596.0,1596.0,4,2026-09-12 06:45:00
14280001,Taracuá,2026-09-12 06:00:00,1284.0,12.840,1284.0,1284.0,4,2026-09-12 06:45:00
14330000,Curicuriari,2026-09-12 06:00:00,956.0,9.560,955.0,956.0,4,2026-09-12 06:45:00
14420000,Serrinha,2026-09-12 06:00:00,677.0,6.770,677.0,677.0,4,2026-09-12 06:45:00
14480002,Barcelos,2026-09-12 06:00:00,459.0,4.590,459.0,459.0,4,2026-09-12 06:45:00
14110000,Cucuí,2026-09-12 07:00:00,1596.0,15.960,1596.0,1596.0,4,2026-09-12 07:45:00
14280001,Taracuá,2026-09-12 07:00:00,1284.0,12.840,1284.0,1284.0,4,2026-09-12 07:45:00
14330000,Curicuriari,2026-09-12 07:00:00,955.0,9.550,955.0,955.0,4,2026-09-12 07:45:00
14420000,Serrinha,2026-09-12 07:00:00,677.0,6.770,677.0,677.0,4,2026-09-12 07:45:00
14480002,Barcelos,2026-09-12 07:00:00,459.0,4.590,459.0,459.0,4,2026-09-12 07:45:00
14110000,Cucuí,2026-09-12 08:00:00,1596.0,15.960,1596.0,1596.0,4,2026-09-12 08:45:00
14280001,Taracuá,2026-09-12 08:00:00,1284.0,12.840,1284.0,1284.0,4,2026-09-12 08:45:00
14330000,Curicuriari,2026-09-12 08:00:00,955.0,9.550,954.0,956.0,4,2026-09-12 08:45:00
14420000,Serrinha,2026-09-12 08:00:00,676.5,6.765,676.0,677.0,4,2026-09-12 08:45:00
14480002,Barcelos,2026-09-12 08:00:00,459.0,4.590,459.0,459.0,4,2026-09-12 08:45:00
14110000,Cucuí,2026-09-12 09:00:00,1596.0,15.960,1596.0,1596.0,4,2026-09-12 09:45:00
14280001,Taracuá,2026-09-12 09:00:00,1284.0,12.840,1284.0,1284.0,4,2026-09-12 09:45:00
14330000,Curicuriari,2026-09-12 09:00:00,954.0,9.540,954.0,954.0,4,2026-09-12 09:45:00
14420000,Serrinha,2026-09-12 09:00:00,676.0,6.760,676.0,676.0,4,2026-09-12 09:45:00
14480002,Barcelos,2026-09-12 09:00:00,458.5,4.585,458.0,459.0,4,2026-09-12 09:45:00
14110000,Cucuí,2026-09-12 10:00:00,1596.0,15.960,1596.0,1596.0,4,2026-09-12 10:45:00
14280001,Taracuá,2026-09-12 10:00:00,1284.0,12.840,1284.0,1284.0,4,2026-09-12 10:45:00
14330000,Curicuriari,2026-09-12 10:00:00,954.0,9.540,954.0,954.0,4,2026-09-12 10:45:00
14420000,Serrinha,2026-09-12 10:00:00,676.0,6.760,676.0,676.0,4,2026-09-12 10:45:00
14480002,Barcelos,2026-09-12 10:00:00,458.0,4.580,458.0,458.0,4,2026-09-12 10:45:00
14110000,Cucuí,2026-09-12 11:00:00,1596.0,15.960,1596.0,1596.0,4,2026-09-12 11:45:00
14280001,Taracuá,2026-09-12 11:00:00,1284.0,12.840,1284.0,1284.0,4,2026-09-12 11:45:00
14330000,Curicuriari,2026-09-12 11:00:00,954.0,9.540,953.0,954.0,4,2026-09-12 11:45:00
14420000,Serrinha,2026-09-12 11:00:00,675.0,6.750,675.0,675.0,4,2026-09-12 11:45:00
14480002,Barcelos,2026-09-12 11:00:00,458.0,4.580,458.0,458.0,4,2026-09-12 11:45:00
14110000,Cucuí,2026-09-12 12:00:00,1596.0,15.960,1596.0,1596.0,4,2026-09-12 12:45:00
14280001,Taracuá,2026-09-12 12:00:00,1284.0,12.840,1284.0,1284.0,4,2026-09-12 12:45:00
14330000,Curicuriari,2026-09-12 12:00:00,953.0,9.530,953.0,953.0,4,2026-09-12 12:45:00
14420000,Serrinha,2026-09-12 12:00:00,674.0,6.740,674.0,675.0,4,2026-09-12 12:45:00
14480002,Barcelos,2026-09-12 12:00:00,458.0,4.580,458.0,458.0,4,2026-09-12 12:45:00
14110000,Cucuí,2026-09-12 13:00:00,1596.0,15.960,1596.0,1596.0,4,2026-09-12 13:45:00
14280001,Taracuá,2026-09-12 13:00:00,1284.0,12.840,1284.0,1284.0,4,2026-09-12 13:45:00
14330000,Curicuriari,2026-09-12 13:00:00,953.0,9.530,953.0,953.0,4,2026-09-12 13:45:00
14420000,Serrinha,2026-09-12 13:00:00,674.0,6.740,674.0,674.0,4,2026-09-12 13:45:00
14480002,Barcelos,2026-09-12 13:00:00,457.0,4.570,457.0,458.0,4,2026-09-12 13:45:00
14110000,Cucuí,2026-09-12 14:00:00,1596.0,15.960,1596.0,1596.0,4,2026-09-12 14:45:00
14280001,Taracuá,2026-09-12 14:00:00,1284.0,12.840,1284.0,1284.0,4,2026-09-12 14:45:00
14330000,Curicuriari,2026-09-12 14:00:00,952.5,9.525,952.0,953.0,4,2026-09-12 14:45:00
14420000,Serrinha,2026-09-12 14:00:00,674.0,6.740,674.0,674.0,4,2026-09-12 14:45:00
14480002,Barcelos,2026-09-12 14:00:00,457.0,4.570,457.0,457.0,4,2026-09-12 14:45:00
14110000,Cucuí,2026-09-12 15:00:00,1596.0,15.960,1596.0,1597.0,4,2026-09-12 15:45:00
14280001,Taracuá,2026-09-12 15:00:00,1284.0,12.840,1284.0,1284.0,4,2026-09-12 15:45:00
14330000,Curicuriari,2026-09-12 15:00:00,952.0,9.520,952.0,952.0,4,2026-09-12 15:45:00
14420000,Serrinha,2026-09-12 15:00:00,673.0,6.730,673.0,674.0,4,2026-09-12 15:45:00
14480002,Barcelos,2026-09-12 15:00:00,457.0,4.570,457.0,457.0,4,2026-09-12 15:45:00
14110000,Cucuí,2026-09-12 16:00:00,1596.5,15.965,1596.0,1597.0,4,2026-09-12 16:45:00
14280001,Taracuá,2026-09-12 16:00:00,1284.0,12.840,1284.0,1284.0,4,2026-09-12 16:45:00
14330000,Curicuriari,2026-09-12 16:00:00,952.0,9.520,951.0,952.0,4,2026-09-12 16:45:00
14420000,Serrinha,2026-09-12 16:00:00,673.0,6.730,673.0,673.0,4,2026-09-12 16:45:00
14480002,Barcelos,2026-09-12 16:00:00,457.0,4.570,457.0,457.0,4,2026-09-12 16:45:00
14110000,Cucuí,2026-09-12 17:00:00,1596.0,15.960,1596.0,1596.0,4,2026-09-12 17:45:00
14280001,Taracuá,2026-09-12 17:00:00,1285.0,12.850,1284.0,1286.0,4,2026-09-12 17:45:00
14330000,Curicuriari,2026-09-12 17:00:00,951.0,9.510,951.0,951.0,4,2026-09-12 17:45:00
14420000,Serrinha,2026-09-12 17:00:00,673.0,6.730,672.0,673.0,4,2026-09-12 17:45:00
14480002,Barcelos,2026-09-12 17:00:00,456.0,4.560,456.0,457.0,4,2026-09-12 17:45:00
14110000,Cucuí,2026-09-12 18:00:00,1596.0,15.960,1596.0,1596.0,4,2026-09-12 18:45:00
14280001,Taracuá,2026-09-12 18:00:00,1284.0,12.840,1284.0,1285.0,4,2026-09-12 18:45:00
14330000,Curicuriari,2026-09-12 18:00:00,950.5,9.505,950.0,951.0,4,2026-09-12 18:45:00
14420000,Serrinha,2026-09-12 18:00:00,672.0,6.720,672.0,672.0,4,2026-09-12 18:45:00
14480002,Barcelos,2026-09-12 18:00:00,456.0,4.560,456.0,456.0,4,2026-09-12 18:45:00
14110000,Cucuí,2026-09-12 19:00:00,1596.0,15.960,1596.0,1596.0,4,2026-09-12 19:45:00
14280001,Taracuá,2026-09-12 19:00:00,1284.5,12.845,1284.0,1285.0,4,2026-09-12 19:45:00
14330000,Curicuriari,2026-09-12 19:00:00,950.0,9.500,950.0,950.0,4,2026-09-12 19:45:00
14420000,Serrinha,2026-09-12 19:00:00,672.0,6.720,672.0,672.0,4,2026-09-12 19:45:00
14480002,Barcelos,2026-09-12 19:00:00,456.0,4.560,456.0,456.0,4,2026-09-12 19:45:00
14110000,Cucuí,2026-09-12 20:00:00,1596.0,15.960,1596.0,1596.0,2,2026-09-12 20:15:00
14280001,Taracuá,2026-09-12 20:00:00,1284.5,12.845,1284.0,1285.0,4,2026-09-12 20:45:00
14330000,Curicuriari,2026-09-12 20:00:00,950.0,9.500,949.0,950.0,4,2026-09-12 20:45:00
14420000,Serrinha,2026-09-12 20:00:00,671.0,6.710,671.0,672.0,4,2026-09-12 20:45:00
14480002,Barcelos,2026-09-12 20:00:00,455.5,4.555,455.0,456.0,4,2026-09-12 20:45:00
14110000,Cucuí,2026-09-12 21:00:00,1596.0,15.960,1596.0,1596.0,2,2026-09-12 21:45:00
14280001,Taracuá,2026-09-12 21:00:00,1285.0,12.850,1284.0,1285.0,4,2026-09-12 21:45:00
14330000,Curicuriari,2026-09-12 21:00:00,949.0,9.490,949.0,949.0,4,2026-09-12 21:45:00
14420000,Serrinha,2026-09-12 21:00:00,671.0,6.710,671.0,671.0,4,2026-09-12 21:45:00
14480002,Barcelos,2026-09-12 21:00:00,455.0,4.550,455.0,455.0,4,2026-09-12 21:45:00
14110000,Cucuí,2026-09-12 22:00:00,1597.0,15.970,1597.0,1597.0,4,2026-09-12 22:45:00
14280001,Taracuá,2026-09-12 22:00:00,1285.0,12.850,1284.0,1285.0,4,2026-09-12 22:45:00
14330000,Curicuriari,2026-09-12 22:00:00,948.0,9.480,948.0,949.0,4,2026-09-12 22:45:00
14420000,Serrinha,2026-09-12 22:00:00,671.0,6.710,671.0,671.0,4,2026-09-12 22:45:00
14480002,Barcelos,2026-09-12 22:00:00,455.0,4.550,455.0,455.0,4,2026-09-12 22:45:00
14110000,Cucuí,2026-09-12 23:00:00,1597.0,15.970,1597.0,1597.0,4,2026-09-12 23:45:00
14280001,Taracuá,2026-09-12 23:00:00,1285.0,12.850,1284.0,1285.0,4,2026-09-12 23:45:00
14330000,Curicuriari,2026-09-12 23:00:00,948.0,9.480,948.0,948.0,4,2026-09-12 23:45:00
14420000,Serrinha,2026-09-12 23:00:00,670.0,6.700,670.0,670.0,4,2026-09-12 23:45:00
14480002,Barcelos,2026-09-12 23:00:00,455.0,4.550,455.0,455.0,4,2026-09-12 23:45:00
14110000,Cucuí,2026-09-13 00:00:00,1597.0,15.970,1597.0,1597.0,4,2026-09-13 00:45:00
14280001,Taracuá,2026-09-13 00:00:00,1285.0,12.850,1285.0,1285.0,4,2026-09-13 00:45:00
14330000,Curicuriari,2026-09-13 00:00:00,947.0,9.470,947.0,948.0,4,2026-09-13 00:45:00
14420000,Serrinha,2026-09-13 00:00:00,670.0,6.700,670.0,670.0,4,2026-09-13 00:45:00
14480002,Barcelos,2026-09-13 00:00:00,454.0,4.540,454.0,455.0,4,2026-09-13 00:45:00
14110000,Cucuí,2026-09-13 01:00:00,1597.0,15.970,1597.0,1597.0,4,2026-09-13 01:45:00
14280001,Taracuá,2026-09-13 01:00:00,1285.0,12.850,1285.0,1285.0,4,2026-09-13 01:45:00
14330000,Curicuriari,2026-09-13 01:00:00,947.0,9.470,947.0,947.0,4,2026-09-13 01:45:00
14420000,Serrinha,2026-09-13 01:00:00,670.0,6.700,670.0,670.0,4,2026-09-13 01:45:00
14480002,Barcelos,2026-09-13 01:00:00,454.0,4.540,454.0,454.0,4,2026-09-13 01:45:00
14110000,Cucuí,2026-09-13 02:00:00,1597.0,15.970,1597.0,1597.0,4,2026-09-13 02:45:00
14280001,Taracuá,2026-09-13 02:00:00,1285.0,12.850,1285.0,1285.0,4,2026-09-13 02:45:00
14330000,Curicuriari,2026-09-13 02:00:00,946.0,9.460,946.0,946.0,4,2026-09-13 02:45:00
14420000,Serrinha,2026-09-13 02:00:00,669.0,6.690,669.0,669.0,4,2026-09-13 02:45:00
14480002,Barcelos,2026-09-13 02:00:00,454.0,4.540,454.0,454.0,4,2026-09-13 02:45:00
14110000,Cucuí,2026-09-13 03:00:00,1597.0,15.970,1597.0,1597.0,4,2026-09-13 03:45:00
14280001,Taracuá,2026-09-13 03:00:00,1285.0,12.850,1285.0,1285.0,4,2026-09-13 03:45:00
14330000,Curicuriari,2026-09-13 03:00:00,946.0,9.460,946.0,946.0,4,2026-09-13 03:45:00
14420000,Serrinha,2026-09-13 03:00:00,669.0,6.690,669.0,669.0,4,2026-09-13 03:45:00
14480002,Barcelos,2026-09-13 03:00:00,453.5,4.535,453.0,454.0,4,2026-09-13 03:45:00
14110000,Cucuí,2026-09-13 04:00:00,1597.0,15.970,1597.0,1597.0,4,2026-09-13 04:45:00
14280001,Taracuá,2026-09-13 04:00:00,1285.0,12.850,1285.0,1285.0,4,2026-09-13 04:45:00
14330000,Curicuriari,2026-09-13 04:00:00,946.0,9.460,945.0,946.0,4,2026-09-13 04:45:00
14420000,Serrinha,2026-09-13 04:00:00,669.0,6.690,668.0,669.0,4,2026-09-13 04:45:00
14480002,Barcelos,2026-09-13 04:00:00,453.0,4.530,453.0,453.0,4,2026-09-13 04:45:00
14110000,Cucuí,2026-09-13 05:00:00,1597.0,15.970,1597.0,1597.0,4,2026-09-13 05:45:00
14280001,Taracuá,2026-09-13 05:00:00,1285.0,12.850,1285.0,1285.0,4,2026-09-13 05:45:00
14330000,Curicuriari,2026-09-13 05:00:00,945.0,9.450,945.0,945.0,4,2026-09-13 05:45:00
14420000,Serrinha,2026-09-13 05:00:00,668.0,6.680,668.0,669.0,4,2026-09-13 05:45:00
14480002,Barcelos,2026-09-13 05:00:00,453.0,4.530,453.0,453.0,4,2026-09-13 05:45:00
14110000,Cucuí,2026-09-13 06:00:00,1597.0,15.970,1597.0,1597.0,4,2026-09-13 06:45:00
14280001,Taracuá,2026-09-13 06:00:00,1285.0,12.850,1285.0,1285.0,4,2026-09-13 06:45:00
14330000,Curicuriari,2026-09-13 06:00:00,945.0,9.450,945.0,945.0,4,2026-09-13 06:45:00
14420000,Serrinha,2026-09-13 06:00:00,668.0,6.680,668.0,668.0,4,2026-09-13 06:45:00
14480002,Barcelos,2026-09-13 06:00:00,453.0,4.530,453.0,453.0,4,2026-09-13 06:45:00
14110000,Cucuí,2026-09-13 07:00:00,1598.0,15.980,1597.0,1598.0,4,2026-09-13 07:45:00
14280001,Taracuá,2026-09-13 07:00:00,1285.0,12.850,1285.0,1285.0,4,2026-09-13 07:45:00
14330000,Curicuriari,2026-09-13 07:00:00,944.5,9.445,944.0,945.0,4,2026-09-13 07:45:00
14420000,Serrinha,2026-09-13 07:00:00,668.0,6.680,668.0,668.0,4,2026-09-13 07:45:00
14480002,Barcelos,2026-09-13 07:00:00,452.5,4.525,452.0,453.0,4,2026-09-13 07:45:00
14110000,Cucuí,2026-09-13 08:00:00,1598.0,15.980,1598.0,1598.0,4,2026-09-13 08:45:00
14280001,Taracuá,2026-09-13 08:00:00,1285.0,12.850,1285.0,1285.0,4,2026-09-13 08:45:00
14330000,Curicuriari,2026-09-13 08:00:00,944.0,9.440,944.0,944.0,4,2026-09-13 08:45:00
14420000,Serrinha,2026-09-13 08:00:00,667.0,6.670,667.0,668.0,4,2026-09-13 08:45:00
14480002,Barcelos,2026-09-13 08:00:00,452.0,4.520,452.0,452.0,4,2026-09-13 08:45:00
14110000,Cucuí,2026-09-13 09:00:00,1598.0,15.980,1598.0,1598.0,4,2026-09-13 09:45:00
14280001,Taracuá,2026-09-13 09:00:00,1285.0,12.850,1285.0,1285.0,4,2026-09-13 09:45:00
14330000,Curicuriari,2026-09-13 09:00:00,944.0,9.440,944.0,944.0,4,2026-09-13 09:45:00
14420000,Serrinha,2026-09-13 09:00:00,667.0,6.670,667.0,668.0,4,2026-09-13 09:45:00
14480002,Barcelos,2026-09-13 09:00:00,452.0,4.520,452.0,452.0,4,2026-09-13 09:45:00
14110000,Cucuí,2026-09-13 10:00:00,1598.0,15.980,1598.0,1598.0,4,2026-09-13 10:45:00
14280001,Taracuá,2026-09-13 10:00:00,1285.0,12.850,1285.0,1285.0,4,2026-09-13 10:45:00
14330000,Curicuriari,2026-09-13 10:00:00,943.0,9.430,943.0,944.0,4,2026-09-13 10:45:00
14420000,Serrinha,2026-09-13 10:00:00,667.0,6.670,667.0,667.0,4,2026-09-13 10:45:00
14480002,Barcelos,2026-09-13 10:00:00,451.0,4.510,451.0,452.0,4,2026-09-13 10:45:00
14110000,Cucuí,2026-09-13 11:00:00,1598.0,15.980,1598.0,1598.0,4,2026-09-13 11:45:00
14280001,Taracuá,2026-09-13 11:00:00,1285.0,12.850,1285.0,1285.0,4,2026-09-13 11:45:00
14330000,Curicuriari,2026-09-13 11:00:00,943.0,9.430,943.0,943.0,4,2026-09-13 11:45:00
14420000,Serrinha,2026-09-13 11:00:00,666.0,6.660,666.0,667.0,4,2026-09-13 11:45:00
14480002,Barcelos,2026-09-13 11:00:00,451.0,4.510,451.0,451.0,4,2026-09-13 11:45:00
14110000,Cucuí,2026-09-13 12:00:00,1598.0,15.980,1598.0,1598.0,4,2026-09-13 12:45:00
14280001,Taracuá,2026-09-13 12:00:00,1285.0,12.850,1285.0,1285.0,4,2026-09-13 12:45:00
14330000,Curicuriari,2026-09-13 12:00:00,942.5,9.425,942.0,943.0,4,2026-09-13 12:45:00
14420000,Serrinha,2026-09-13 12:00:00,666.0,6.660,666.0,666.0,4,2026-09-13 12:45:00
14480002,Barcelos,2026-09-13 12:00:00,451.0,4.510,451.0,451.0,4,2026-09-13 12:45:00
14110000,Cucuí,2026-09-13 13:00:00,1599.0,15.990,1598.0,1599.0,4,2026-09-13 13:45:00
14280001,Taracuá,2026-09-13 13:00:00,1285.0,12.850,1285.0,1285.0,4,2026-09-13 13:45:00
14330000,Curicuriari,2026-09-13 13:00:00,942.0,9.420,942.0,942.0,4,2026-09-13 13:45:00
14420000,Serrinha,2026-09-13 13:00:00,666.0,6.660,666.0,666.0,4,2026-09-13 13:45:00
14480002,Barcelos,2026-09-13 13:00:00,451.0,4.510,451.0,451.0,4,2026-09-13 13:45:00
14110000,Cucuí,2026-09-13 14:00:00,1599.0,15.990,1599.0,1599.0,4,2026-09-13 14:45:00
14280001,Taracuá,2026-09-13 14:00:00,1285.0,12.850,1285.0,1285.0,4,2026-09-13 14:45:00
14330000,Curicuriari,2026-09-13 14:00:00,942.0,9.420,942.0,942.0,4,2026-09-13 14:45:00
14420000,Serrinha,2026-09-13 14:00:00,665.0,6.650,665.0,665.0,4,2026-09-13 14:45:00
14480002,Barcelos,2026-09-13 14:00:00,451.0,4.510,450.0,451.0,4,2026-09-13 14:45:00
14110000,Cucuí,2026-09-13 15:00:00,1599.0,15.990,1599.0,1599.0,4,2026-09-13 15:45:00
14280001,Taracuá,2026-09-13 15:00:00,1285.0,12.850,1285.0,1285.0,4,2026-09-13 15:45:00
14330000,Curicuriari,2026-09-13 15:00:00,942.0,9.420,942.0,942.0,4,2026-09-13 15:45:00
14420000,Serrinha,2026-09-13 15:00:00,665.0,6.650,665.0,665.0,4,2026-09-13 15:45:00
14480002,Barcelos,2026-09-13 15:00:00,450.0,4.500,450.0,450.0,4,2026-09-13 15:45:00
14110000,Cucuí,2026-09-13 16:00:00,1599.0,15.990,1599.0,1599.0,4,2026-09-13 16:45:00
14280001,Taracuá,2026-09-13 16:00:00,1285.0,12.850,1285.0,1285.0,4,2026-09-13 16:45:00
14330000,Curicuriari,2026-09-13 16:00:00,942.0,9.420,942.0,942.0,4,2026-09-13 16:45:00
14420000,Serrinha,2026-09-13 16:00:00,665.0,6.650,665.0,665.0,4,2026-09-13 16:45:00
14480002,Barcelos,2026-09-13 16:00:00,450.0,4.500,450.0,450.0,4,2026-09-13 16:45:00
14110000,Cucuí,2026-09-13 17:00:00,1599.0,15.990,1599.0,1599.0,4,2026-09-13 17:45:00
14280001,Taracuá,2026-09-13 17:00:00,1285.0,12.850,1285.0,1285.0,4,2026-09-13 17:45:00
14330000,Curicuriari,2026-09-13 17:00:00,942.0,9.420,942.0,942.0,4,2026-09-13 17:45:00
14420000,Serrinha,2026-09-13 17:00:00,665.0,6.650,665.0,665.0,4,2026-09-13 17:45:00
14480002,Barcelos,2026-09-13 17:00:00,450.0,4.500,450.0,450.0,4,2026-09-13 17:45:00
14110000,Cucuí,2026-09-13 18:00:00,1599.5,15.995,1599.0,1600.0,4,2026-09-13 18:45:00
14280001,Taracuá,2026-09-13 18:00:00,1285.0,12.850,1285.0,1285.0,4,2026-09-13 18:45:00
14330000,Curicuriari,2026-09-13 18:00:00,942.0,9.420,942.0,942.0,4,2026-09-13 18:45:00
14420000,Serrinha,2026-09-13 18:00:00,664.0,6.640,664.0,665.0,4,2026-09-13 18:45:00
14480002,Barcelos,2026-09-13 18:00:00,449.0,4.490,449.0,449.0,4,2026-09-13 18:45:00
14110000,Cucuí,2026-09-13 19:00:00,1599.5,15.995,1599.0,1600.0,4,2026-09-13 19:45:00
14280001,Taracuá,2026-09-13 19:00:00,1285.0,12.850,1285.0,1285.0,4,2026-09-13 19:45:00
14330000,Curicuriari,2026-09-13 19:00:00,941.0,9.410,941.0,942.0,4,2026-09-13 19:45:00
14420000,Serrinha,2026-09-13 19:00:00,664.0,6.640,664.0,664.0,4,2026-09-13 19:45:00
14480002,Barcelos,2026-09-13 19:00:00,449.0,4.490,449.0,449.0,4,2026-09-13 19:45:00
14110000,Cucuí,2026-09-13 20:00:00,1599.0,15.990,1599.0,1600.0,4,2026-09-13 20:45:00
14280001,Taracuá,2026-09-13 20:00:00,1285.0,12.850,1285.0,1285.0,4,2026-09-13 20:45:00
14330000,Curicuriari,2026-09-13 20:00:00,941.0,9.410,941.0,941.0,4,2026-09-13 20:45:00
14420000,Serrinha,2026-09-13 20:00:00,664.0,6.640,664.0,664.0,4,2026-09-13 20:45:00
14480002,Barcelos,2026-09-13 20:00:00,449.0,4.490,448.0,449.0,4,2026-09-13 20:45:00
14110000,Cucuí,2026-09-13 21:00:00,1600.0,16.000,1600.0,1600.0,4,2026-09-13 21:45:00
14280001,Taracuá,2026-09-13 21:00:00,1285.0,12.850,1285.0,1285.0,4,2026-09-13 21:45:00
14330000,Curicuriari,2026-09-13 21:00:00,941.0,9.410,940.0,941.0,4,2026-09-13 21:45:00
14420000,Serrinha,2026-09-13 21:00:00,663.5,6.635,663.0,664.0,4,2026-09-13 21:45:00
14480002,Barcelos,2026-09-13 21:00:00,448.0,4.480,448.0,448.0,4,2026-09-13 21:45:00
14110000,Cucuí,2026-09-13 22:00:00,1600.0,16.000,1600.0,1600.0,4,2026-09-13 22:45:00
14280001,Taracuá,2026-09-13 22:00:00,1285.0,12.850,1285.0,1285.0,4,2026-09-13 22:45:00
14330000,Curicuriari,2026-09-13 22:00:00,940.0,9.400,940.0,940.0,4,2026-09-13 22:45:00
14420000,Serrinha,2026-09-13 22:00:00,663.0,6.630,663.0,663.0,4,2026-09-13 22:45:00
14480002,Barcelos,2026-09-13 22:00:00,448.0,4.480,448.0,448.0,4,2026-09-13 22:45:00
14110000,Cucuí,2026-09-13 23:00:00,1600.0,16.000,1600.0,1600.0,4,2026-09-13 23:45:00
14280001,Taracuá,2026-09-13 23:00:00,1285.0,12.850,1285.0,1285.0,4,2026-09-13 23:45:00
14330000,Curicuriari,2026-09-13 23:00:00,940.0,9.400,940.0,940.0,4,2026-09-13 23:45:00
14420000,Serrinha,2026-09-13 23:00:00,663.0,6.630,663.0,663.0,4,2026-09-13 23:45:00
14480002,Barcelos,2026-09-13 23:00:00,448.0,4.480,447.0,448.0,4,2026-09-13 23:45:00
14110000,Cucuí,2026-09-14 00:00:00,1600.0,16.000,1600.0,1600.0,4,2026-09-14 00:45:00
14280001,Taracuá,2026-09-14 00:00:00,1285.0,12.850,1285.0,1285.0,4,2026-09-14 00:45:00
14330000,Curicuriari,2026-09-14 00:00:00,939.5,9.395,939.0,940.0,4,2026-09-14 00:45:00
14420000,Serrinha,2026-09-14 00:00:00,662.5,6.625,662.0,663.0,4,2026-09-14 00:45:00
14480002,Barcelos,2026-09-14 00:00:00,447.0,4.470,447.0,447.0,4,2026-09-14 00:45:00
14110000,Cucuí,2026-09-14 01:00:00,1600.0,16.000,1600.0,1600.0,4,2026-09-14 01:45:00
14280001,Taracuá,2026-09-14 01:00:00,1285.0,12.850,1284.0,1285.0,4,2026-09-14 01:45:00
14330000,Curicuriari,2026-09-14 01:00:00,939.0,9.390,939.0,939.0,4,2026-09-14 01:45:00
14420000,Serrinha,2026-09-14 01:00:00,662.0,6.620,662.0,662.0,4,2026-09-14 01:45:00
14480002,Barcelos,2026-09-14 01:00:00,447.0,4.470,447.0,447.0,4,2026-09-14 01:45:00
14110000,Cucuí,2026-09-14 02:00:00,1600.0,16.000,1600.0,1600.0,4,2026-09-14 02:45:00
14280001,Taracuá,2026-09-14 02:00:00,1284.0,12.840,1284.0,1285.0,4,2026-09-14 02:45:00
14330000,Curicuriari,2026-09-14 02:00:00,939.0,9.390,939.0,939.0,4,2026-09-14 02:45:00
14420000,Serrinha,2026-09-14 02:00:00,662.0,6.620,662.0,662.0,4,2026-09-14 02:45:00
14480002,Barcelos,2026-09-14 02:00:00,447.0,4.470,447.0,447.0,4,2026-09-14 02:45:00
14110000,Cucuí,2026-09-14 03:00:00,1601.0,16.010,1600.0,1601.0,4,2026-09-14 03:45:00
14280001,Taracuá,2026-09-14 03:00:00,1284.0,12.840,1284.0,1284.0,4,2026-09-14 03:45:00
14330000,Curicuriari,2026-09-14 03:00:00,938.0,9.380,938.0,939.0,4,2026-09-14 03:45:00
14420000,Serrinha,2026-09-14 03:00:00,661.0,6.610,661.0,661.0,4,2026-09-14 03:45:00
14480002,Barcelos,2026-09-14 03:00:00,446.0,4.460,446.0,446.0,4,2026-09-14 03:45:00
14110000,Cucuí,2026-09-14 04:00:00,1601.0,16.010,1601.0,1601.0,4,2026-09-14 04:45:00
14280001,Taracuá,2026-09-14 04:00:00,1284.0,12.840,1284.0,1285.0,4,2026-09-14 04:45:00
14330000,Curicuriari,2026-09-14 04:00:00,938.0,9.380,938.0,938.0,4,2026-09-14 04:45:00
14420000,Serrinha,2026-09-14 04:00:00,661.0,6.610,661.0,661.0,4,2026-09-14 04:45:00
14480002,Barcelos,2026-09-14 04:00:00,446.0,4.460,446.0,446.0,4,2026-09-14 04:45:00
14110000,Cucuí,2026-09-14 05:00:00,1601.0,16.010,1601.0,1601.0,4,2026-09-14 05:45:00
14280001,Taracuá,2026-09-14 05:00:00,1284.0,12.840,1284.0,1285.0,4,2026-09-14 05:45:00
14330000,Curicuriari,2026-09-14 05:00:00,938.0,9.380,938.0,938.0,4,2026-09-14 05:45:00
14420000,Serrinha,2026-09-14 05:00:00,661.0,6.610,660.0,661.0,4,2026-09-14 05:45:00
14480002,Barcelos,2026-09-14 05:00:00,446.0,4.460,446.0,446.0,4,2026-09-14 05:45:00
14110000,Cucuí,2026-09-14 06:00:00,1601.0,16.010,1601.0,1601.0,4,2026-09-14 06:45:00
14280001,Taracuá,2026-09-14 06:00:00,1284.0,12.840,1284.0,1284.0,4,2026-09-14 06:45:00
14330000,Curicuriari,2026-09-14 06:00:00,938.0,9.380,938.0,938.0,4,2026-09-14 06:45:00
14420000,Serrinha,2026-09-14 06:00:00,660.0,6.600,660.0,661.0,4,2026-09-14 06:45:00
14480002,Barcelos,2026-09-14 06:00:00,446.0,4.460,445.0,446.0,4,2026-09-14 06:45:00
14110000,Cucuí,2026-09-14 07:00:00,1601.0,16.010,1601.0,1601.0,4,2026-09-14 07:45:00
14280001,Taracuá,2026-09-14 07:00:00,1284.0,12.840,1284.0,1284.0,4,2026-09-14 07:45:00
14330000,Curicuriari,2026-09-14 07:00:00,937.0,9.370,937.0,937.0,4,2026-09-14 07:45:00
14420000,Serrinha,2026-09-14 07:00:00,660.0,6.600,660.0,660.0,4,2026-09-14 07:45:00
14480002,Barcelos,2026-09-14 07:00:00,445.0,4.450,445.0,445.0,4,2026-09-14 07:45:00
14110000,Cucuí,2026-09-14 08:00:00,1601.0,16.010,1601.0,1601.0,4,2026-09-14 08:45:00
14280001,Taracuá,2026-09-14 08:00:00,1284.0,12.840,1284.0,1284.0,4,2026-09-14 08:45:00
14330000,Curicuriari,2026-09-14 08:00:00,937.0,9.370,937.0,937.0,4,2026-09-14 08:45:00
14420000,Serrinha,2026-09-14 08:00:00,660.0,6.600,660.0,660.0,4,2026-09-14 08:45:00
14480002,Barcelos,2026-09-14 08:00:00,445.0,4.450,445.0,445.0,4,2026-09-14 08:45:00
14110000,Cucuí,2026-09-14 09:00:00,1602.0,16.020,1602.0,1602.0,4,2026-09-14 09:45:00
14280001,Taracuá,2026-09-14 09:00:00,1284.0,12.840,1284.0,1284.0,4,2026-09-14 09:45:00
14330000,Curicuriari,2026-09-14 09:00:00,937.0,9.370,937.0,937.0,4,2026-09-14 09:45:00
14420000,Serrinha,2026-09-14 09:00:00,660.0,6.600,659.0,660.0,4,2026-09-14 09:45:00
14480002,Barcelos,2026-09-14 09:00:00,445.0,4.450,445.0,445.0,4,2026-09-14 09:45:00
14110000,Cucuí,2026-09-14 10:00:00,1602.0,16.020,1602.0,1602.0,4,2026-09-14 10:45:00
14280001,Taracuá,2026-09-14 10:00:00,1284.0,12.840,1284.0,1284.0,4,2026-09-14 10:45:00
14330000,Curicuriari,2026-09-14 10:00:00,936.0,9.360,936.0,936.0,4,2026-09-14 10:45:00
14420000,Serrinha,2026-09-14 10:00:00,659.0,6.590,659.0,659.0,4,2026-09-14 10:45:00
14480002,Barcelos,2026-09-14 10:00:00,444.0,4.440,444.0,444.0,4,2026-09-14 10:45:00
14110000,Cucuí,2026-09-14 11:00:00,1602.0,16.020,1602.0,1602.0,4,2026-09-14 11:45:00
14280001,Taracuá,2026-09-14 11:00:00,1284.0,12.840,1284.0,1284.0,4,2026-09-14 11:45:00
14330000,Curicuriari,2026-09-14 11:00:00,936.0,9.360,936.0,936.0,4,2026-09-14 11:45:00
14420000,Serrinha,2026-09-14 11:00:00,659.0,6.590,659.0,659.0,4,2026-09-14 11:45:00
14480002,Barcelos,2026-09-14 11:00:00,444.0,4.440,444.0,444.0,4,2026-09-14 11:45:00
14110000,Cucuí,2026-09-14 12:00:00,1602.0,16.020,1602.0,1602.0,4,2026-09-14 12:45:00
14280001,Taracuá,2026-09-14 12:00:00,1283.5,12.835,1283.0,1284.0,4,2026-09-14 12:45:00
14330000,Curicuriari,2026-09-14 12:00:00,936.0,9.360,936.0,936.0,4,2026-09-14 12:45:00
14420000,Serrinha,2026-09-14 12:00:00,658.5,6.585,658.0,659.0,4,2026-09-14 12:45:00
14480002,Barcelos,2026-09-14 12:00:00,444.0,4.440,444.0,444.0,4,2026-09-14 12:45:00
14110000,Cucuí,2026-09-14 13:00:00,1602.0,16.020,1602.0,1602.0,4,2026-09-14 13:45:00
14280001,Taracuá,2026-09-14 13:00:00,1283.0,12.830,1283.0,1284.0,4,2026-09-14 13:45:00
14330000,Curicuriari,2026-09-14 13:00:00,936.0,9.360,935.0,936.0,4,2026-09-14 13:45:00
14420000,Serrinha,2026-09-14 13:00:00,658.0,6.580,658.0,658.0,4,2026-09-14 13:45:00
14480002,Barcelos,2026-09-14 13:00:00,443.0,4.430,443.0,443.0,4,2026-09-14 13:45:00
14110000,Cucuí,2026-09-14 14:00:00,1603.0,16.030,1602.0,1603.0,4,2026-09-14 14:45:00
14280001,Taracuá,2026-09-14 14:00:00,1283.0,12.830,1283.0,1283.0,4,2026-09-14 14:45:00
14330000,Curicuriari,2026-09-14 14:00:00,935.0,9.350,935.0,935.0,4,2026-09-14 14:45:00
14420000,Serrinha,2026-09-14 14:00:00,658.0,6.580,658.0,658.0,4,2026-09-14 14:45:00
14480002,Barcelos,2026-09-14 14:00:00,443.0,4.430,443.0,443.0,4,2026-09-14 14:45:00
14110000,Cucuí,2026-09-14 15:00:00,1603.0,16.030,1603.0,1603.0,4,2026-09-14 15:45:00
14280001,Taracuá,2026-09-14 15:00:00,1283.0,12.830,1283.0,1283.0,4,2026-09-14 15:45:00
14330000,Curicuriari,2026-09-14 15:00:00,935.0,9.350,935.0,935.0,4,2026-09-14 15:45:00
14420000,Serrinha,2026-09-14 15:00:00,658.0,6.580,658.0,658.0,4,2026-09-14 15:45:00
14480002,Barcelos,2026-09-14 15:00:00,443.0,4.430,443.0,443.0,4,2026-09-14 15:45:00
14110000,Cucuí,2026-09-14 16:00:00,1603.0,16.030,1603.0,1603.0,4,2026-09-14 16:45:00
14280001,Taracuá,2026-09-14 16:00:00,1283.0,12.830,1283.0,1283.0,4,2026-09-14 16:45:00
14330000,Curicuriari,2026-09-14 16:00:00,935.0,9.350,935.0,935.0,4,2026-09-14 16:45:00
14420000,Serrinha,2026-09-14 16:00:00,657.0,6.570,657.0,658.0,4,2026-09-14 16:45:00
14480002,Barcelos,2026-09-14 16:00:00,442.0,4.420,442.0,442.0,4,2026-09-14 16:45:00
14110000,Cucuí,2026-09-14 17:00:00,1603.0,16.030,1603.0,1604.0,4,2026-09-14 17:45:00
14280001,Taracuá,2026-09-14 17:00:00,1283.0,12.830,1283.0,1283.0,4,2026-09-14 17:45:00
14330000,Curicuriari,2026-09-14 17:00:00,935.5,9.355,934.0,937.0,4,2026-09-14 17:45:00
14420000,Serrinha,2026-09-14 17:00:00,657.0,6.570,657.0,657.0,4,2026-09-14 17:45:00
14480002,Barcelos,2026-09-14 17:00:00,442.0,4.420,442.0,442.0,4,2026-09-14 17:45:00
14110000,Cucuí,2026-09-14 18:00:00,1603.0,16.030,1603.0,1603.0,4,2026-09-14 18:45:00
14280001,Taracuá,2026-09-14 18:00:00,1283.0,12.830,1283.0,1283.0,4,2026-09-14 18:45:00
14330000,Curicuriari,2026-09-14 18:00:00,936.0,9.360,935.0,936.0,4,2026-09-14 18:45:00
14420000,Serrinha,2026-09-14 18:00:00,657.0,6.570,657.0,657.0,4,2026-09-14 18:45:00
14480002,Barcelos,2026-09-14 18:00:00,442.0,4.420,442.0,442.0,4,2026-09-14 18:45:00
14110000,Cucuí,2026-09-14 19:00:00,1603.5,16.035,1603.0,1604.0,4,2026-09-14 19:45:00
14280001,Taracuá,2026-09-14 19:00:00,1283.0,12.830,1283.0,1283.0,4,2026-09-14 19:45:00
14330000,Curicuriari,2026-09-14 19:00:00,935.5,9.355,935.0,936.0,4,2026-09-14 19:45:00
14420000,Serrinha,2026-09-14 19:00:00,656.0,6.560,656.0,656.0,4,2026-09-14 19:45:00
14480002,Barcelos,2026-09-14 19:00:00,441.0,4.410,441.0,441.0,4,2026-09-14 19:45:00
14110000,Cucuí,2026-09-14 20:00:00,1604.0,16.040,1604.0,1604.0,4,2026-09-14 20:45:00
14280001,Taracuá,2026-09-14 20:00:00,1283.0,12.830,1283.0,1283.0,4,2026-09-14 20:45:00
14330000,Curicuriari,2026-09-14 20:00:00,935.0,9.350,935.0,935.0,4,2026-09-14 20:45:00
14420000,Serrinha,2026-09-14 20:00:00,656.0,6.560,656.0,656.0,4,2026-09-14 20:45:00
14480002,Barcelos,2026-09-14 20:00:00,441.0,4.410,441.0,441.0,4,2026-09-14 20:45:00
14110000,Cucuí,2026-09-14 21:00:00,1604.0,16.040,1604.0,1604.0,4,2026-09-14 21:45:00
14280001,Taracuá,2026-09-14 21:00:00,1283.0,12.830,1283.0,1283.0,4,2026-09-14 21:45:00
14330000,Curicuriari,2026-09-14 21:00:00,935.0,9.350,935.0,935.0,4,2026-09-14 21:45:00
14420000,Serrinha,2026-09-14 21:00:00,656.0,6.560,656.0,656.0,4,2026-09-14 21:45:00
14480002,Barcelos,2026-09-14 21:00:00,441.0,4.410,441.0,441.0,4,2026-09-14 21:45:00
14110000,Cucuí,2026-09-14 22:00:00,1604.0,16.040,1604.0,1604.0,4,2026-09-14 22:45:00
14280001,Taracuá,2026-09-14 22:00:00,1283.0,12.830,1283.0,1283.0,4,2026-09-14 22:45:00
14330000,Curicuriari,2026-09-14 22:00:00,935.0,9.350,935.0,935.0,4,2026-09-14 22:45:00
14420000,Serrinha,2026-09-14 22:00:00,655.0,6.550,655.0,656.0,4,2026-09-14 22:45:00
14480002,Barcelos,2026-09-14 22:00:00,440.0,4.400,440.0,440.0,4,2026-09-14 22:45:00
14110000,Cucuí,2026-09-14 23:00:00,1604.0,16.040,1604.0,1604.0,4,2026-09-14 23:45:00
14280001,Taracuá,2026-09-14 23:00:00,1283.0,12.830,1283.0,1283.0,4,2026-09-14 23:45:00
14330000,Curicuriari,2026-09-14 23:00:00,935.0,9.350,935.0,935.0,4,2026-09-14 23:45:00
14420000,Serrinha,2026-09-14 23:00:00,655.0,6.550,655.0,655.0,4,2026-09-14 23:45:00
14480002,Barcelos,2026-09-14 23:00:00,440.0,4.400,440.0,440.0,4,2026-09-14 23:45:00
14110000,Cucuí,2026-09-15 00:00:00,1605.0,16.050,1604.0,1605.0,4,2026-09-15 00:45:00
14280001,Taracuá,2026-09-15 00:00:00,1282.5,12.825,1282.0,1283.0,4,2026-09-15 00:45:00
14330000,Curicuriari,2026-09-15 00:00:00,935.0,9.350,935.0,935.0,4,2026-09-15 00:45:00
14420000,Serrinha,2026-09-15 00:00:00,655.0,6.550,655.0,655.0,4,2026-09-15 00:45:00
14480002,Barcelos,2026-09-15 00:00:00,440.0,4.400,439.0,440.0,4,2026-09-15 00:45:00
14110000,Cucuí,2026-09-15 01:00:00,1605.0,16.050,1605.0,1605.0,4,2026-09-15 01:45:00
14280001,Taracuá,2026-09-15 01:00:00,1283.0,12.830,1283.0,1283.0,4,2026-09-15 01:45:00
14330000,Curicuriari,2026-09-15 01:00:00,935.0,9.350,935.0,935.0,4,2026-09-15 01:45:00
14420000,Serrinha,2026-09-15 01:00:00,655.0,6.550,654.0,655.0,4,2026-09-15 01:45:00
14480002,Barcelos,2026-09-15 01:00:00,439.0,4.390,439.0,439.0,4,2026-09-15 01:45:00
14110000,Cucuí,2026-09-15 02:00:00,1605.0,16.050,1605.0,1605.0,4,2026-09-15 02:45:00
14280001,Taracuá,2026-09-15 02:00:00,1282.5,12.825,1282.0,1283.0,4,2026-09-15 02:45:00
14330000,Curicuriari,2026-09-15 02:00:00,935.0,9.350,935.0,935.0,4,2026-09-15 02:45:00
14420000,Serrinha,2026-09-15 02:00:00,654.0,6.540,654.0,654.0,4,2026-09-15 02:45:00
14480002,Barcelos,2026-09-15 02:00:00,439.0,4.390,439.0,439.0,4,2026-09-15 02:45:00
14110000,Cucuí,2026-09-15 03:00:00,1605.0,16.050,1605.0,1605.0,4,2026-09-15 03:45:00
14280001,Taracuá,2026-09-15 03:00:00,1282.0,12.820,1282.0,1283.0,4,2026-09-15 03:45:00
14330000,Curicuriari,2026-09-15 03:00:00,935.0,9.350,934.0,935.0,4,2026-09-15 03:45:00
14420000,Serrinha,2026-09-15 03:00:00,654.0,6.540,654.0,654.0,4,2026-09-15 03:45:00
14480002,Barcelos,2026-09-15 03:00:00,439.0,4.390,438.0,439.0,4,2026-09-15 03:45:00
14110000,Cucuí,2026-09-15 04:00:00,1606.0,16.060,1605.0,1606.0,4,2026-09-15 04:45:00
14280001,Taracuá,2026-09-15 04:00:00,1282.0,12.820,1282.0,1282.0,4,2026-09-15 04:45:00
14330000,Curicuriari,2026-09-15 04:00:00,934.0,9.340,934.0,934.0,4,2026-09-15 04:45:00
14420000,Serrinha,2026-09-15 04:00:00,654.0,6.540,654.0,654.0,4,2026-09-15 04:45:00
14480002,Barcelos,2026-09-15 04:00:00,438.0,4.380,438.0,438.0,4,2026-09-15 04:45:00
14110000,Cucuí,2026-09-15 05:00:00,1606.0,16.060,1606.0,1606.0,4,2026-09-15 05:45:00
14280001,Taracuá,2026-09-15 05:00:00,1282.0,12.820,1282.0,1282.0,4,2026-09-15 05:45:00
14330000,Curicuriari,2026-09-15 05:00:00,934.0,9.340,934.0,934.0,4,2026-09-15 05:45:00
14420000,Serrinha,2026-09-15 05:00:00,653.0,6.530,653.0,654.0,4,2026-09-15 05:45:00
14480002,Barcelos,2026-09-15 05:00:00,438.0,4.380,438.0,438.0,4,2026-09-15 05:45:00
14110000,Cucuí,2026-09-15 06:00:00,1606.5,16.065,1606.0,1607.0,4,2026-09-15 06:45:00
14280001,Taracuá,2026-09-15 06:00:00,1282.0,12.820,1282.0,1282.0,4,2026-09-15 06:45:00
14330000,Curicuriari,2026-09-15 06:00:00,934.5,9.345,934.0,935.0,4,2026-09-15 06:45:00
14420000,Serrinha,2026-09-15 06:00:00,653.0,6.530,653.0,653.0,4,2026-09-15 06:45:00
14480002,Barcelos,2026-09-15 06:00:00,437.5,4.375,437.0,438.0,4,2026-09-15 06:45:00
14110000,Cucuí,2026-09-15 07:00:00,1607.0,16.070,1607.0,1607.0,4,2026-09-15 07:45:00
14280001,Taracuá,2026-09-15 07:00:00,1282.0,12.820,1282.0,1282.0,4,2026-09-15 07:45:00
14330000,Curicuriari,2026-09-15 07:00:00,934.5,9.345,934.0,935.0,4,2026-09-15 07:45:00
14420000,Serrinha,2026-09-15 07:00:00,653.0,6.530,653.0,653.0,4,2026-09-15 07:45:00
14480002,Barcelos,2026-09-15 07:00:00,437.0,4.370,437.0,437.0,4,2026-09-15 07:45:00
14110000,Cucuí,2026-09-15 08:00:00,1607.5,16.075,1607.0,1608.0,4,2026-09-15 08:45:00
14280001,Taracuá,2026-09-15 08:00:00,1282.0,12.820,1282.0,1282.0,4,2026-09-15 08:45:00
14330000,Curicuriari,2026-09-15 08:00:00,934.0,9.340,934.0,934.0,4,2026-09-15 08:45:00
14420000,Serrinha,2026-09-15 08:00:00,653.0,6.530,652.0,653.0,4,2026-09-15 08:45:00
14480002,Barcelos,2026-09-15 08:00:00,437.0,4.370,437.0,437.0,4,2026-09-15 08:45:00
14110000,Cucuí,2026-09-15 09:00:00,1608.0,16.080,1607.0,1608.0,4,2026-09-15 09:45:00
14280001,Taracuá,2026-09-15 09:00:00,1282.0,12.820,1282.0,1282.0,4,2026-09-15 09:45:00
14330000,Curicuriari,2026-09-15 09:00:00,934.0,9.340,934.0,934.0,4,2026-09-15 09:45:00
14420000,Serrinha,2026-09-15 09:00:00,652.0,6.520,652.0,652.0,4,2026-09-15 09:45:00
14480002,Barcelos,2026-09-15 09:00:00,436.0,4.360,436.0,436.0,4,2026-09-15 09:45:00
14110000,Cucuí,2026-09-15 10:00:00,1608.0,16.080,1608.0,1608.0,4,2026-09-15 10:45:00
14280001,Taracuá,2026-09-15 10:00:00,1282.0,12.820,1282.0,1282.0,4,2026-09-15 10:45:00
14330000,Curicuriari,2026-09-15 10:00:00,934.0,9.340,934.0,934.0,4,2026-09-15 10:45:00
14420000,Serrinha,2026-09-15 10:00:00,652.0,6.520,652.0,652.0,4,2026-09-15 10:45:00
14480002,Barcelos,2026-09-15 10:00:00,436.0,4.360,436.0,436.0,4,2026-09-15 10:45:00
14110000,Cucuí,2026-09-15 11:00:00,1608.0,16.080,1608.0,1608.0,4,2026-09-15 11:45:00
14280001,Taracuá,2026-09-15 11:00:00,1282.0,12.820,1282.0,1282.0,4,2026-09-15 11:45:00
14330000,Curicuriari,2026-09-15 11:00:00,933.5,9.335,933.0,934.0,4,2026-09-15 11:45:00
14420000,Serrinha,2026-09-15 11:00:00,651.5,6.515,651.0,652.0,4,2026-09-15 11:45:00
14480002,Barcelos,2026-09-15 11:00:00,436.0,4.360,436.0,436.0,4,2026-09-15 11:45:00
14110000,Cucuí,2026-09-15 12:00:00,1608.5,16.085,1608.0,1609.0,4,2026-09-15 12:45:00
14280001,Taracuá,2026-09-15 12:00:00,1282.0,12.820,1282.0,1282.0,4,2026-09-15 12:45:00
14330000,Curicuriari,2026-09-15 12:00:00,933.5,9.335,933.0,934.0,4,2026-09-15 12:45:00
14420000,Serrinha,2026-09-15 12:00:00,651.0,6.510,651.0,652.0,4,2026-09-15 12:45:00
14480002,Barcelos,2026-09-15 12:00:00,436.0,4.360,436.0,436.0,4,2026-09-15 12:45:00
14110000,Cucuí,2026-09-15 13:00:00,1609.0,16.090,1609.0,1609.0,4,2026-09-15 13:45:00
14280001,Taracuá,2026-09-15 13:00:00,1281.0,12.810,1281.0,1282.0,4,2026-09-15 13:45:00
14330000,Curicuriari,2026-09-15 13:00:00,933.0,9.330,933.0,933.0,4,2026-09-15 13:45:00
14420000,Serrinha,2026-09-15 13:00:00,651.0,6.510,651.0,651.0,4,2026-09-15 13:45:00
14480002,Barcelos,2026-09-15 13:00:00,435.0,4.350,435.0,436.0,4,2026-09-15 13:45:00
14110000,Cucuí,2026-09-15 14:00:00,1609.0,16.090,1609.0,1609.0,4,2026-09-15 14:45:00
14280001,Taracuá,2026-09-15 14:00:00,1281.5,12.815,1281.0,1282.0,4,2026-09-15 14:45:00
14330000,Curicuriari,2026-09-15 14:00:00,933.0,9.330,933.0,933.0,4,2026-09-15 14:45:00
14420000,Serrinha,2026-09-15 14:00:00,651.0,6.510,650.0,651.0,4,2026-09-15 14:45:00
14480002,Barcelos,2026-09-15 14:00:00,435.0,4.350,435.0,435.0,4,2026-09-15 14:45:00
14110000,Cucuí,2026-09-15 15:00:00,1610.0,16.100,1610.0,1610.0,4,2026-09-15 15:45:00
14280001,Taracuá,2026-09-15 15:00:00,1281.0,12.810,1281.0,1281.0,4,2026-09-15 15:45:00
14330000,Curicuriari,2026-09-15 15:00:00,933.0,9.330,933.0,933.0,4,2026-09-15 15:45:00
14420000,Serrinha,2026-09-15 15:00:00,650.5,6.505,650.0,651.0,4,2026-09-15 15:45:00
14480002,Barcelos,2026-09-15 15:00:00,435.0,4.350,435.0,435.0,4,2026-09-15 15:45:00
14110000,Cucuí,2026-09-15 16:00:00,1610.0,16.100,1610.0,1610.0,4,2026-09-15 16:45:00
14280001,Taracuá,2026-09-15 16:00:00,1281.0,12.810,1281.0,1281.0,4,2026-09-15 16:45:00
14330000,Curicuriari,2026-09-15 16:00:00,933.0,9.330,933.0,933.0,4,2026-09-15 16:45:00
14420000,Serrinha,2026-09-15 16:00:00,650.0,6.500,650.0,650.0,4,2026-09-15 16:45:00
14480002,Barcelos,2026-09-15 16:00:00,435.0,4.350,434.0,435.0,4,2026-09-15 16:45:00
14110000,Cucuí,2026-09-15 17:00:00,1610.0,16.100,1610.0,1610.0,4,2026-09-15 17:45:00
14280001,Taracuá,2026-09-15 17:00:00,1281.0,12.810,1281.0,1281.0,4,2026-09-15 17:45:00
14330000,Curicuriari,2026-09-15 17:00:00,933.0,9.330,933.0,933.0,4,2026-09-15 17:45:00
14420000,Serrinha,2026-09-15 17:00:00,650.0,6.500,650.0,650.0,4,2026-09-15 17:45:00
14480002,Barcelos,2026-09-15 17:00:00,434.0,4.340,434.0,434.0,4,2026-09-15 17:45:00
14110000,Cucuí,2026-09-15 18:00:00,1610.0,16.100,1610.0,1611.0,4,2026-09-15 18:45:00
14280001,Taracuá,2026-09-15 18:00:00,1281.0,12.810,1281.0,1281.0,4,2026-09-15 18:45:00
14330000,Curicuriari,2026-09-15 18:00:00,933.0,9.330,933.0,933.0,4,2026-09-15 18:45:00
14420000,Serrinha,2026-09-15 18:00:00,650.0,6.500,650.0,650.0,4,2026-09-15 18:45:00
14480002,Barcelos,2026-09-15 18:00:00,434.0,4.340,434.0,434.0,4,2026-09-15 18:45:00
14110000,Cucuí,2026-09-15 19:00:00,1611.0,16.110,1611.0,1611.0,4,2026-09-15 19:45:00
14280001,Taracuá,2026-09-15 19:00:00,1281.0,12.810,1281.0,1281.0,4,2026-09-15 19:45:00
14330000,Curicuriari,2026-09-15 19:00:00,933.0,9.330,933.0,933.0,4,2026-09-15 19:45:00
14420000,Serrinha,2026-09-15 19:00:00,649.0,6.490,649.0,649.0,4,2026-09-15 19:45:00
14480002,Barcelos,2026-09-15 19:00:00,434.0,4.340,433.0,434.0,4,2026-09-15 19:45:00
14110000,Cucuí,2026-09-15 20:00:00,1611.0,16.110,1611.0,1612.0,4,2026-09-15 20:45:00
14280001,Taracuá,2026-09-15 20:00:00,1281.0,12.810,1281.0,1281.0,4,2026-09-15 20:45:00
14330000,Curicuriari,2026-09-15 20:00:00,933.0,9.330,933.0,933.0,4,2026-09-15 20:45:00
14420000,Serrinha,2026-09-15 20:00:00,649.0,6.490,649.0,649.0,4,2026-09-15 20:45:00
14480002,Barcelos,2026-09-15 20:00:00,433.0,4.330,433.0,434.0,4,2026-09-15 20:45:00
14110000,Cucuí,2026-09-15 21:00:00,1612.0,16.120,1612.0,1612.0,4,2026-09-15 21:45:00
14280001,Taracuá,2026-09-15 21:00:00,1281.0,12.810,1281.0,1281.0,4,2026-09-15 21:45:00
14330000,Curicuriari,2026-09-15 21:00:00,933.0,9.330,933.0,933.0,4,2026-09-15 21:45:00
14420000,Serrinha,2026-09-15 21:00:00,649.0,6.490,649.0,649.0,4,2026-09-15 21:45:00
14480002,Barcelos,2026-09-15 21:00:00,433.0,4.330,433.0,433.0,4,2026-09-15 21:45:00
14110000,Cucuí,2026-09-15 22:00:00,1612.0,16.120,1612.0,1612.0,4,2026-09-15 22:45:00
14280001,Taracuá,2026-09-15 22:00:00,1281.0,12.810,1281.0,1281.0,4,2026-09-15 22:45:00
14330000,Curicuriari,2026-09-15 22:00:00,933.0,9.330,933.0,934.0,4,2026-09-15 22:45:00
14420000,Serrinha,2026-09-15 22:00:00,649.0,6.490,649.0,649.0,4,2026-09-15 22:45:00
14480002,Barcelos,2026-09-15 22:00:00,433.0,4.330,433.0,433.0,4,2026-09-15 22:45:00
14110000,Cucuí,2026-09-15 23:00:00,1612.0,16.120,1612.0,1612.0,4,2026-09-15 23:45:00
14280001,Taracuá,2026-09-15 23:00:00,1281.0,12.810,1281.0,1281.0,4,2026-09-15 23:45:00
14330000,Curicuriari,2026-09-15 23:00:00,934.0,9.340,933.0,934.0,4,2026-09-15 23:45:00
14420000,Serrinha,2026-09-15 23:00:00,648.0,6.480,648.0,649.0,4,2026-09-15 23:45:00
14480002,Barcelos,2026-09-15 23:00:00,432.0,4.320,432.0,432.0,4,2026-09-15 23:45:00
14110000,Cucuí,2026-09-16 00:00:00,1613.0,16.130,1613.0,1613.0,4,2026-09-16 00:45:00
14280001,Taracuá,2026-09-16 00:00:00,1281.0,12.810,1281.0,1281.0,4,2026-09-16 00:45:00
14330000,Curicuriari,2026-09-16 00:00:00,933.0,9.330,933.0,933.0,4,2026-09-16 00:45:00
14420000,Serrinha,2026-09-16 00:00:00,648.0,6.480,648.0,648.0,4,2026-09-16 00:45:00
14480002,Barcelos,2026-09-16 00:00:00,432.0,4.320,432.0,432.0,4,2026-09-16 00:45:00
14110000,Cucuí,2026-09-16 01:00:00,1613.0,16.130,1613.0,1613.0,4,2026-09-16 01:45:00
14280001,Taracuá,2026-09-16 01:00:00,1281.0,12.810,1281.0,1281.0,4,2026-09-16 01:45:00
14330000,Curicuriari,2026-09-16 01:00:00,933.0,9.330,933.0,933.0,4,2026-09-16 01:45:00
14420000,Serrinha,2026-09-16 01:00:00,648.0,6.480,648.0,648.0,4,2026-09-16 01:45:00
14480002,Barcelos,2026-09-16 01:00:00,432.0,4.320,431.0,432.0,4,2026-09-16 01:45:00
14110000,Cucuí,2026-09-16 02:00:00,1613.5,16.135,1613.0,1614.0,4,2026-09-16 02:45:00
14280001,Taracuá,2026-09-16 02:00:00,1281.0,12.810,1281.0,1281.0,4,2026-09-16 02:45:00
14330000,Curicuriari,2026-09-16 02:00:00,933.0,9.330,933.0,933.0,4,2026-09-16 02:45:00
14420000,Serrinha,2026-09-16 02:00:00,648.0,6.480,647.0,648.0,4,2026-09-16 02:45:00
14480002,Barcelos,2026-09-16 02:00:00,431.0,4.310,431.0,431.0,4,2026-09-16 02:45:00
14110000,Cucuí,2026-09-16 03:00:00,1614.0,16.140,1614.0,1614.0,4,2026-09-16 03:45:00
14280001,Taracuá,2026-09-16 03:00:00,1281.0,12.810,1281.0,1281.0,4,2026-09-16 03:45:00
14330000,Curicuriari,2026-09-16 03:00:00,933.0,9.330,933.0,933.0,4,2026-09-16 03:45:00
14420000,Serrinha,2026-09-16 03:00:00,647.0,6.470,647.0,647.0,4,2026-09-16 03:45:00
14480002,Barcelos,2026-09-16 03:00:00,431.0,4.310,431.0,431.0,4,2026-09-16 03:45:00
14110000,Cucuí,2026-09-16 04:00:00,1614.0,16.140,1614.0,1614.0,4,2026-09-16 04:45:00
14280001,Taracuá,2026-09-16 04:00:00,1281.0,12.810,1281.0,1281.0,4,2026-09-16 04:45:00
14330000,Curicuriari,2026-09-16 04:00:00,933.0,9.330,933.0,933.0,4,2026-09-16 04:45:00
14420000,Serrinha,2026-09-16 04:00:00,647.0,6.470,647.0,647.0,4,2026-09-16 04:45:00
14480002,Barcelos,2026-09-16 04:00:00,431.0,4.310,430.0,431.0,4,2026-09-16 04:45:00
14110000,Cucuí,2026-09-16 05:00:00,1615.0,16.150,1615.0,1615.0,4,2026-09-16 05:45:00
14280001,Taracuá,2026-09-16 05:00:00,1281.0,12.810,1281.0,1281.0,4,2026-09-16 05:45:00
14330000,Curicuriari,2026-09-16 05:00:00,933.0,9.330,933.0,933.0,4,2026-09-16 05:45:00
14420000,Serrinha,2026-09-16 05:00:00,647.0,6.470,647.0,647.0,4,2026-09-16 05:45:00
14480002,Barcelos,2026-09-16 05:00:00,430.0,4.300,430.0,430.0,4,2026-09-16 05:45:00
14110000,Cucuí,2026-09-16 06:00:00,1615.0,16.150,1615.0,1615.0,4,2026-09-16 06:45:00
14280001,Taracuá,2026-09-16 06:00:00,1281.0,12.810,1281.0,1281.0,4,2026-09-16 06:45:00
14330000,Curicuriari,2026-09-16 06:00:00,933.0,9.330,933.0,933.0,4,2026-09-16 06:45:00
14420000,Serrinha,2026-09-16 06:00:00,646.5,6.465,646.0,647.0,4,2026-09-16 06:45:00
14480002,Barcelos,2026-09-16 06:00:00,431.0,4.310,430.0,431.0,4,2026-09-16 06:45:00
14110000,Cucuí,2026-09-16 07:00:00,1615.5,16.155,1615.0,1616.0,4,2026-09-16 07:45:00
14280001,Taracuá,2026-09-16 07:00:00,1281.0,12.810,1281.0,1281.0,4,2026-09-16 07:45:00
14330000,Curicuriari,2026-09-16 07:00:00,933.0,9.330,933.0,933.0,4,2026-09-16 07:45:00
14420000,Serrinha,2026-09-16 07:00:00,646.0,6.460,646.0,646.0,4,2026-09-16 07:45:00
14480002,Barcelos,2026-09-16 07:00:00,430.0,4.300,430.0,431.0,4,2026-09-16 07:45:00
14110000,Cucuí,2026-09-16 08:00:00,1616.0,16.160,1616.0,1616.0,4,2026-09-16 08:45:00
14280001,Taracuá,2026-09-16 08:00:00,1281.0,12.810,1281.0,1281.0,4,2026-09-16 08:45:00
14330000,Curicuriari,2026-09-16 08:00:00,933.0,9.330,933.0,933.0,4,2026-09-16 08:45:00
14420000,Serrinha,2026-09-16 08:00:00,646.0,6.460,646.0,646.0,4,2026-09-16 08:45:00
14480002,Barcelos,2026-09-16 08:00:00,430.0,4.300,430.0,430.0,4,2026-09-16 08:45:00
14110000,Cucuí,2026-09-16 09:00:00,1616.0,16.160,1616.0,1616.0,4,2026-09-16 09:45:00
14280001,Taracuá,2026-09-16 09:00:00,1281.0,12.810,1281.0,1282.0,4,2026-09-16 09:45:00
14330000,Curicuriari,2026-09-16 09:00:00,933.0,9.330,933.0,933.0,4,2026-09-16 09:45:00
14420000,Serrinha,2026-09-16 09:00:00,646.5,6.465,646.0,648.0,4,2026-09-16 09:45:00
14480002,Barcelos,2026-09-16 09:00:00,430.0,4.300,430.0,430.0,4,2026-09-16 09:45:00
14110000,Cucuí,2026-09-16 10:00:00,1617.0,16.170,1617.0,1617.0,4,2026-09-16 10:45:00
14280001,Taracuá,2026-09-16 10:00:00,1281.5,12.815,1281.0,1282.0,4,2026-09-16 10:45:00
14330000,Curicuriari,2026-09-16 10:00:00,933.5,9.335,933.0,934.0,4,2026-09-16 10:45:00
14420000,Serrinha,2026-09-16 10:00:00,648.0,6.480,647.0,649.0,4,2026-09-16 10:45:00
14480002,Barcelos,2026-09-16 10:00:00,429.0,4.290,429.0,430.0,4,2026-09-16 10:45:00
14110000,Cucuí,2026-09-16 11:00:00,1617.0,16.170,1617.0,1617.0,4,2026-09-16 11:45:00
14280001,Taracuá,2026-09-16 11:00:00,1282.0,12.820,1281.0,1282.0,4,2026-09-16 11:45:00
14330000,Curicuriari,2026-09-16 11:00:00,933.0,9.330,933.0,933.0,4,2026-09-16 11:45:00
14420000,Serrinha,2026-09-16 11:00:00,648.0,6.480,648.0,649.0,4,2026-09-16 11:45:00
14480002,Barcelos,2026-09-16 11:00:00,429.0,4.290,429.0,429.0,4,2026-09-16 11:45:00
14110000,Cucuí,2026-09-16 12:00:00,1618.0,16.180,1618.0,1618.0,4,2026-09-16 12:45:00
14280001,Taracuá,2026-09-16 12:00:00,1282.0,12.820,1282.0,1282.0,4,2026-09-16 12:45:00
14330000,Curicuriari,2026-09-16 12:00:00,933.0,9.330,933.0,934.0,4,2026-09-16 12:45:00
14420000,Serrinha,2026-09-16 12:00:00,648.5,6.485,648.0,649.0,4,2026-09-16 12:45:00
14480002,Barcelos,2026-09-16 12:00:00,429.0,4.290,429.0,429.0,4,2026-09-16 12:45:00
14110000,Cucuí,2026-09-16 13:00:00,1618.0,16.180,1618.0,1618.0,4,2026-09-16 13:45:00
14280001,Taracuá,2026-09-16 13:00:00,1282.0,12.820,1282.0,1282.0,4,2026-09-16 13:45:00
14330000,Curicuriari,2026-09-16 13:00:00,933.5,9.335,933.0,934.0,4,2026-09-16 13:45:00
14420000,Serrinha,2026-09-16 13:00:00,648.0,6.480,648.0,648.0,4,2026-09-16 13:45:00
14480002,Barcelos,2026-09-16 13:00:00,429.0,4.290,429.0,429.0,4,2026-09-16 13:45:00
14110000,Cucuí,2026-09-16 14:00:00,1619.0,16.190,1619.0,1620.0,4,2026-09-16 14:45:00
14280001,Taracuá,2026-09-16 14:00:00,1282.0,12.820,1282.0,1282.0,4,2026-09-16 14:45:00
14330000,Curicuriari,2026-09-16 14:00:00,936.0,9.360,934.0,937.0,4,2026-09-16 14:45:00
14420000,Serrinha,2026-09-16 14:00:00,648.0,6.480,647.0,648.0,4,2026-09-16 14:45:00
14480002,Barcelos,2026-09-16 14:00:00,428.0,4.280,428.0,429.0,4,2026-09-16 14:45:00
14110000,Cucuí,2026-09-16 15:00:00,1620.0,16.200,1620.0,1620.0,4,2026-09-16 15:45:00
14280001,Taracuá,2026-09-16 15:00:00,1282.0,12.820,1282.0,1282.0,4,2026-09-16 15:45:00
14330000,Curicuriari,2026-09-16 15:00:00,938.0,9.380,937.0,938.0,4,2026-09-16 15:45:00
14420000,Serrinha,2026-09-16 15:00:00,648.0,6.480,647.0,648.0,4,2026-09-16 15:45:00
14480002,Barcelos,2026-09-16 15:00:00,428.0,4.280,428.0,428.0,4,2026-09-16 15:45:00
14110000,Cucuí,2026-09-16 16:00:00,1620.5,16.205,1620.0,1621.0,4,2026-09-16 16:45:00
14280001,Taracuá,2026-09-16 16:00:00,1283.0,12.830,1282.0,1283.0,4,2026-09-16 16:45:00
14330000,Curicuriari,2026-09-16 16:00:00,938.0,9.380,938.0,938.0,4,2026-09-16 16:45:00
14420000,Serrinha,2026-09-16 16:00:00,647.0,6.470,647.0,648.0,4,2026-09-16 16:45:00
14480002,Barcelos,2026-09-16 16:00:00,428.0,4.280,428.0,428.0,4,2026-09-16 16:45:00
14110000,Cucuí,2026-09-16 17:00:00,1621.0,16.210,1621.0,1621.0,4,2026-09-16 17:45:00
14280001,Taracuá,2026-09-16 17:00:00,1284.0,12.840,1283.0,1285.0,4,2026-09-16 17:45:00
14330000,Curicuriari,2026-09-16 17:00:00,937.5,9.375,937.0,938.0,4,2026-09-16 17:45:00
14420000,Serrinha,2026-09-16 17:00:00,647.0,6.470,647.0,647.0,4,2026-09-16 17:45:00
14480002,Barcelos,2026-09-16 17:00:00,427.5,4.275,427.0,428.0,4,2026-09-16 17:45:00
14110000,Cucuí,2026-09-16 18:00:00,1622.0,16.220,1622.0,1622.0,4,2026-09-16 18:45:00
14280001,Taracuá,2026-09-16 18:00:00,1284.0,12.840,1283.0,1284.0,4,2026-09-16 18:45:00
14330000,Curicuriari,2026-09-16 18:00:00,937.0,9.370,937.0,937.0,4,2026-09-16 18:45:00
14420000,Serrinha,2026-09-16 18:00:00,647.0,6.470,647.0,647.0,4,2026-09-16 18:45:00
14480002,Barcelos,2026-09-16 18:00:00,427.0,4.270,427.0,427.0,4,2026-09-16 18:45:00
14110000,Cucuí,2026-09-16 19:00:00,1622.0,16.220,1622.0,1622.0,4,2026-09-16 19:45:00
14280001,Taracuá,2026-09-16 19:00:00,1284.0,12.840,1284.0,1284.0,4,2026-09-16 19:45:00
14330000,Curicuriari,2026-09-16 19:00:00,937.0,9.370,937.0,937.0,4,2026-09-16 19:45:00
14420000,Serrinha,2026-09-16 19:00:00,647.0,6.470,647.0,647.0,4,2026-09-16 19:45:00
14480002,Barcelos,2026-09-16 19:00:00,427.0,4.270,427.0,427.0,4,2026-09-16 19:45:00
14110000,Cucuí,2026-09-16 20:00:00,1622.0,16.220,1622.0,1622.0,4,2026-09-16 20:45:00
14280001,Taracuá,2026-09-16 20:00:00,1284.0,12.840,1284.0,1284.0,4,2026-09-16 20:45:00
14330000,Curicuriari,2026-09-16 20:00:00,937.0,9.370,937.0,937.0,4,2026-09-16 20:45:00
14420000,Serrinha,2026-09-16 20:00:00,647.0,6.470,646.0,647.0,4,2026-09-16 20:45:00
14480002,Barcelos,2026-09-16 20:00:00,427.0,4.270,426.0,427.0,4,2026-09-16 20:45:00
14110000,Cucuí,2026-09-16 21:00:00,1623.0,16.230,1623.0,1623.0,4,2026-09-16 21:45:00
14280001,Taracuá,2026-09-16 21:00:00,1284.0,12.840,1284.0,1285.0,4,2026-09-16 21:45:00
14330000,Curicuriari,2026-09-16 21:00:00,937.0,9.370,937.0,937.0,4,2026-09-16 21:45:00
14420000,Serrinha,2026-09-16 21:00:00,646.0,6.460,646.0,647.0,4,2026-09-16 21:45:00
14480002,Barcelos,2026-09-16 21:00:00,426.0,4.260,426.0,426.0,4,2026-09-16 21:45:00
14110000,Cucuí,2026-09-16 22:00:00,1623.0,16.230,1623.0,1624.0,4,2026-09-16 22:45:00
14280001,Taracuá,2026-09-16 22:00:00,1285.0,12.850,1285.0,1285.0,4,2026-09-16 22:45:00
14330000,Curicuriari,2026-09-16 22:00:00,937.0,9.370,937.0,937.0,4,2026-09-16 22:45:00
14420000,Serrinha,2026-09-16 22:00:00,646.0,6.460,646.0,646.0,4,2026-09-16 22:45:00
14480002,Barcelos,2026-09-16 22:00:00,426.0,4.260,426.0,426.0,4,2026-09-16 22:45:00
14110000,Cucuí,2026-09-16 23:00:00,1624.0,16.240,1624.0,1624.0,4,2026-09-16 23:45:00
14280001,Taracuá,2026-09-16 23:00:00,1285.0,12.850,1285.0,1285.0,4,2026-09-16 23:45:00
14330000,Curicuriari,2026-09-16 23:00:00,937.0,9.370,937.0,937.0,4,2026-09-16 23:45:00
14420000,Serrinha,2026-09-16 23:00:00,646.0,6.460,646.0,646.0,4,2026-09-16 23:45:00
14480002,Barcelos,2026-09-16 23:00:00,425.0,4.250,425.0,426.0,4,2026-09-16 23:45:00
14110000,Cucuí,2026-09-17 00:00:00,1624.0,16.240,1624.0,1624.0,4,2026-09-17 00:45:00
14280001,Taracuá,2026-09-17 00:00:00,1286.0,12.860,1285.0,1286.0,4,2026-09-17 00:45:00
14330000,Curicuriari,2026-09-17 00:00:00,937.0,9.370,937.0,937.0,4,2026-09-17 00:45:00
14420000,Serrinha,2026-09-17 00:00:00,646.0,6.460,646.0,647.0,4,2026-09-17 00:45:00
14480002,Barcelos,2026-09-17 00:00:00,425.0,4.250,425.0,425.0,4,2026-09-17 00:45:00
14110000,Cucuí,2026-09-17 01:00:00,1625.0,16.250,1625.0,1625.0,4,2026-09-17 01:45:00
14280001,Taracuá,2026-09-17 01:00:00,1286.0,12.860,1286.0,1286.0,4,2026-09-17 01:45:00
14330000,Curicuriari,2026-09-17 01:00:00,937.0,9.370,937.0,937.0,4,2026-09-17 01:45:00
14420000,Serrinha,2026-09-17 01:00:00,646.0,6.460,646.0,646.0,4,2026-09-17 01:45:00
14480002,Barcelos,2026-09-17 01:00:00,425.0,4.250,425.0,425.0,4,2026-09-17 01:45:00
14110000,Cucuí,2026-09-17 02:00:00,1625.0,16.250,1625.0,1625.0,4,2026-09-17 02:45:00
14280001,Taracuá,2026-09-17 02:00:00,1287.0,12.870,1287.0,1287.0,4,2026-09-17 02:45:00
14330000,Curicuriari,2026-09-17 02:00:00,938.0,9.380,938.0,938.0,4,2026-09-17 02:45:00
14420000,Serrinha,2026-09-17 02:00:00,646.0,6.460,646.0,646.0,4,2026-09-17 02:45:00
14480002,Barcelos,2026-09-17 02:00:00,424.5,4.245,424.0,425.0,4,2026-09-17 02:45:00
14110000,Cucuí,2026-09-17 03:00:00,1626.0,16.260,1626.0,1626.0,4,2026-09-17 03:45:00
14280001,Taracuá,2026-09-17 03:00:00,1287.0,12.870,1287.0,1288.0,4,2026-09-17 03:45:00
14330000,Curicuriari,2026-09-17 03:00:00,938.0,9.380,938.0,938.0,4,2026-09-17 03:45:00
14420000,Serrinha,2026-09-17 03:00:00,645.5,6.455,645.0,646.0,4,2026-09-17 03:45:00
14480002,Barcelos,2026-09-17 03:00:00,424.0,4.240,424.0,424.0,4,2026-09-17 03:45:00
14110000,Cucuí,2026-09-17 04:00:00,1626.0,16.260,1626.0,1626.0,4,2026-09-17 04:45:00
14280001,Taracuá,2026-09-17 04:00:00,1288.0,12.880,1288.0,1288.0,4,2026-09-17 04:45:00
14330000,Curicuriari,2026-09-17 04:00:00,938.0,9.380,938.0,939.0,4,2026-09-17 04:45:00
14420000,Serrinha,2026-09-17 04:00:00,646.0,6.460,645.0,646.0,4,2026-09-17 04:45:00
14480002,Barcelos,2026-09-17 04:00:00,424.0,4.240,424.0,424.0,4,2026-09-17 04:45:00
14110000,Cucuí,2026-09-17 05:00:00,1627.0,16.270,1627.0,1627.0,4,2026-09-17 05:45:00
14280001,Taracuá,2026-09-17 05:00:00,1288.5,12.885,1288.0,1289.0,4,2026-09-17 05:45:00
14330000,Curicuriari,2026-09-17 05:00:00,938.5,9.385,938.0,939.0,4,2026-09-17 05:45:00
14420000,Serrinha,2026-09-17 05:00:00,645.0,6.450,645.0,646.0,4,2026-09-17 05:45:00
14480002,Barcelos,2026-09-17 05:00:00,423.5,4.235,423.0,424.0,4,2026-09-17 05:45:00
14110000,Cucuí,2026-09-17 06:00:00,1627.0,16.270,1627.0,1627.0,4,2026-09-17 06:45:00
14280001,Taracuá,2026-09-17 06:00:00,1289.0,12.890,1289.0,1289.0,4,2026-09-17 06:45:00
14330000,Curicuriari,2026-09-17 06:00:00,939.0,9.390,939.0,939.0,4,2026-09-17 06:45:00
14420000,Serrinha,2026-09-17 06:00:00,645.0,6.450,645.0,645.0,4,2026-09-17 06:45:00
14480002,Barcelos,2026-09-17 06:00:00,423.0,4.230,423.0,423.0,4,2026-09-17 06:45:00
14110000,Cucuí,2026-09-17 07:00:00,1628.0,16.280,1628.0,1628.0,4,2026-09-17 07:45:00
14280001,Taracuá,2026-09-17 07:00:00,1290.0,12.900,1289.0,1290.0,4,2026-09-17 07:45:00
14330000,Curicuriari,2026-09-17 07:00:00,939.0,9.390,938.0,939.0,4,2026-09-17 07:45:00
14420000,Serrinha,2026-09-17 07:00:00,645.0,6.450,645.0,645.0,4,2026-09-17 07:45:00
14480002,Barcelos,2026-09-17 07:00:00,423.0,4.230,423.0,423.0,4,2026-09-17 07:45:00
14110000,Cucuí,2026-09-17 08:00:00,1628.0,16.280,1628.0,1629.0,4,2026-09-17 08:45:00
14280001,Taracuá,2026-09-17 08:00:00,1290.0,12.900,1290.0,1290.0,4,2026-09-17 08:45:00
14330000,Curicuriari,2026-09-17 08:00:00,939.0,9.390,939.0,940.0,4,2026-09-17 08:45:00
14420000,Serrinha,2026-09-17 08:00:00,645.0,6.450,645.0,645.0,4,2026-09-17 08:45:00
14480002,Barcelos,2026-09-17 08:00:00,423.0,4.230,423.0,423.0,4,2026-09-17 08:45:00
14110000,Cucuí,2026-09-17 09:00:00,1629.0,16.290,1629.0,1629.0,4,2026-09-17 09:45:00
14280001,Taracuá,2026-09-17 09:00:00,1291.0,12.910,1291.0,1291.0,4,2026-09-17 09:45:00
14330000,Curicuriari,2026-09-17 09:00:00,940.0,9.400,939.0,940.0,4,2026-09-17 09:45:00
14420000,Serrinha,2026-09-17 09:00:00,645.0,6.450,645.0,645.0,4,2026-09-17 09:45:00
14480002,Barcelos,2026-09-17 09:00:00,422.0,4.220,422.0,422.0,4,2026-09-17 09:45:00
14110000,Cucuí,2026-09-17 10:00:00,1629.0,16.290,1629.0,1630.0,4,2026-09-17 10:45:00
14280001,Taracuá,2026-09-17 10:00:00,1291.5,12.915,1291.0,1292.0,4,2026-09-17 10:45:00
14330000,Curicuriari,2026-09-17 10:00:00,940.0,9.400,940.0,940.0,4,2026-09-17 10:45:00
14420000,Serrinha,2026-09-17 10:00:00,645.0,6.450,645.0,645.0,4,2026-09-17 10:45:00
14480002,Barcelos,2026-09-17 10:00:00,422.0,4.220,422.0,422.0,4,2026-09-17 10:45:00
14110000,Cucuí,2026-09-17 11:00:00,1630.0,16.300,1630.0,1630.0,4,2026-09-17 11:45:00
14280001,Taracuá,2026-09-17 11:00:00,1292.0,12.920,1292.0,1293.0,4,2026-09-17 11:45:00
14330000,Curicuriari,2026-09-17 11:00:00,940.0,9.400,940.0,940.0,4,2026-09-17 11:45:00
14420000,Serrinha,2026-09-17 11:00:00,645.0,6.450,644.0,645.0,4,2026-09-17 11:45:00
14480002,Barcelos,2026-09-17 11:00:00,422.0,4.220,421.0,422.0,4,2026-09-17 11:45:00
14110000,Cucuí,2026-09-17 12:00:00,1630.5,16.305,1630.0,1631.0,4,2026-09-17 12:45:00
14280001,Taracuá,2026-09-17 12:00:00,1293.0,12.930,1293.0,1293.0,4,2026-09-17 12:45:00
14330000,Curicuriari,2026-09-17 12:00:00,940.0,9.400,940.0,941.0,4,2026-09-17 12:45:00
14420000,Serrinha,2026-09-17 12:00:00,644.0,6.440,644.0,644.0,4,2026-09-17 12:45:00
14480002,Barcelos,2026-09-17 12:00:00,421.5,4.215,421.0,422.0,4,2026-09-17 12:45:00
14110000,Cucuí,2026-09-17 13:00:00,1631.0,16.310,1631.0,1631.0,4,2026-09-17 13:45:00
14280001,Taracuá,2026-09-17 13:00:00,1294.0,12.940,1293.0,1294.0,4,2026-09-17 13:45:00
14330000,Curicuriari,2026-09-17 13:00:00,941.0,9.410,940.0,941.0,4,2026-09-17 13:45:00
14420000,Serrinha,2026-09-17 13:00:00,644.0,6.440,644.0,644.0,4,2026-09-17 13:45:00
14480002,Barcelos,2026-09-17 13:00:00,421.0,4.210,421.0,422.0,4,2026-09-17 13:45:00
14110000,Cucuí,2026-09-17 14:00:00,1631.5,16.315,1631.0,1632.0,4,2026-09-17 14:45:00
14280001,Taracuá,2026-09-17 14:00:00,1295.0,12.950,1294.0,1295.0,4,2026-09-17 14:45:00
14330000,Curicuriari,2026-09-17 14:00:00,941.0,9.410,941.0,941.0,4,2026-09-17 14:45:00
14420000,Serrinha,2026-09-17 14:00:00,644.0,6.440,644.0,644.0,4,2026-09-17 14:45:00
14480002,Barcelos,2026-09-17 14:00:00,421.0,4.210,421.0,421.0,4,2026-09-17 14:45:00
14110000,Cucuí,2026-09-17 15:00:00,1632.0,16.320,1632.0,1632.0,4,2026-09-17 15:45:00
14280001,Taracuá,2026-09-17 15:00:00,1295.0,12.950,1295.0,1296.0,4,2026-09-17 15:45:00
14330000,Curicuriari,2026-09-17 15:00:00,941.0,9.410,941.0,941.0,4,2026-09-17 15:45:00
14420000,Serrinha,2026-09-17 15:00:00,644.0,6.440,644.0,644.0,4,2026-09-17 15:45:00
14480002,Barcelos,2026-09-17 15:00:00,420.5,4.205,420.0,421.0,4,2026-09-17 15:45:00
14110000,Cucuí,2026-09-17 16:00:00,1633.0,16.330,1632.0,1633.0,4,2026-09-17 16:45:00
14280001,Taracuá,2026-09-17 16:00:00,1296.5,12.965,1296.0,1297.0,4,2026-09-17 16:45:00
14330000,Curicuriari,2026-09-17 16:00:00,941.0,9.410,941.0,942.0,4,2026-09-17 16:45:00
14420000,Serrinha,2026-09-17 16:00:00,644.0,6.440,644.0,644.0,4,2026-09-17 16:45:00
14480002,Barcelos,2026-09-17 16:00:00,420.0,4.200,420.0,420.0,4,2026-09-17 16:45:00
14110000,Cucuí,2026-09-17 17:00:00,1633.5,16.335,1633.0,1634.0,4,2026-09-17 17:45:00
14280001,Taracuá,2026-09-17 17:00:00,1297.0,12.970,1297.0,1297.0,4,2026-09-17 17:45:00
14330000,Curicuriari,2026-09-17 17:00:00,942.0,9.420,942.0,942.0,4,2026-09-17 17:45:00
14420000,Serrinha,2026-09-17 17:00:00,644.0,6.440,644.0,644.0,4,2026-09-17 17:45:00
14480002,Barcelos,2026-09-17 17:00:00,420.0,4.200,420.0,420.0,4,2026-09-17 17:45:00
14110000,Cucuí,2026-09-17 18:00:00,1634.0,16.340,1634.0,1634.0,4,2026-09-17 18:45:00
14280001,Taracuá,2026-09-17 18:00:00,1298.0,12.980,1298.0,1298.0,4,2026-09-17 18:45:00
14330000,Curicuriari,2026-09-17 18:00:00,942.0,9.420,942.0,942.0,4,2026-09-17 18:45:00
14420000,Serrinha,2026-09-17 18:00:00,644.0,6.440,644.0,644.0,4,2026-09-17 18:45:00
14480002,Barcelos,2026-09-17 18:00:00,420.0,4.200,420.0,420.0,4,2026-09-17 18:45:00
14110000,Cucuí,2026-09-17 19:00:00,1635.0,16.350,1634.0,1635.0,4,2026-09-17 19:45:00
14280001,Taracuá,2026-09-17 19:00:00,1299.0,12.990,1299.0,1299.0,4,2026-09-17 19:45:00
14330000,Curicuriari,2026-09-17 19:00:00,942.5,9.425,942.0,943.0,4,2026-09-17 19:45:00
14420000,Serrinha,2026-09-17 19:00:00,644.0,6.440,644.0,644.0,4,2026-09-17 19:45:00
14480002,Barcelos,2026-09-17 19:00:00,419.0,4.190,419.0,420.0,4,2026-09-17 19:45:00
14110000,Cucuí,2026-09-17 20:00:00,1635.0,16.350,1635.0,1635.0,4,2026-09-17 20:45:00
14280001,Taracuá,2026-09-17 20:00:00,1300.0,13.000,1300.0,1301.0,4,2026-09-17 20:45:00
14330000,Curicuriari,2026-09-17 20:00:00,943.0,9.430,943.0,943.0,4,2026-09-17 20:45:00
14420000,Serrinha,2026-09-17 20:00:00,644.0,6.440,644.0,644.0,4,2026-09-17 20:45:00
14480002,Barcelos,2026-09-17 20:00:00,419.0,4.190,419.0,419.0,4,2026-09-17 20:45:00
14110000,Cucuí,2026-09-17 21:00:00,1636.0,16.360,1635.0,1636.0,4,2026-09-17 21:45:00
14280001,Taracuá,2026-09-17 21:00:00,1301.0,13.010,1301.0,1301.0,4,2026-09-17 21:45:00
14330000,Curicuriari,2026-09-17 21:00:00,943.0,9.430,943.0,943.0,4,2026-09-17 21:45:00
14420000,Serrinha,2026-09-17 21:00:00,644.0,6.440,644.0,644.0,3,2026-09-17 21:30:00
14480002,Barcelos,2026-09-17 21:00:00,419.0,4.190,419.0,419.0,4,2026-09-17 21:45:00
14110000,Cucuí,2026-09-17 22:00:00,1636.0,16.360,1636.0,1636.0,4,2026-09-17 22:45:00
14280001,Taracuá,2026-09-17 22:00:00,1302.0,13.020,1302.0,1302.0,4,2026-09-17 22:45:00
14330000,Curicuriari,2026-09-17 22:00:00,944.0,9.440,943.0,944.0,4,2026-09-17 22:45:00
14420000,Serrinha,2026-09-17 22:00:00,644.0,6.440,644.0,644.0,1,2026-09-17 22:45:00
14480002,Barcelos,2026-09-17 22:00:00,419.0,4.190,418.0,419.0,4,2026-09-17 22:45:00
14110000,Cucuí,2026-09-17 23:00:00,1637.0,16.370,1636.0,1637.0,4,2026-09-17 23:45:00
14280001,Taracuá,2026-09-17 23:00:00,1303.0,13.030,1303.0,1304.0,4,2026-09-17 23:45:00
14330000,Curicuriari,2026-09-17 23:00:00,944.0,9.440,944.0,944.0,4,2026-09-17 23:45:00
14420000,Serrinha,2026-09-17 23:00:00,643.5,6.435,643.0,644.0,4,2026-09-17 23:45:00
14480002,Barcelos,2026-09-17 23:00:00,418.0,4.180,418.0,418.0,4,2026-09-17 23:45:00
14110000,Cucuí,2026-09-18 00:00:00,1637.0,16.370,1637.0,1638.0,4,2026-09-18 00:45:00
14280001,Taracuá,2026-09-18 00:00:00,1304.0,13.040,1303.0,1304.0,4,2026-09-18 00:45:00
14330000,Curicuriari,2026-09-18 00:00:00,944.0,9.440,944.0,944.0,4,2026-09-18 00:45:00
14420000,Serrinha,2026-09-18 00:00:00,643.0,6.430,643.0,643.0,4,2026-09-18 00:45:00
14480002,Barcelos,2026-09-18 00:00:00,418.0,4.180,418.0,418.0,4,2026-09-18 00:45:00
14110000,Cucuí,2026-09-18 01:00:00,1638.0,16.380,1638.0,1638.0,4,2026-09-18 01:45:00
14280001,Taracuá,2026-09-18 01:00:00,1305.0,13.050,1305.0,1305.0,4,2026-09-18 01:45:00
14330000,Curicuriari,2026-09-18 01:00:00,944.0,9.440,944.0,945.0,4,2026-09-18 01:45:00
14420000,Serrinha,2026-09-18 01:00:00,643.0,6.430,643.0,643.0,4,2026-09-18 01:45:00
14480002,Barcelos,2026-09-18 01:00:00,418.0,4.180,418.0,418.0,4,2026-09-18 01:45:00
14110000,Cucuí,2026-09-18 02:00:00,1638.5,16.385,1638.0,1639.0,4,2026-09-18 02:45:00
14280001,Taracuá,2026-09-18 02:00:00,1306.0,13.060,1305.0,1306.0,4,2026-09-18 02:45:00
14330000,Curicuriari,2026-09-18 02:00:00,945.0,9.450,944.0,945.0,4,2026-09-18 02:45:00
14420000,Serrinha,2026-09-18 02:00:00,643.0,6.430,643.0,643.0,4,2026-09-18 02:45:00
14480002,Barcelos,2026-09-18 02:00:00,417.0,4.170,417.0,417.0,4,2026-09-18 02:45:00
14110000,Cucuí,2026-09-18 03:00:00,1639.0,16.390,1639.0,1639.0,4,2026-09-18 03:45:00
14280001,Taracuá,2026-09-18 03:00:00,1307.0,13.070,1306.0,1307.0,4,2026-09-18 03:45:00
14330000,Curicuriari,2026-09-18 03:00:00,945.0,9.450,945.0,945.0,4,2026-09-18 03:45:00
14420000,Serrinha,2026-09-18 03:00:00,643.0,6.430,643.0,643.0,4,2026-09-18 03:45:00
14480002,Barcelos,2026-09-18 03:00:00,417.0,4.170,417.0,417.0,4,2026-09-18 03:45:00
14110000,Cucuí,2026-09-18 04:00:00,1640.0,16.400,1639.0,1640.0,4,2026-09-18 04:45:00
14280001,Taracuá,2026-09-18 04:00:00,1308.0,13.080,1307.0,1308.0,4,2026-09-18 04:45:00
14330000,Curicuriari,2026-09-18 04:00:00,945.0,9.450,945.0,945.0,4,2026-09-18 04:45:00
14420000,Serrinha,2026-09-18 04:00:00,643.0,6.430,643.0,643.0,4,2026-09-18 04:45:00
14480002,Barcelos,2026-09-18 04:00:00,417.0,4.170,417.0,417.0,4,2026-09-18 04:45:00
14110000,Cucuí,2026-09-18 05:00:00,1640.0,16.400,1640.0,1640.0,4,2026-09-18 05:45:00
14280001,Taracuá,2026-09-18 05:00:00,1308.5,13.085,1308.0,1309.0,4,2026-09-18 05:45:00
14330000,Curicuriari,2026-09-18 05:00:00,945.0,9.450,945.0,945.0,4,2026-09-18 05:45:00
14420000,Serrinha,2026-09-18 05:00:00,643.0,6.430,643.0,643.0,4,2026-09-18 05:45:00
14480002,Barcelos,2026-09-18 05:00:00,416.5,4.165,416.0,417.0,4,2026-09-18 05:45:00
14110000,Cucuí,2026-09-18 06:00:00,1641.0,16.410,1640.0,1641.0,4,2026-09-18 06:45:00
14280001,Taracuá,2026-09-18 06:00:00,1309.5,13.095,1309.0,1310.0,4,2026-09-18 06:45:00
14330000,Curicuriari,2026-09-18 06:00:00,945.0,9.450,945.0,945.0,4,2026-09-18 06:45:00
14420000,Serrinha,2026-09-18 06:00:00,643.0,6.430,643.0,643.0,4,2026-09-18 06:45:00
14480002,Barcelos,2026-09-18 06:00:00,416.0,4.160,416.0,416.0,4,2026-09-18 06:45:00
14110000,Cucuí,2026-09-18 07:00:00,1641.0,16.410,1641.0,1642.0,4,2026-09-18 07:45:00
14280001,Taracuá,2026-09-18 07:00:00,1311.0,13.110,1310.0,1311.0,4,2026-09-18 07:45:00
14330000,Curicuriari,2026-09-18 07:00:00,945.5,9.455,945.0,946.0,4,2026-09-18 07:45:00
14420000,Serrinha,2026-09-18 07:00:00,643.0,6.430,643.0,643.0,4,2026-09-18 07:45:00
14480002,Barcelos,2026-09-18 07:00:00,416.0,4.160,416.0,416.0,4,2026-09-18 07:45:00
14110000,Cucuí,2026-09-18 08:00:00,1642.0,16.420,1642.0,1642.0,4,2026-09-18 08:45:00
14280001,Taracuá,2026-09-18 08:00:00,1312.0,13.120,1311.0,1312.0,4,2026-09-18 08:45:00
14330000,Curicuriari,2026-09-18 08:00:00,946.0,9.460,946.0,946.0,4,2026-09-18 08:45:00
14420000,Serrinha,2026-09-18 08:00:00,643.0,6.430,643.0,643.0,4,2026-09-18 08:45:00
14480002,Barcelos,2026-09-18 08:00:00,416.0,4.160,415.0,416.0,4,2026-09-18 08:45:00
14110000,Cucuí,2026-09-18 09:00:00,1642.5,16.425,1642.0,1643.0,4,2026-09-18 09:45:00
14280001,Taracuá,2026-09-18 09:00:00,1312.5,13.125,1312.0,1313.0,4,2026-09-18 09:45:00
14330000,Curicuriari,2026-09-18 09:00:00,946.0,9.460,946.0,946.0,4,2026-09-18 09:45:00
14420000,Serrinha,2026-09-18 09:00:00,643.0,6.430,643.0,643.0,4,2026-09-18 09:45:00
14480002,Barcelos,2026-09-18 09:00:00,415.0,4.150,415.0,416.0,4,2026-09-18 09:45:00
14110000,Cucuí,2026-09-18 10:00:00,1643.0,16.430,1643.0,1643.0,4,2026-09-18 10:45:00
14280001,Taracuá,2026-09-18 10:00:00,1314.0,13.140,1313.0,1314.0,4,2026-09-18 10:45:00
14330000,Curicuriari,2026-09-18 10:00:00,946.0,9.460,946.0,946.0,4,2026-09-18 10:45:00
14420000,Serrinha,2026-09-18 10:00:00,643.0,6.430,643.0,643.0,4,2026-09-18 10:45:00
14480002,Barcelos,2026-09-18 10:00:00,415.0,4.150,415.0,415.0,4,2026-09-18 10:45:00
14110000,Cucuí,2026-09-18 11:00:00,1644.0,16.440,1643.0,1644.0,4,2026-09-18 11:45:00
14280001,Taracuá,2026-09-18 11:00:00,1314.5,13.145,1314.0,1315.0,4,2026-09-18 11:45:00
14330000,Curicuriari,2026-09-18 11:00:00,946.0,9.460,946.0,946.0,4,2026-09-18 11:45:00
14420000,Serrinha,2026-09-18 11:00:00,643.5,6.435,643.0,644.0,4,2026-09-18 11:45:00
14480002,Barcelos,2026-09-18 11:00:00,415.0,4.150,415.0,415.0,4,2026-09-18 11:45:00
14110000,Cucuí,2026-09-18 12:00:00,1644.0,16.440,1644.0,1644.0,4,2026-09-18 12:45:00
14280001,Taracuá,2026-09-18 12:00:00,1315.5,13.155,1315.0,1316.0,4,2026-09-18 12:45:00
14330000,Curicuriari,2026-09-18 12:00:00,946.0,9.460,946.0,946.0,4,2026-09-18 12:45:00
14420000,Serrinha,2026-09-18 12:00:00,643.0,6.430,643.0,644.0,4,2026-09-18 12:45:00
14480002,Barcelos,2026-09-18 12:00:00,415.0,4.150,415.0,415.0,4,2026-09-18 12:45:00
14110000,Cucuí,2026-09-18 13:00:00,1644.5,16.445,1644.0,1645.0,4,2026-09-18 13:45:00
14280001,Taracuá,2026-09-18 13:00:00,1317.0,13.170,1316.0,1317.0,4,2026-09-18 13:45:00
14330000,Curicuriari,2026-09-18 13:00:00,946.0,9.460,946.0,946.0,4,2026-09-18 13:45:00
14420000,Serrinha,2026-09-18 13:00:00,644.0,6.440,643.0,644.0,4,2026-09-18 13:45:00
14480002,Barcelos,2026-09-18 13:00:00,414.5,4.145,414.0,415.0,4,2026-09-18 13:45:00
14110000,Cucuí,2026-09-18 14:00:00,1645.0,16.450,1645.0,1645.0,4,2026-09-18 14:45:00
14280001,Taracuá,2026-09-18 14:00:00,1318.0,13.180,1317.0,1318.0,4,2026-09-18 14:45:00
14330000,Curicuriari,2026-09-18 14:00:00,946.0,9.460,946.0,946.0,4,2026-09-18 14:45:00
14420000,Serrinha,2026-09-18 14:00:00,643.0,6.430,643.0,643.0,4,2026-09-18 14:45:00
14480002,Barcelos,2026-09-18 14:00:00,414.0,4.140,414.0,414.0,4,2026-09-18 14:45:00
14110000,Cucuí,2026-09-18 15:00:00,1645.5,16.455,1645.0,1646.0,4,2026-09-18 15:45:00
14280001,Taracuá,2026-09-18 15:00:00,1319.0,13.190,1319.0,1319.0,4,2026-09-18 15:45:00
14330000,Curicuriari,2026-09-18 15:00:00,946.5,9.465,946.0,947.0,4,2026-09-18 15:45:00
14420000,Serrinha,2026-09-18 15:00:00,643.5,6.435,643.0,644.0,4,2026-09-18 15:45:00
14480002,Barcelos,2026-09-18 15:00:00,414.0,4.140,414.0,414.0,4,2026-09-18 15:45:00
14110000,Cucuí,2026-09-18 16:00:00,1646.0,16.460,1646.0,1646.0,4,2026-09-18 16:45:00
14280001,Taracuá,2026-09-18 16:00:00,1320.0,13.200,1319.0,1320.0,4,2026-09-18 16:45:00
14330000,Curicuriari,2026-09-18 16:00:00,947.0,9.470,947.0,947.0,4,2026-09-18 16:45:00
14420000,Serrinha,2026-09-18 16:00:00,643.5,6.435,643.0,644.0,4,2026-09-18 16:45:00
14480002,Barcelos,2026-09-18 16:00:00,414.0,4.140,414.0,414.0,4,2026-09-18 16:45:00
14110000,Cucuí,2026-09-18 17:00:00,1646.5,16.465,1646.0,1647.0,4,2026-09-18 17:45:00
14280001,Taracuá,2026-09-18 17:00:00,1321.0,13.210,1320.0,1321.0,4,2026-09-18 17:45:00
14330000,Curicuriari,2026-09-18 17:00:00,947.0,9.470,947.0,947.0,4,2026-09-18 17:45:00
14420000,Serrinha,2026-09-18 17:00:00,644.0,6.440,644.0,645.0,4,2026-09-18 17:45:00
14480002,Barcelos,2026-09-18 17:00:00,413.0,4.130,413.0,413.0,4,2026-09-18 17:45:00
14110000,Cucuí,2026-09-18 18:00:00,1647.0,16.470,1647.0,1647.0,4,2026-09-18 18:45:00
14280001,Taracuá,2026-09-18 18:00:00,1322.0,13.220,1322.0,1322.0,4,2026-09-18 18:45:00
14330000,Curicuriari,2026-09-18 18:00:00,947.0,9.470,947.0,947.0,4,2026-09-18 18:45:00
14420000,Serrinha,2026-09-18 18:00:00,644.0,6.440,644.0,644.0,4,2026-09-18 18:45:00
14480002,Barcelos,2026-09-18 18:00:00,413.0,4.130,413.0,413.0,4,2026-09-18 18:45:00
14110000,Cucuí,2026-09-18 19:00:00,1648.0,16.480,1647.0,1648.0,4,2026-09-18 19:45:00
14280001,Taracuá,2026-09-18 19:00:00,1323.0,13.230,1322.0,1323.0,4,2026-09-18 19:45:00
14330000,Curicuriari,2026-09-18 19:00:00,947.5,9.475,947.0,948.0,4,2026-09-18 19:45:00
14420000,Serrinha,2026-09-18 19:00:00,644.0,6.440,644.0,644.0,4,2026-09-18 19:45:00
14480002,Barcelos,2026-09-18 19:00:00,413.0,4.130,413.0,413.0,4,2026-09-18 19:45:00
14110000,Cucuí,2026-09-18 20:00:00,1649.0,16.490,1648.0,1649.0,4,2026-09-18 20:45:00
14280001,Taracuá,2026-09-18 20:00:00,1324.0,13.240,1323.0,1325.0,4,2026-09-18 20:45:00
14330000,Curicuriari,2026-09-18 20:00:00,948.0,9.480,948.0,948.0,4,2026-09-18 20:45:00
14420000,Serrinha,2026-09-18 20:00:00,644.0,6.440,644.0,644.0,4,2026-09-18 20:45:00
14480002,Barcelos,2026-09-18 20:00:00,412.5,4.125,412.0,413.0,4,2026-09-18 20:45:00
14110000,Cucuí,2026-09-18 21:00:00,1650.0,16.500,1649.0,1650.0,4,2026-09-18 21:45:00
14280001,Taracuá,2026-09-18 21:00:00,1325.0,13.250,1324.0,1325.0,4,2026-09-18 21:45:00
14330000,Curicuriari,2026-09-18 21:00:00,948.0,9.480,948.0,948.0,4,2026-09-18 21:45:00
14420000,Serrinha,2026-09-18 21:00:00,644.0,6.440,644.0,644.0,4,2026-09-18 21:45:00
14480002,Barcelos,2026-09-18 21:00:00,412.0,4.120,412.0,412.0,4,2026-09-18 21:45:00
14110000,Cucuí,2026-09-18 22:00:00,1650.0,16.500,1650.0,1650.0,4,2026-09-18 22:45:00
14280001,Taracuá,2026-09-18 22:00:00,1326.0,13.260,1326.0,1326.0,4,2026-09-18 22:45:00
14330000,Curicuriari,2026-09-18 22:00:00,948.0,9.480,948.0,948.0,4,2026-09-18 22:45:00
14420000,Serrinha,2026-09-18 22:00:00,644.0,6.440,644.0,644.0,4,2026-09-18 22:45:00
14480002,Barcelos,2026-09-18 22:00:00,412.0,4.120,412.0,412.0,4,2026-09-18 22:45:00
14110000,Cucuí,2026-09-18 23:00:00,1650.5,16.505,1650.0,1651.0,4,2026-09-18 23:45:00
14280001,Taracuá,2026-09-18 23:00:00,1327.0,13.270,1326.0,1327.0,4,2026-09-18 23:45:00
14330000,Curicuriari,2026-09-18 23:00:00,949.0,9.490,949.0,949.0,4,2026-09-18 23:45:00
14420000,Serrinha,2026-09-18 23:00:00,644.0,6.440,644.0,644.0,4,2026-09-18 23:45:00
14480002,Barcelos,2026-09-18 23:00:00,412.0,4.120,411.0,412.0,4,2026-09-18 23:45:00
14110000,Cucuí,2026-09-19 00:00:00,1651.0,16.510,1651.0,1651.0,4,2026-09-19 00:45:00
14280001,Taracuá,2026-09-19 00:00:00,1327.5,13.275,1327.0,1328.0,4,2026-09-19 00:45:00
14330000,Curicuriari,2026-09-19 00:00:00,949.0,9.490,949.0,949.0,4,2026-09-19 00:45:00
14420000,Serrinha,2026-09-19 00:00:00,644.0,6.440,644.0,646.0,4,2026-09-19 00:45:00
14480002,Barcelos,2026-09-19 00:00:00,411.0,4.110,411.0,411.0,4,2026-09-19 00:45:00
14110000,Cucuí,2026-09-19 01:00:00,1652.0,16.520,1651.0,1652.0,4,2026-09-19 01:45:00
14280001,Taracuá,2026-09-19 01:00:00,1328.5,13.285,1328.0,1329.0,4,2026-09-19 01:45:00
14330000,Curicuriari,2026-09-19 01:00:00,949.0,9.490,949.0,949.0,4,2026-09-19 01:45:00
14420000,Serrinha,2026-09-19 01:00:00,644.0,6.440,644.0,644.0,4,2026-09-19 01:45:00
14480002,Barcelos,2026-09-19 01:00:00,411.0,4.110,411.0,411.0,4,2026-09-19 01:45:00
14110000,Cucuí,2026-09-19 02:00:00,1652.0,16.520,1652.0,1652.0,4,2026-09-19 02:45:00
14280001,Taracuá,2026-09-19 02:00:00,1329.5,13.295,1329.0,1330.0,4,2026-09-19 02:45:00
14330000,Curicuriari,2026-09-19 02:00:00,949.0,9.490,949.0,949.0,4,2026-09-19 02:45:00
14420000,Serrinha,2026-09-19 02:00:00,644.0,6.440,644.0,644.0,4,2026-09-19 02:45:00
14480002,Barcelos,2026-09-19 02:00:00,411.0,4.110,411.0,411.0,4,2026-09-19 02:45:00
14110000,Cucuí,2026-09-19 03:00:00,1653.0,16.530,1652.0,1653.0,4,2026-09-19 03:45:00
14280001,Taracuá,2026-09-19 03:00:00,1330.0,13.300,1330.0,1330.0,4,2026-09-19 03:45:00
14330000,Curicuriari,2026-09-19 03:00:00,949.0,9.490,949.0,949.0,4,2026-09-19 03:45:00
14420000,Serrinha,2026-09-19 03:00:00,644.0,6.440,644.0,644.0,4,2026-09-19 03:45:00
14480002,Barcelos,2026-09-19 03:00:00,410.0,4.100,410.0,411.0,4,2026-09-19 03:45:00
14110000,Cucuí,2026-09-19 04:00:00,1653.0,16.530,1653.0,1653.0,4,2026-09-19 04:45:00
14280001,Taracuá,2026-09-19 04:00:00,1331.5,13.315,1331.0,1332.0,4,2026-09-19 04:45:00
14330000,Curicuriari,2026-09-19 04:00:00,949.5,9.495,949.0,950.0,4,2026-09-19 04:45:00
14420000,Serrinha,2026-09-19 04:00:00,644.0,6.440,644.0,644.0,4,2026-09-19 04:45:00
14480002,Barcelos,2026-09-19 04:00:00,410.0,4.100,410.0,410.0,4,2026-09-19 04:45:00
14110000,Cucuí,2026-09-19 05:00:00,1653.5,16.535,1653.0,1654.0,4,2026-09-19 05:45:00
14280001,Taracuá,2026-09-19 05:00:00,1332.0,13.320,1332.0,1333.0,4,2026-09-19 05:45:00
14330000,Curicuriari,2026-09-19 05:00:00,949.5,9.495,949.0,950.0,4,2026-09-19 05:45:00
14420000,Serrinha,2026-09-19 05:00:00,644.0,6.440,644.0,644.0,4,2026-09-19 05:45:00
14480002,Barcelos,2026-09-19 05:00:00,410.0,4.100,410.0,410.0,4,2026-09-19 05:45:00
14110000,Cucuí,2026-09-19 06:00:00,1654.0,16.540,1654.0,1654.0,4,2026-09-19 06:45:00
14280001,Taracuá,2026-09-19 06:00:00,1333.0,13.330,1333.0,1333.0,4,2026-09-19 06:45:00
14330000,Curicuriari,2026-09-19 06:00:00,950.0,9.500,950.0,950.0,4,2026-09-19 06:45:00
14420000,Serrinha,2026-09-19 06:00:00,644.0,6.440,644.0,644.0,4,2026-09-19 06:45:00
14480002,Barcelos,2026-09-19 06:00:00,409.5,4.095,409.0,410.0,4,2026-09-19 06:45:00
14110000,Cucuí,2026-09-19 07:00:00,1654.0,16.540,1654.0,1654.0,4,2026-09-19 07:45:00
14280001,Taracuá,2026-09-19 07:00:00,1334.0,13.340,1333.0,1334.0,4,2026-09-19 07:45:00
14330000,Curicuriari,2026-09-19 07:00:00,950.0,9.500,950.0,950.0,4,2026-09-19 07:45:00
14420000,Serrinha,2026-09-19 07:00:00,644.0,6.440,644.0,644.0,4,2026-09-19 07:45:00
14480002,Barcelos,2026-09-19 07:00:00,409.0,4.090,409.0,409.0,4,2026-09-19 07:45:00
14110000,Cucuí,2026-09-19 08:00:00,1655.0,16.550,1655.0,1655.0,4,2026-09-19 08:45:00
14280001,Taracuá,2026-09-19 08:00:00,1335.0,13.350,1334.0,1335.0,4,2026-09-19 08:45:00
14330000,Curicuriari,2026-09-19 08:00:00,950.0,9.500,950.0,950.0,4,2026-09-19 08:45:00
14420000,Serrinha,2026-09-19 08:00:00,644.0,6.440,644.0,644.0,4,2026-09-19 08:45:00
14480002,Barcelos,2026-09-19 08:00:00,409.0,4.090,409.0,409.0,4,2026-09-19 08:45:00
14110000,Cucuí,2026-09-19 09:00:00,1655.0,16.550,1655.0,1655.0,4,2026-09-19 09:45:00
14280001,Taracuá,2026-09-19 09:00:00,1335.0,13.350,1335.0,1336.0,4,2026-09-19 09:45:00
14330000,Curicuriari,2026-09-19 09:00:00,950.0,9.500,950.0,950.0,4,2026-09-19 09:45:00
14420000,Serrinha,2026-09-19 09:00:00,644.0,6.440,644.0,644.0,4,2026-09-19 09:45:00
14480002,Barcelos,2026-09-19 09:00:00,409.0,4.090,409.0,409.0,4,2026-09-19 09:45:00
14110000,Cucuí,2026-09-19 10:00:00,1656.0,16.560,1655.0,1656.0,4,2026-09-19 10:45:00
14280001,Taracuá,2026-09-19 10:00:00,1336.5,13.365,1336.0,1337.0,4,2026-09-19 10:45:00
14330000,Curicuriari,2026-09-19 10:00:00,950.5,9.505,950.0,951.0,4,2026-09-19 10:45:00
14420000,Serrinha,2026-09-19 10:00:00,644.0,6.440,644.0,644.0,4,2026-09-19 10:45:00
14480002,Barcelos,2026-09-19 10:00:00,409.0,4.090,408.0,409.0,4,2026-09-19 10:45:00
14110000,Cucuí,2026-09-19 11:00:00,1656.0,16.560,1656.0,1656.0,4,2026-09-19 11:45:00
14280001,Taracuá,2026-09-19 11:00:00,1337.0,13.370,1337.0,1338.0,4,2026-09-19 11:45:00
14330000,Curicuriari,2026-09-19 11:00:00,951.0,9.510,951.0,951.0,4,2026-09-19 11:45:00
14420000,Serrinha,2026-09-19 11:00:00,644.0,6.440,644.0,645.0,4,2026-09-19 11:45:00
14480002,Barcelos,2026-09-19 11:00:00,409.0,4.090,408.0,409.0,4,2026-09-19 11:45:00
14110000,Cucuí,2026-09-19 12:00:00,1656.5,16.565,1656.0,1657.0,4,2026-09-19 12:45:00
14280001,Taracuá,2026-09-19 12:00:00,1338.0,13.380,1338.0,1338.0,4,2026-09-19 12:45:00
14330000,Curicuriari,2026-09-19 12:00:00,951.0,9.510,951.0,951.0,4,2026-09-19 12:45:00
14420000,Serrinha,2026-09-19 12:00:00,644.5,6.445,644.0,645.0,4,2026-09-19 12:45:00
14480002,Barcelos,2026-09-19 12:00:00,408.0,4.080,408.0,408.0,4,2026-09-19 12:45:00
14110000,Cucuí,2026-09-19 13:00:00,1657.0,16.570,1657.0,1657.0,4,2026-09-19 13:45:00
14280001,Taracuá,2026-09-19 13:00:00,1338.5,13.385,1338.0,1339.0,4,2026-09-19 13:45:00
14330000,Curicuriari,2026-09-19 13:00:00,951.0,9.510,951.0,951.0,4,2026-09-19 13:45:00
14420000,Serrinha,2026-09-19 13:00:00,644.5,6.445,644.0,645.0,4,2026-09-19 13:45:00
14480002,Barcelos,2026-09-19 13:00:00,408.0,4.080,408.0,408.0,4,2026-09-19 13:45:00
14110000,Cucuí,2026-09-19 14:00:00,1657.0,16.570,1657.0,1657.0,4,2026-09-19 14:45:00
14280001,Taracuá,2026-09-19 14:00:00,1339.5,13.395,1339.0,1341.0,4,2026-09-19 14:45:00
14330000,Curicuriari,2026-09-19 14:00:00,951.0,9.510,951.0,951.0,4,2026-09-19 14:45:00
14420000,Serrinha,2026-09-19 14:00:00,645.0,6.450,645.0,646.0,4,2026-09-19 14:45:00
14480002,Barcelos,2026-09-19 14:00:00,408.0,4.080,408.0,408.0,4,2026-09-19 14:45:00
14110000,Cucuí,2026-09-19 15:00:00,1658.0,16.580,1657.0,1658.0,4,2026-09-19 15:45:00
14280001,Taracuá,2026-09-19 15:00:00,1340.0,13.400,1339.0,1341.0,4,2026-09-19 15:45:00
14330000,Curicuriari,2026-09-19 15:00:00,951.0,9.510,951.0,952.0,4,2026-09-19 15:45:00
14420000,Serrinha,2026-09-19 15:00:00,645.0,6.450,645.0,645.0,4,2026-09-19 15:45:00
14480002,Barcelos,2026-09-19 15:00:00,407.0,4.070,407.0,408.0,4,2026-09-19 15:45:00
14110000,Cucuí,2026-09-19 16:00:00,1658.0,16.580,1658.0,1658.0,4,2026-09-19 16:45:00
14280001,Taracuá,2026-09-19 16:00:00,1341.5,13.415,1341.0,1342.0,4,2026-09-19 16:45:00
14330000,Curicuriari,2026-09-19 16:00:00,952.0,9.520,951.0,952.0,4,2026-09-19 16:45:00
14420000,Serrinha,2026-09-19 16:00:00,645.0,6.450,645.0,646.0,4,2026-09-19 16:45:00
14480002,Barcelos,2026-09-19 16:00:00,407.0,4.070,407.0,407.0,4,2026-09-19 16:45:00
14110000,Cucuí,2026-09-19 17:00:00,1658.0,16.580,1658.0,1658.0,4,2026-09-19 17:45:00
14280001,Taracuá,2026-09-19 17:00:00,1342.0,13.420,1342.0,1342.0,4,2026-09-19 17:45:00
14330000,Curicuriari,2026-09-19 17:00:00,952.0,9.520,952.0,952.0,4,2026-09-19 17:45:00
14420000,Serrinha,2026-09-19 17:00:00,646.0,6.460,645.0,646.0,4,2026-09-19 17:45:00
14480002,Barcelos,2026-09-19 17:00:00,407.0,4.070,407.0,407.0,4,2026-09-19 17:45:00
14110000,Cucuí,2026-09-19 18:00:00,1659.0,16.590,1659.0,1659.0,4,2026-09-19 18:45:00
14280001,Taracuá,2026-09-19 18:00:00,1342.5,13.425,1342.0,1343.0,4,2026-09-19 18:45:00
14330000,Curicuriari,2026-09-19 18:00:00,952.0,9.520,952.0,952.0,4,2026-09-19 18:45:00
14420000,Serrinha,2026-09-19 18:00:00,646.0,6.460,646.0,646.0,4,2026-09-19 18:45:00
14480002,Barcelos,2026-09-19 18:00:00,407.0,4.070,407.0,407.0,4,2026-09-19 18:45:00
14110000,Cucuí,2026-09-19 19:00:00,1659.0,16.590,1659.0,1659.0,4,2026-09-19 19:45:00
14280001,Taracuá,2026-09-19 19:00:00,1343.5,13.435,1343.0,1344.0,4,2026-09-19 19:45:00
14330000,Curicuriari,2026-09-19 19:00:00,952.0,9.520,952.0,952.0,4,2026-09-19 19:45:00
14420000,Serrinha,2026-09-19 19:00:00,646.0,6.460,646.0,646.0,4,2026-09-19 19:45:00
14480002,Barcelos,2026-09-19 19:00:00,407.0,4.070,406.0,407.0,4,2026-09-19 19:45:00
14110000,Cucuí,2026-09-19 20:00:00,1660.0,16.600,1659.0,1660.0,4,2026-09-19 20:45:00
14280001,Taracuá,2026-09-19 20:00:00,1344.0,13.440,1344.0,1345.0,4,2026-09-19 20:45:00
14330000,Curicuriari,2026-09-19 20:00:00,953.0,9.530,952.0,953.0,4,2026-09-19 20:45:00
14420000,Serrinha,2026-09-19 20:00:00,646.0,6.460,646.0,646.0,4,2026-09-19 20:45:00
14480002,Barcelos,2026-09-19 20:00:00,406.0,4.060,406.0,406.0,4,2026-09-19 20:45:00
14110000,Cucuí,2026-09-19 21:00:00,1660.0,16.600,1660.0,1660.0,4,2026-09-19 21:45:00
14280001,Taracuá,2026-09-19 21:00:00,1345.0,13.450,1345.0,1345.0,4,2026-09-19 21:45:00
14330000,Curicuriari,2026-09-19 21:00:00,953.0,9.530,953.0,953.0,4,2026-09-19 21:45:00
14420000,Serrinha,2026-09-19 21:00:00,646.0,6.460,646.0,646.0,4,2026-09-19 21:45:00
14480002,Barcelos,2026-09-19 21:00:00,406.0,4.060,406.0,406.0,4,2026-09-19 21:45:00
14110000,Cucuí,2026-09-19 22:00:00,1660.0,16.600,1660.0,1660.0,4,2026-09-19 22:45:00
14280001,Taracuá,2026-09-19 22:00:00,1346.0,13.460,1346.0,1346.0,4,2026-09-19 22:45:00
14330000,Curicuriari,2026-09-19 22:00:00,953.0,9.530,953.0,953.0,4,2026-09-19 22:45:00
14420000,Serrinha,2026-09-19 22:00:00,646.0,6.460,646.0,646.0,4,2026-09-19 22:45:00
14480002,Barcelos,2026-09-19 22:00:00,406.0,4.060,406.0,406.0,4,2026-09-19 22:45:00
14110000,Cucuí,2026-09-19 23:00:00,1660.5,16.605,1660.0,1661.0,4,2026-09-19 23:45:00
14280001,Taracuá,2026-09-19 23:00:00,1346.5,13.465,1346.0,1347.0,4,2026-09-19 23:45:00
14330000,Curicuriari,2026-09-19 23:00:00,953.0,9.530,953.0,953.0,4,2026-09-19 23:45:00
14420000,Serrinha,2026-09-19 23:00:00,646.0,6.460,646.0,646.0,4,2026-09-19 23:45:00
14480002,Barcelos,2026-09-19 23:00:00,405.0,4.050,405.0,405.0,4,2026-09-19 23:45:00
14110000,Cucuí,2026-09-20 00:00:00,1661.0,16.610,1661.0,1661.0,4,2026-09-20 00:45:00
14280001,Taracuá,2026-09-20 00:00:00,1347.5,13.475,1347.0,1348.0,4,2026-09-20 00:45:00
14330000,Curicuriari,2026-09-20 00:00:00,953.0,9.530,953.0,953.0,4,2026-09-20 00:45:00
14420000,Serrinha,2026-09-20 00:00:00,646.0,6.460,646.0,646.0,4,2026-09-20 00:45:00
14480002,Barcelos,2026-09-20 00:00:00,405.0,4.050,405.0,405.0,4,2026-09-20 00:45:00
14110000,Cucuí,2026-09-20 01:00:00,1661.0,16.610,1661.0,1661.0,4,2026-09-20 01:45:00
14280001,Taracuá,2026-09-20 01:00:00,1348.0,13.480,1348.0,1348.0,4,2026-09-20 01:45:00
14330000,Curicuriari,2026-09-20 01:00:00,953.5,9.535,953.0,954.0,4,2026-09-20 01:45:00
14420000,Serrinha,2026-09-20 01:00:00,646.0,6.460,646.0,646.0,4,2026-09-20 01:45:00
14480002,Barcelos,2026-09-20 01:00:00,405.0,4.050,405.0,405.0,4,2026-09-20 01:45:00
14110000,Cucuí,2026-09-20 02:00:00,1661.0,16.610,1661.0,1661.0,4,2026-09-20 02:45:00
14280001,Taracuá,2026-09-20 02:00:00,1348.5,13.485,1348.0,1349.0,4,2026-09-20 02:45:00
14330000,Curicuriari,2026-09-20 02:00:00,954.0,9.540,954.0,954.0,4,2026-09-20 02:45:00
14420000,Serrinha,2026-09-20 02:00:00,646.5,6.465,646.0,647.0,4,2026-09-20 02:45:00
14480002,Barcelos,2026-09-20 02:00:00,404.5,4.045,404.0,405.0,4,2026-09-20 02:45:00
14110000,Cucuí,2026-09-20 03:00:00,1662.0,16.620,1661.0,1662.0,4,2026-09-20 03:45:00
14280001,Taracuá,2026-09-20 03:00:00,1349.0,13.490,1349.0,1350.0,4,2026-09-20 03:45:00
14330000,Curicuriari,2026-09-20 03:00:00,954.0,9.540,954.0,954.0,4,2026-09-20 03:45:00
14420000,Serrinha,2026-09-20 03:00:00,646.0,6.460,646.0,647.0,4,2026-09-20 03:45:00
14480002,Barcelos,2026-09-20 03:00:00,404.0,4.040,404.0,404.0,4,2026-09-20 03:45:00
14110000,Cucuí,2026-09-20 04:00:00,1662.0,16.620,1662.0,1662.0,4,2026-09-20 04:45:00
14280001,Taracuá,2026-09-20 04:00:00,1350.0,13.500,1350.0,1350.0,4,2026-09-20 04:45:00
14330000,Curicuriari,2026-09-20 04:00:00,955.0,9.550,954.0,955.0,4,2026-09-20 04:45:00
14420000,Serrinha,2026-09-20 04:00:00,646.0,6.460,646.0,646.0,4,2026-09-20 04:45:00
14480002,Barcelos,2026-09-20 04:00:00,404.0,4.040,404.0,404.0,4,2026-09-20 04:45:00
14110000,Cucuí,2026-09-20 05:00:00,1662.0,16.620,1662.0,1662.0,4,2026-09-20 05:45:00
14280001,Taracuá,2026-09-20 05:00:00,1350.5,13.505,1350.0,1351.0,4,2026-09-20 05:45:00
14330000,Curicuriari,2026-09-20 05:00:00,955.0,9.550,955.0,955.0,4,2026-09-20 05:45:00
14420000,Serrinha,2026-09-20 05:00:00,647.0,6.470,646.0,647.0,4,2026-09-20 05:45:00
14480002,Barcelos,2026-09-20 05:00:00,404.0,4.040,404.0,404.0,4,2026-09-20 05:45:00
14110000,Cucuí,2026-09-20 06:00:00,1662.5,16.625,1662.0,1663.0,4,2026-09-20 06:45:00
14280001,Taracuá,2026-09-20 06:00:00,1351.0,13.510,1351.0,1351.0,4,2026-09-20 06:45:00
14330000,Curicuriari,2026-09-20 06:00:00,955.0,9.550,955.0,956.0,4,2026-09-20 06:45:00
14420000,Serrinha,2026-09-20 06:00:00,647.0,6.470,647.0,647.0,4,2026-09-20 06:45:00
14480002,Barcelos,2026-09-20 06:00:00,404.0,4.040,404.0,404.0,4,2026-09-20 06:45:00
14110000,Cucuí,2026-09-20 07:00:00,1663.0,16.630,1663.0,1663.0,4,2026-09-20 07:45:00
14280001,Taracuá,2026-09-20 07:00:00,1352.0,13.520,1352.0,1352.0,4,2026-09-20 07:45:00
14330000,Curicuriari,2026-09-20 07:00:00,956.0,9.560,955.0,956.0,4,2026-09-20 07:45:00
14420000,Serrinha,2026-09-20 07:00:00,647.0,6.470,647.0,647.0,4,2026-09-20 07:45:00
14480002,Barcelos,2026-09-20 07:00:00,404.0,4.040,404.0,404.0,4,2026-09-20 07:45:00
14110000,Cucuí,2026-09-20 08:00:00,1663.0,16.630,1663.0,1663.0,4,2026-09-20 08:45:00
14280001,Taracuá,2026-09-20 08:00:00,1352.0,13.520,1352.0,1352.0,4,2026-09-20 08:45:00
14330000,Curicuriari,2026-09-20 08:00:00,956.0,9.560,956.0,956.0,4,2026-09-20 08:45:00
14420000,Serrinha,2026-09-20 08:00:00,647.0,6.470,646.0,647.0,4,2026-09-20 08:45:00
14480002,Barcelos,2026-09-20 08:00:00,403.0,4.030,403.0,404.0,4,2026-09-20 08:45:00
14110000,Cucuí,2026-09-20 09:00:00,1663.0,16.630,1663.0,1663.0,4,2026-09-20 09:45:00
14280001,Taracuá,2026-09-20 09:00:00,1353.0,13.530,1353.0,1353.0,4,2026-09-20 09:45:00
14330000,Curicuriari,2026-09-20 09:00:00,956.0,9.560,956.0,956.0,4,2026-09-20 09:45:00
14420000,Serrinha,2026-09-20 09:00:00,647.0,6.470,647.0,647.0,4,2026-09-20 09:45:00
14480002,Barcelos,2026-09-20 09:00:00,403.0,4.030,403.0,403.0,4,2026-09-20 09:45:00
14110000,Cucuí,2026-09-20 10:00:00,1663.0,16.630,1663.0,1663.0,4,2026-09-20 10:45:00
14280001,Taracuá,2026-09-20 10:00:00,1353.0,13.530,1353.0,1353.0,4,2026-09-20 10:45:00
14330000,Curicuriari,2026-09-20 10:00:00,956.5,9.565,956.0,957.0,4,2026-09-20 10:45:00
14420000,Serrinha,2026-09-20 10:00:00,647.0,6.470,647.0,647.0,4,2026-09-20 10:45:00
14480002,Barcelos,2026-09-20 10:00:00,403.0,4.030,403.0,403.0,4,2026-09-20 10:45:00
14110000,Cucuí,2026-09-20 11:00:00,1664.0,16.640,1663.0,1664.0,4,2026-09-20 11:45:00
14280001,Taracuá,2026-09-20 11:00:00,1354.0,13.540,1354.0,1354.0,4,2026-09-20 11:45:00
14330000,Curicuriari,2026-09-20 11:00:00,957.0,9.570,957.0,957.0,4,2026-09-20 11:45:00
14420000,Serrinha,2026-09-20 11:00:00,648.0,6.480,647.0,648.0,4,2026-09-20 11:45:00
14480002,Barcelos,2026-09-20 11:00:00,402.5,4.025,402.0,403.0,4,2026-09-20 11:45:00
14110000,Cucuí,2026-09-20 12:00:00,1664.0,16.640,1664.0,1664.0,4,2026-09-20 12:45:00
14280001,Taracuá,2026-09-20 12:00:00,1354.5,13.545,1354.0,1355.0,4,2026-09-20 12:45:00
14330000,Curicuriari,2026-09-20 12:00:00,957.0,9.570,957.0,957.0,4,2026-09-20 12:45:00
14420000,Serrinha,2026-09-20 12:00:00,647.0,6.470,647.0,647.0,4,2026-09-20 12:45:00
14480002,Barcelos,2026-09-20 12:00:00,402.0,4.020,402.0,402.0,4,2026-09-20 12:45:00
14110000,Cucuí,2026-09-20 13:00:00,1664.0,16.640,1664.0,1664.0,4,2026-09-20 13:45:00
14280001,Taracuá,2026-09-20 13:00:00,1355.0,13.550,1355.0,1355.0,4,2026-09-20 13:45:00
14330000,Curicuriari,2026-09-20 13:00:00,958.0,9.580,957.0,958.0,4,2026-09-20 13:45:00
14420000,Serrinha,2026-09-20 13:00:00,648.0,6.480,647.0,648.0,4,2026-09-20 13:45:00
14480002,Barcelos,2026-09-20 13:00:00,402.0,4.020,402.0,402.0,4,2026-09-20 13:45:00
14110000,Cucuí,2026-09-20 14:00:00,1664.0,16.640,1664.0,1664.0,4,2026-09-20 14:45:00
14280001,Taracuá,2026-09-20 14:00:00,1355.0,13.550,1355.0,1355.0,4,2026-09-20 14:45:00
14330000,Curicuriari,2026-09-20 14:00:00,958.0,9.580,958.0,958.0,4,2026-09-20 14:45:00
14420000,Serrinha,2026-09-20 14:00:00,647.5,6.475,647.0,648.0,4,2026-09-20 14:45:00
14480002,Barcelos,2026-09-20 14:00:00,402.0,4.020,402.0,402.0,4,2026-09-20 14:45:00
14110000,Cucuí,2026-09-20 15:00:00,1664.5,16.645,1664.0,1665.0,4,2026-09-20 15:45:00
14280001,Taracuá,2026-09-20 15:00:00,1356.0,13.560,1356.0,1356.0,4,2026-09-20 15:45:00
14330000,Curicuriari,2026-09-20 15:00:00,958.0,9.580,958.0,958.0,4,2026-09-20 15:45:00
14420000,Serrinha,2026-09-20 15:00:00,648.0,6.480,647.0,648.0,4,2026-09-20 15:45:00
14480002,Barcelos,2026-09-20 15:00:00,401.5,4.015,401.0,402.0,4,2026-09-20 15:45:00
14110000,Cucuí,2026-09-20 16:00:00,1665.0,16.650,1665.0,1665.0,4,2026-09-20 16:45:00
14280001,Taracuá,2026-09-20 16:00:00,1356.0,13.560,1356.0,1356.0,4,2026-09-20 16:45:00
14330000,Curicuriari,2026-09-20 16:00:00,959.0,9.590,959.0,959.0,4,2026-09-20 16:45:00
14420000,Serrinha,2026-09-20 16:00:00,648.0,6.480,647.0,648.0,4,2026-09-20 16:45:00
14480002,Barcelos,2026-09-20 16:00:00,401.0,4.010,401.0,401.0,4,2026-09-20 16:45:00
14110000,Cucuí,2026-09-20 17:00:00,1665.0,16.650,1665.0,1665.0,4,2026-09-20 17:45:00
14280001,Taracuá,2026-09-20 17:00:00,1356.5,13.565,1356.0,1357.0,4,2026-09-20 17:45:00
14330000,Curicuriari,2026-09-20 17:00:00,959.0,9.590,959.0,959.0,4,2026-09-20 17:45:00
14420000,Serrinha,2026-09-20 17:00:00,648.0,6.480,647.0,648.0,4,2026-09-20 17:45:00
14480002,Barcelos,2026-09-20 17:00:00,401.0,4.010,401.0,401.0,4,2026-09-20 17:45:00
14110000,Cucuí,2026-09-20 18:00:00,1665.0,16.650,1665.0,1665.0,4,2026-09-20 18:45:00
14280001,Taracuá,2026-09-20 18:00:00,1357.0,13.570,1357.0,1357.0,4,2026-09-20 18:45:00
14330000,Curicuriari,2026-09-20 18:00:00,960.0,9.600,959.0,961.0,4,2026-09-20 18:45:00
14420000,Serrinha,2026-09-20 18:00:00,648.0,6.480,648.0,648.0,4,2026-09-20 18:45:00
14480002,Barcelos,2026-09-20 18:00:00,401.0,4.010,401.0,401.0,4,2026-09-20 18:45:00
14110000,Cucuí,2026-09-20 19:00:00,1665.0,16.650,1665.0,1665.0,4,2026-09-20 19:45:00
14280001,Taracuá,2026-09-20 19:00:00,1357.0,13.570,1357.0,1358.0,4,2026-09-20 19:45:00
14330000,Curicuriari,2026-09-20 19:00:00,960.5,9.605,960.0,961.0,4,2026-09-20 19:45:00
14420000,Serrinha,2026-09-20 19:00:00,648.0,6.480,648.0,648.0,4,2026-09-20 19:45:00
14480002,Barcelos,2026-09-20 19:00:00,401.0,4.010,401.0,401.0,4,2026-09-20 19:45:00
14110000,Cucuí,2026-09-20 20:00:00,1665.0,16.650,1665.0,1665.0,4,2026-09-20 20:45:00
14280001,Taracuá,2026-09-20 20:00:00,1358.0,13.580,1358.0,1358.0,4,2026-09-20 20:45:00
14330000,Curicuriari,2026-09-20 20:00:00,961.0,9.610,961.0,961.0,4,2026-09-20 20:45:00
14420000,Serrinha,2026-09-20 20:00:00,648.0,6.480,648.0,648.0,4,2026-09-20 20:45:00
14480002,Barcelos,2026-09-20 20:00:00,400.0,4.000,400.0,401.0,4,2026-09-20 20:45:00
14110000,Cucuí,2026-09-20 21:00:00,1665.0,16.650,1665.0,1665.0,4,2026-09-20 21:45:00
14280001,Taracuá,2026-09-20 21:00:00,1358.0,13.580,1358.0,1359.0,4,2026-09-20 21:45:00
14330000,Curicuriari,2026-09-20 21:00:00,961.0,9.610,961.0,962.0,4,2026-09-20 21:45:00
14420000,Serrinha,2026-09-20 21:00:00,648.0,6.480,648.0,648.0,4,2026-09-20 21:45:00
14480002,Barcelos,2026-09-20 21:00:00,400.0,4.000,400.0,400.0,4,2026-09-20 21:45:00
14110000,Cucuí,2026-09-20 22:00:00,1665.0,16.650,1665.0,1665.0,4,2026-09-20 22:45:00
14280001,Taracuá,2026-09-20 22:00:00,1359.0,13.590,1358.0,1359.0,4,2026-09-20 22:45:00
14330000,Curicuriari,2026-09-20 22:00:00,962.0,9.620,962.0,962.0,4,2026-09-20 22:45:00
14420000,Serrinha,2026-09-20 22:00:00,648.0,6.480,648.0,648.0,4,2026-09-20 22:45:00
14480002,Barcelos,2026-09-20 22:00:00,400.0,4.000,400.0,400.0,4,2026-09-20 22:45:00
14110000,Cucuí,2026-09-20 23:00:00,1666.0,16.660,1666.0,1666.0,4,2026-09-20 23:45:00
14280001,Taracuá,2026-09-20 23:00:00,1359.0,13.590,1359.0,1359.0,4,2026-09-20 23:45:00
14330000,Curicuriari,2026-09-20 23:00:00,962.0,9.620,962.0,962.0,4,2026-09-20 23:45:00
14420000,Serrinha,2026-09-20 23:00:00,648.0,6.480,648.0,648.0,4,2026-09-20 23:45:00
14480002,Barcelos,2026-09-20 23:00:00,400.0,4.000,400.0,400.0,4,2026-09-20 23:45:00
14110000,Cucuí,2026-09-21 00:00:00,1666.0,16.660,1666.0,1666.0,4,2026-09-21 00:45:00
14280001,Taracuá,2026-09-21 00:00:00,1359.0,13.590,1359.0,1359.0,4,2026-09-21 00:45:00
14330000,Curicuriari,2026-09-21 00:00:00,962.0,9.620,962.0,962.0,4,2026-09-21 00:45:00
14420000,Serrinha,2026-09-21 00:00:00,648.0,6.480,648.0,648.0,4,2026-09-21 00:45:00
14480002,Barcelos,2026-09-21 00:00:00,400.0,4.000,399.0,400.0,4,2026-09-21 00:45:00
14110000,Cucuí,2026-09-21 01:00:00,1666.0,16.660,1666.0,1666.0,4,2026-09-21 01:45:00
14280001,Taracuá,2026-09-21 01:00:00,1360.0,13.600,1360.0,1360.0,4,2026-09-21 01:45:00
14330000,Curicuriari,2026-09-21 01:00:00,963.0,9.630,963.0,963.0,4,2026-09-21 01:45:00
14420000,Serrinha,2026-09-21 01:00:00,648.0,6.480,648.0,649.0,4,2026-09-21 01:45:00
14480002,Barcelos,2026-09-21 01:00:00,399.0,3.990,399.0,400.0,4,2026-09-21 01:45:00
14110000,Cucuí,2026-09-21 02:00:00,1666.0,16.660,1666.0,1666.0,4,2026-09-21 02:45:00
14280001,Taracuá,2026-09-21 02:00:00,1360.0,13.600,1360.0,1360.0,4,2026-09-21 02:45:00
14330000,Curicuriari,2026-09-21 02:00:00,963.0,9.630,963.0,963.0,4,2026-09-21 02:45:00
14420000,Serrinha,2026-09-21 02:00:00,648.0,6.480,648.0,648.0,4,2026-09-21 02:45:00
14480002,Barcelos,2026-09-21 02:00:00,399.0,3.990,399.0,400.0,4,2026-09-21 02:45:00
14110000,Cucuí,2026-09-21 03:00:00,1666.0,16.660,1666.0,1666.0,4,2026-09-21 03:45:00
14280001,Taracuá,2026-09-21 03:00:00,1360.0,13.600,1360.0,1361.0,4,2026-09-21 03:45:00
14330000,Curicuriari,2026-09-21 03:00:00,963.0,9.630,963.0,964.0,4,2026-09-21 03:45:00
14420000,Serrinha,2026-09-21 03:00:00,648.0,6.480,648.0,648.0,4,2026-09-21 03:45:00
14480002,Barcelos,2026-09-21 03:00:00,399.0,3.990,399.0,399.0,4,2026-09-21 03:45:00
14110000,Cucuí,2026-09-21 04:00:00,1666.0,16.660,1666.0,1666.0,4,2026-09-21 04:45:00
14280001,Taracuá,2026-09-21 04:00:00,1361.0,13.610,1360.0,1361.0,4,2026-09-21 04:45:00
14330000,Curicuriari,2026-09-21 04:00:00,964.0,9.640,963.0,964.0,4,2026-09-21 04:45:00
14420000,Serrinha,2026-09-21 04:00:00,648.0,6.480,648.0,649.0,4,2026-09-21 04:45:00
14480002,Barcelos,2026-09-21 04:00:00,399.0,3.990,399.0,399.0,4,2026-09-21 04:45:00
14110000,Cucuí,2026-09-21 05:00:00,1666.0,16.660,1666.0,1666.0,4,2026-09-21 05:45:00
14280001,Taracuá,2026-09-21 05:00:00,1361.0,13.610,1361.0,1361.0,4,2026-09-21 05:45:00
14330000,Curicuriari,2026-09-21 05:00:00,964.0,9.640,964.0,964.0,4,2026-09-21 05:45:00
14420000,Serrinha,2026-09-21 05:00:00,648.5,6.485,648.0,649.0,4,2026-09-21 05:45:00
14480002,Barcelos,2026-09-21 05:00:00,399.0,3.990,399.0,399.0,4,2026-09-21 05:45:00
14110000,Cucuí,2026-09-21 06:00:00,1666.0,16.660,1666.0,1666.0,4,2026-09-21 06:45:00
14280001,Taracuá,2026-09-21 06:00:00,1361.0,13.610,1361.0,1361.0,4,2026-09-21 06:45:00
14330000,Curicuriari,2026-09-21 06:00:00,964.0,9.640,964.0,964.0,4,2026-09-21 06:45:00
14420000,Serrinha,2026-09-21 06:00:00,648.5,6.485,648.0,649.0,4,2026-09-21 06:45:00
14480002,Barcelos,2026-09-21 06:00:00,398.0,3.980,398.0,399.0,4,2026-09-21 06:45:00
14110000,Cucuí,2026-09-21 07:00:00,1666.0,16.660,1666.0,1666.0,4,2026-09-21 07:45:00
14280001,Taracuá,2026-09-21 07:00:00,1361.0,13.610,1361.0,1362.0,4,2026-09-21 07:45:00
14330000,Curicuriari,2026-09-21 07:00:00,964.5,9.645,964.0,965.0,4,2026-09-21 07:45:00
14420000,Serrinha,2026-09-21 07:00:00,649.0,6.490,648.0,649.0,4,2026-09-21 07:45:00
14480002,Barcelos,2026-09-21 07:00:00,398.5,3.985,398.0,399.0,4,2026-09-21 07:45:00
14110000,Cucuí,2026-09-21 08:00:00,1666.0,16.660,1666.0,1667.0,4,2026-09-21 08:45:00
14280001,Taracuá,2026-09-21 08:00:00,1362.0,13.620,1362.0,1362.0,4,2026-09-21 08:45:00
14330000,Curicuriari,2026-09-21 08:00:00,965.0,9.650,965.0,965.0,4,2026-09-21 08:45:00
14420000,Serrinha,2026-09-21 08:00:00,649.0,6.490,648.0,649.0,4,2026-09-21 08:45:00
14480002,Barcelos,2026-09-21 08:00:00,398.0,3.980,398.0,398.0,4,2026-09-21 08:45:00
14110000,Cucuí,2026-09-21 09:00:00,1666.0,16.660,1666.0,1667.0,4,2026-09-21 09:45:00
14280001,Taracuá,2026-09-21 09:00:00,1362.0,13.620,1362.0,1362.0,4,2026-09-21 09:45:00
14330000,Curicuriari,2026-09-21 09:00:00,965.0,9.650,965.0,965.0,4,2026-09-21 09:45:00
14420000,Serrinha,2026-09-21 09:00:00,649.0,6.490,649.0,649.0,4,2026-09-21 09:45:00
14480002,Barcelos,2026-09-21 09:00:00,398.0,3.980,398.0,398.0,4,2026-09-21 09:45:00
14110000,Cucuí,2026-09-21 10:00:00,1667.0,16.670,1666.0,1667.0,4,2026-09-21 10:45:00
14280001,Taracuá,2026-09-21 10:00:00,1362.0,13.620,1362.0,1362.0,4,2026-09-21 10:45:00
14330000,Curicuriari,2026-09-21 10:00:00,965.0,9.650,965.0,965.0,4,2026-09-21 10:45:00
14420000,Serrinha,2026-09-21 10:00:00,649.0,6.490,649.0,649.0,4,2026-09-21 10:45:00
14480002,Barcelos,2026-09-21 10:00:00,398.0,3.980,398.0,398.0,4,2026-09-21 10:45:00
14110000,Cucuí,2026-09-21 11:00:00,1667.0,16.670,1667.0,1667.0,4,2026-09-21 11:45:00
14280001,Taracuá,2026-09-21 11:00:00,1362.0,13.620,1362.0,1362.0,4,2026-09-21 11:45:00
14330000,Curicuriari,2026-09-21 11:00:00,965.0,9.650,965.0,966.0,4,2026-09-21 11:45:00
14420000,Serrinha,2026-09-21 11:00:00,649.0,6.490,649.0,649.0,4,2026-09-21 11:45:00
14480002,Barcelos,2026-09-21 11:00:00,398.0,3.980,398.0,398.0,4,2026-09-21 11:45:00
14110000,Cucuí,2026-09-21 12:00:00,1667.0,16.670,1667.0,1667.0,4,2026-09-21 12:45:00
14280001,Taracuá,2026-09-21 12:00:00,1363.0,13.630,1362.0,1363.0,4,2026-09-21 12:45:00
14330000,Curicuriari,2026-09-21 12:00:00,966.0,9.660,966.0,966.0,4,2026-09-21 12:45:00
14420000,Serrinha,2026-09-21 12:00:00,649.0,6.490,649.0,649.0,4,2026-09-21 12:45:00
14480002,Barcelos,2026-09-21 12:00:00,398.0,3.980,398.0,398.0,4,2026-09-21 12:45:00
14110000,Cucuí,2026-09-21 13:00:00,1667.0,16.670,1667.0,1667.0,4,2026-09-21 13:45:00
14280001,Taracuá,2026-09-21 13:00:00,1363.0,13.630,1363.0,1363.0,4,2026-09-21 13:45:00
14330000,Curicuriari,2026-09-21 13:00:00,966.0,9.660,966.0,966.0,4,2026-09-21 13:45:00
14420000,Serrinha,2026-09-21 13:00:00,649.0,6.490,649.0,650.0,4,2026-09-21 13:45:00
14480002,Barcelos,2026-09-21 13:00:00,398.0,3.980,398.0,398.0,4,2026-09-21 13:45:00
14110000,Cucuí,2026-09-21 14:00:00,1667.0,16.670,1667.0,1667.0,4,2026-09-21 14:45:00
14280001,Taracuá,2026-09-21 14:00:00,1363.0,13.630,1363.0,1363.0,4,2026-09-21 14:45:00
14330000,Curicuriari,2026-09-21 14:00:00,966.0,9.660,966.0,967.0,4,2026-09-21 14:45:00
14420000,Serrinha,2026-09-21 14:00:00,649.0,6.490,649.0,650.0,4,2026-09-21 14:45:00
14480002,Barcelos,2026-09-21 14:00:00,397.5,3.975,397.0,398.0,4,2026-09-21 14:45:00
14110000,Cucuí,2026-09-21 15:00:00,1667.0,16.670,1667.0,1667.0,4,2026-09-21 15:45:00
14280001,Taracuá,2026-09-21 15:00:00,1363.0,13.630,1363.0,1364.0,4,2026-09-21 15:45:00
14330000,Curicuriari,2026-09-21 15:00:00,967.0,9.670,966.0,967.0,4,2026-09-21 15:45:00
14420000,Serrinha,2026-09-21 15:00:00,650.0,6.500,650.0,650.0,4,2026-09-21 15:45:00
14480002,Barcelos,2026-09-21 15:00:00,397.0,3.970,397.0,397.0,4,2026-09-21 15:45:00
14110000,Cucuí,2026-09-21 16:00:00,1667.0,16.670,1667.0,1667.0,4,2026-09-21 16:45:00
14280001,Taracuá,2026-09-21 16:00:00,1363.0,13.630,1363.0,1363.0,4,2026-09-21 16:45:00
14330000,Curicuriari,2026-09-21 16:00:00,968.5,9.685,967.0,970.0,4,2026-09-21 16:45:00
14420000,Serrinha,2026-09-21 16:00:00,650.0,6.500,650.0,650.0,4,2026-09-21 16:45:00
14480002,Barcelos,2026-09-21 16:00:00,397.0,3.970,397.0,397.0,4,2026-09-21 16:45:00
14110000,Cucuí,2026-09-21 17:00:00,1667.0,16.670,1667.0,1667.0,4,2026-09-21 17:45:00
14280001,Taracuá,2026-09-21 17:00:00,1363.5,13.635,1363.0,1364.0,4,2026-09-21 17:45:00
14330000,Curicuriari,2026-09-21 17:00:00,968.0,9.680,968.0,969.0,4,2026-09-21 17:45:00
14420000,Serrinha,2026-09-21 17:00:00,650.0,6.500,650.0,650.0,4,2026-09-21 17:45:00
14480002,Barcelos,2026-09-21 17:00:00,397.0,3.970,397.0,397.0,4,2026-09-21 17:45:00
14110000,Cucuí,2026-09-21 18:00:00,1667.0,16.670,1667.0,1667.0,4,2026-09-21 18:45:00
14280001,Taracuá,2026-09-21 18:00:00,1363.5,13.635,1363.0,1364.0,4,2026-09-21 18:45:00
14330000,Curicuriari,2026-09-21 18:00:00,969.0,9.690,968.0,969.0,4,2026-09-21 18:45:00
14420000,Serrinha,2026-09-21 18:00:00,650.0,6.500,649.0,650.0,4,2026-09-21 18:45:00
14480002,Barcelos,2026-09-21 18:00:00,397.0,3.970,397.0,397.0,4,2026-09-21 18:45:00
14110000,Cucuí,2026-09-21 19:00:00,1667.0,16.670,1667.0,1667.0,4,2026-09-21 19:45:00
14280001,Taracuá,2026-09-21 19:00:00,1364.0,13.640,1364.0,1364.0,4,2026-09-21 19:45:00
14330000,Curicuriari,2026-09-21 19:00:00,969.0,9.690,969.0,969.0,4,2026-09-21 19:45:00
14420000,Serrinha,2026-09-21 19:00:00,650.0,6.500,650.0,650.0,4,2026-09-21 19:45:00
14480002,Barcelos,2026-09-21 19:00:00,396.0,3.960,396.0,396.0,4,2026-09-21 19:45:00
14110000,Cucuí,2026-09-21 20:00:00,1667.0,16.670,1667.0,1667.0,4,2026-09-21 20:45:00
14280001,Taracuá,2026-09-21 20:00:00,1364.0,13.640,1364.0,1364.0,4,2026-09-21 20:45:00
14330000,Curicuriari,2026-09-21 20:00:00,969.0,9.690,969.0,969.0,4,2026-09-21 20:45:00
14420000,Serrinha,2026-09-21 20:00:00,650.0,6.500,650.0,650.0,4,2026-09-21 20:45:00
14480002,Barcelos,2026-09-21 20:00:00,396.0,3.960,396.0,396.0,4,2026-09-21 20:45:00
14110000,Cucuí,2026-09-21 21:00:00,1666.0,16.660,1666.0,1666.0,4,2026-09-21 21:45:00
14280001,Taracuá,2026-09-21 21:00:00,1364.0,13.640,1364.0,1364.0,4,2026-09-21 21:45:00
14330000,Curicuriari,2026-09-21 21:00:00,969.0,9.690,969.0,970.0,4,2026-09-21 21:45:00
14420000,Serrinha,2026-09-21 21:00:00,650.0,6.500,650.0,650.0,4,2026-09-21 21:45:00
14480002,Barcelos,2026-09-21 21:00:00,396.0,3.960,396.0,396.0,4,2026-09-21 21:45:00
14110000,Cucuí,2026-09-21 22:00:00,1666.0,16.660,1666.0,1666.0,4,2026-09-21 22:45:00
14280001,Taracuá,2026-09-21 22:00:00,1364.0,13.640,1364.0,1365.0,4,2026-09-21 22:45:00
14330000,Curicuriari,2026-09-21 22:00:00,970.0,9.700,969.0,970.0,4,2026-09-21 22:45:00
14420000,Serrinha,2026-09-21 22:00:00,650.0,6.500,650.0,650.0,4,2026-09-21 22:45:00
14480002,Barcelos,2026-09-21 22:00:00,396.0,3.960,396.0,396.0,4,2026-09-21 22:45:00
14110000,Cucuí,2026-09-21 23:00:00,1666.0,16.660,1666.0,1666.0,4,2026-09-21 23:45:00
14280001,Taracuá,2026-09-21 23:00:00,1364.5,13.645,1364.0,1365.0,4,2026-09-21 23:45:00
14330000,Curicuriari,2026-09-21 23:00:00,970.0,9.700,970.0,970.0,4,2026-09-21 23:45:00
14420000,Serrinha,2026-09-21 23:00:00,650.0,6.500,650.0,650.0,4,2026-09-21 23:45:00
14480002,Barcelos,2026-09-21 23:00:00,396.0,3.960,396.0,396.0,4,2026-09-21 23:45:00
14110000,Cucuí,2026-09-22 00:00:00,1666.0,16.660,1666.0,1666.0,4,2026-09-22 00:45:00
14280001,Taracuá,2026-09-22 00:00:00,1364.5,13.645,1364.0,1365.0,4,2026-09-22 00:45:00
14330000,Curicuriari,2026-09-22 00:00:00,970.0,9.700,970.0,970.0,4,2026-09-22 00:45:00
14420000,Serrinha,2026-09-22 00:00:00,650.0,6.500,650.0,650.0,4,2026-09-22 00:45:00
14480002,Barcelos,2026-09-22 00:00:00,395.5,3.955,395.0,396.0,4,2026-09-22 00:45:00
14110000,Cucuí,2026-09-22 01:00:00,1666.0,16.660,1666.0,1666.0,4,2026-09-22 01:45:00
14280001,Taracuá,2026-09-22 01:00:00,1365.0,13.650,1365.0,1365.0,4,2026-09-22 01:45:00
14330000,Curicuriari,2026-09-22 01:00:00,970.5,9.705,970.0,971.0,4,2026-09-22 01:45:00
14420000,Serrinha,2026-09-22 01:00:00,650.0,6.500,650.0,650.0,4,2026-09-22 01:45:00
14480002,Barcelos,2026-09-22 01:00:00,395.0,3.950,395.0,395.0,4,2026-09-22 01:45:00
14110000,Cucuí,2026-09-22 02:00:00,1666.0,16.660,1666.0,1666.0,4,2026-09-22 02:45:00
14280001,Taracuá,2026-09-22 02:00:00,1365.0,13.650,1364.0,1365.0,4,2026-09-22 02:45:00
14330000,Curicuriari,2026-09-22 02:00:00,971.0,9.710,970.0,971.0,4,2026-09-22 02:45:00
14420000,Serrinha,2026-09-22 02:00:00,650.0,6.500,650.0,651.0,4,2026-09-22 02:45:00
14480002,Barcelos,2026-09-22 02:00:00,395.0,3.950,395.0,395.0,4,2026-09-22 02:45:00
14110000,Cucuí,2026-09-22 03:00:00,1666.0,16.660,1666.0,1666.0,4,2026-09-22 03:45:00
14280001,Taracuá,2026-09-22 03:00:00,1365.0,13.650,1364.0,1365.0,4,2026-09-22 03:45:00
14330000,Curicuriari,2026-09-22 03:00:00,971.0,9.710,971.0,971.0,4,2026-09-22 03:45:00
14420000,Serrinha,2026-09-22 03:00:00,650.5,6.505,650.0,651.0,4,2026-09-22 03:45:00
14480002,Barcelos,2026-09-22 03:00:00,395.0,3.950,395.0,395.0,4,2026-09-22 03:45:00
14110000,Cucuí,2026-09-22 04:00:00,1666.0,16.660,1666.0,1666.0,4,2026-09-22 04:45:00
14280001,Taracuá,2026-09-22 04:00:00,1365.0,13.650,1365.0,1365.0,4,2026-09-22 04:45:00
14330000,Curicuriari,2026-09-22 04:00:00,971.0,9.710,971.0,971.0,4,2026-09-22 04:45:00
14420000,Serrinha,2026-09-22 04:00:00,650.0,6.500,650.0,650.0,4,2026-09-22 04:45:00
14480002,Barcelos,2026-09-22 04:00:00,395.0,3.950,395.0,395.0,4,2026-09-22 04:45:00
14110000,Cucuí,2026-09-22 05:00:00,1666.0,16.660,1665.0,1666.0,4,2026-09-22 05:45:00
14280001,Taracuá,2026-09-22 05:00:00,1365.0,13.650,1365.0,1365.0,4,2026-09-22 05:45:00
14330000,Curicuriari,2026-09-22 05:00:00,972.0,9.720,971.0,972.0,4,2026-09-22 05:45:00
14420000,Serrinha,2026-09-22 05:00:00,651.0,6.510,650.0,651.0,4,2026-09-22 05:45:00
14480002,Barcelos,2026-09-22 05:00:00,395.0,3.950,395.0,395.0,4,2026-09-22 05:45:00
14110000,Cucuí,2026-09-22 06:00:00,1665.0,16.650,1665.0,1665.0,4,2026-09-22 06:45:00
14280001,Taracuá,2026-09-22 06:00:00,1365.0,13.650,1365.0,1365.0,4,2026-09-22 06:45:00
14330000,Curicuriari,2026-09-22 06:00:00,972.0,9.720,972.0,972.0,4,2026-09-22 06:45:00
14420000,Serrinha,2026-09-22 06:00:00,651.0,6.510,650.0,651.0,4,2026-09-22 06:45:00
14480002,Barcelos,2026-09-22 06:00:00,395.0,3.950,394.0,395.0,4,2026-09-22 06:45:00
14110000,Cucuí,2026-09-22 07:00:00,1665.0,16.650,1665.0,1665.0,4,2026-09-22 07:45:00
14280001,Taracuá,2026-09-22 07:00:00,1365.0,13.650,1365.0,1365.0,4,2026-09-22 07:45:00
14330000,Curicuriari,2026-09-22 07:00:00,972.0,9.720,972.0,972.0,4,2026-09-22 07:45:00
14420000,Serrinha,2026-09-22 07:00:00,651.0,6.510,651.0,651.0,4,2026-09-22 07:45:00
14480002,Barcelos,2026-09-22 07:00:00,394.5,3.945,394.0,395.0,4,2026-09-22 07:45:00
14110000,Cucuí,2026-09-22 08:00:00,1665.0,16.650,1665.0,1666.0,4,2026-09-22 08:45:00
14280001,Taracuá,2026-09-22 08:00:00,1365.0,13.650,1365.0,1365.0,4,2026-09-22 08:45:00
14330000,Curicuriari,2026-09-22 08:00:00,972.0,9.720,972.0,972.0,4,2026-09-22 08:45:00
14420000,Serrinha,2026-09-22 08:00:00,651.0,6.510,651.0,651.0,4,2026-09-22 08:45:00
14480002,Barcelos,2026-09-22 08:00:00,394.5,3.945,394.0,395.0,4,2026-09-22 08:45:00
14110000,Cucuí,2026-09-22 09:00:00,1665.0,16.650,1665.0,1665.0,4,2026-09-22 09:45:00
14280001,Taracuá,2026-09-22 09:00:00,1365.0,13.650,1365.0,1365.0,4,2026-09-22 09:45:00
14330000,Curicuriari,2026-09-22 09:00:00,972.0,9.720,972.0,972.0,4,2026-09-22 09:45:00
14420000,Serrinha,2026-09-22 09:00:00,651.0,6.510,651.0,651.0,4,2026-09-22 09:45:00
14480002,Barcelos,2026-09-22 09:00:00,394.0,3.940,394.0,394.0,4,2026-09-22 09:45:00
14110000,Cucuí,2026-09-22 10:00:00,1665.0,16.650,1665.0,1665.0,4,2026-09-22 10:45:00
14280001,Taracuá,2026-09-22 10:00:00,1365.0,13.650,1365.0,1365.0,4,2026-09-22 10:45:00
14330000,Curicuriari,2026-09-22 10:00:00,972.5,9.725,972.0,973.0,4,2026-09-22 10:45:00
14420000,Serrinha,2026-09-22 10:00:00,651.0,6.510,651.0,651.0,4,2026-09-22 10:45:00
14480002,Barcelos,2026-09-22 10:00:00,394.0,3.940,394.0,394.0,4,2026-09-22 10:45:00
14110000,Cucuí,2026-09-22 11:00:00,1665.0,16.650,1665.0,1665.0,4,2026-09-22 11:45:00
14280001,Taracuá,2026-09-22 11:00:00,1365.0,13.650,1365.0,1365.0,4,2026-09-22 11:45:00
14330000,Curicuriari,2026-09-22 11:00:00,973.0,9.730,973.0,973.0,4,2026-09-22 11:45:00
14420000,Serrinha,2026-09-22 11:00:00,651.0,6.510,651.0,651.0,4,2026-09-22 11:45:00
14480002,Barcelos,2026-09-22 11:00:00,394.0,3.940,394.0,394.0,4,2026-09-22 11:45:00
14110000,Cucuí,2026-09-22 12:00:00,1665.0,16.650,1664.0,1665.0,4,2026-09-22 12:45:00
14280001,Taracuá,2026-09-22 12:00:00,1365.0,13.650,1365.0,1365.0,4,2026-09-22 12:45:00
14330000,Curicuriari,2026-09-22 12:00:00,973.0,9.730,973.0,973.0,4,2026-09-22 12:45:00
14420000,Serrinha,2026-09-22 12:00:00,651.0,6.510,651.0,651.0,4,2026-09-22 12:45:00
14480002,Barcelos,2026-09-22 12:00:00,394.0,3.940,394.0,394.0,4,2026-09-22 12:45:00
14110000,Cucuí,2026-09-22 13:00:00,1664.0,16.640,1664.0,1664.0,4,2026-09-22 13:45:00
14280001,Taracuá,2026-09-22 13:00:00,1365.0,13.650,1365.0,1365.0,4,2026-09-22 13:45:00
14330000,Curicuriari,2026-09-22 13:00:00,973.0,9.730,973.0,973.0,4,2026-09-22 13:45:00
14420000,Serrinha,2026-09-22 13:00:00,651.0,6.510,651.0,651.0,4,2026-09-22 13:45:00
14480002,Barcelos,2026-09-22 13:00:00,394.0,3.940,394.0,394.0,4,2026-09-22 13:45:00
14110000,Cucuí,2026-09-22 14:00:00,1664.0,16.640,1664.0,1664.0,4,2026-09-22 14:45:00
14280001,Taracuá,2026-09-22 14:00:00,1365.0,13.650,1365.0,1365.0,4,2026-09-22 14:45:00
14330000,Curicuriari,2026-09-22 14:00:00,973.0,9.730,973.0,973.0,4,2026-09-22 14:45:00
14420000,Serrinha,2026-09-22 14:00:00,651.0,6.510,651.0,651.0,4,2026-09-22 14:45:00
14480002,Barcelos,2026-09-22 14:00:00,394.0,3.940,394.0,394.0,4,2026-09-22 14:45:00
14110000,Cucuí,2026-09-22 15:00:00,1664.0,16.640,1664.0,1664.0,4,2026-09-22 15:45:00
14280001,Taracuá,2026-09-22 15:00:00,1365.0,13.650,1365.0,1365.0,4,2026-09-22 15:45:00
14330000,Curicuriari,2026-09-22 15:00:00,974.0,9.740,974.0,974.0,4,2026-09-22 15:45:00
14420000,Serrinha,2026-09-22 15:00:00,651.5,6.515,651.0,652.0,4,2026-09-22 15:45:00
14480002,Barcelos,2026-09-22 15:00:00,393.0,3.930,393.0,394.0,4,2026-09-22 15:45:00
14110000,Cucuí,2026-09-22 16:00:00,1664.0,16.640,1664.0,1665.0,4,2026-09-22 16:45:00
14280001,Taracuá,2026-09-22 16:00:00,1365.0,13.650,1365.0,1365.0,4,2026-09-22 16:45:00
14330000,Curicuriari,2026-09-22 16:00:00,974.0,9.740,974.0,974.0,4,2026-09-22 16:45:00
14420000,Serrinha,2026-09-22 16:00:00,651.0,6.510,651.0,651.0,4,2026-09-22 16:45:00
14480002,Barcelos,2026-09-22 16:00:00,393.0,3.930,393.0,393.0,4,2026-09-22 16:45:00
14110000,Cucuí,2026-09-22 17:00:00,1664.0,16.640,1663.0,1664.0,4,2026-09-22 17:45:00
14280001,Taracuá,2026-09-22 17:00:00,1365.0,13.650,1365.0,1365.0,4,2026-09-22 17:45:00
14330000,Curicuriari,2026-09-22 17:00:00,974.0,9.740,974.0,974.0,4,2026-09-22 17:45:00
14420000,Serrinha,2026-09-22 17:00:00,651.0,6.510,651.0,652.0,4,2026-09-22 17:45:00
14480002,Barcelos,2026-09-22 17:00:00,393.0,3.930,393.0,393.0,4,2026-09-22 17:45:00
14110000,Cucuí,2026-09-22 18:00:00,1663.0,16.630,1663.0,1664.0,4,2026-09-22 18:45:00
14280001,Taracuá,2026-09-22 18:00:00,1365.0,13.650,1365.0,1365.0,4,2026-09-22 18:45:00
14330000,Curicuriari,2026-09-22 18:00:00,974.0,9.740,974.0,974.0,4,2026-09-22 18:45:00
14420000,Serrinha,2026-09-22 18:00:00,651.0,6.510,651.0,652.0,4,2026-09-22 18:45:00
14480002,Barcelos,2026-09-22 18:00:00,393.0,3.930,393.0,393.0,4,2026-09-22 18:45:00
14110000,Cucuí,2026-09-22 19:00:00,1663.0,16.630,1663.0,1663.0,4,2026-09-22 19:45:00
14280001,Taracuá,2026-09-22 19:00:00,1365.0,13.650,1365.0,1365.0,4,2026-09-22 19:45:00
14330000,Curicuriari,2026-09-22 19:00:00,974.0,9.740,974.0,975.0,4,2026-09-22 19:45:00
14420000,Serrinha,2026-09-22 19:00:00,652.0,6.520,651.0,652.0,4,2026-09-22 19:45:00
14480002,Barcelos,2026-09-22 19:00:00,393.0,3.930,393.0,393.0,4,2026-09-22 19:45:00
14110000,Cucuí,2026-09-22 20:00:00,1663.0,16.630,1662.0,1663.0,4,2026-09-22 20:45:00
14280001,Taracuá,2026-09-22 20:00:00,1365.0,13.650,1365.0,1365.0,4,2026-09-22 20:45:00
14330000,Curicuriari,2026-09-22 20:00:00,975.0,9.750,974.0,975.0,4,2026-09-22 20:45:00
14420000,Serrinha,2026-09-22 20:00:00,652.0,6.520,652.0,652.0,4,2026-09-22 20:45:00
14480002,Barcelos,2026-09-22 20:00:00,393.0,3.930,393.0,393.0,4,2026-09-22 20:45:00
14110000,Cucuí,2026-09-22 21:00:00,1662.0,16.620,1662.0,1662.0,4,2026-09-22 21:45:00
14280001,Taracuá,2026-09-22 21:00:00,1365.0,13.650,1365.0,1365.0,4,2026-09-22 21:45:00
14330000,Curicuriari,2026-09-22 21:00:00,975.0,9.750,975.0,975.0,4,2026-09-22 21:45:00
14420000,Serrinha,2026-09-22 21:00:00,652.0,6.520,652.0,652.0,4,2026-09-22 21:45:00
14480002,Barcelos,2026-09-22 21:00:00,393.0,3.930,392.0,393.0,4,2026-09-22 21:45:00
14110000,Cucuí,2026-09-22 22:00:00,1662.0,16.620,1662.0,1662.0,4,2026-09-22 22:45:00
14280001,Taracuá,2026-09-22 22:00:00,1365.0,13.650,1365.0,1365.0,4,2026-09-22 22:45:00
14330000,Curicuriari,2026-09-22 22:00:00,975.0,9.750,975.0,975.0,4,2026-09-22 22:45:00
14420000,Serrinha,2026-09-22 22:00:00,652.0,6.520,652.0,652.0,4,2026-09-22 22:45:00
14480002,Barcelos,2026-09-22 22:00:00,392.0,3.920,392.0,392.0,4,2026-09-22 22:45:00
14110000,Cucuí,2026-09-22 23:00:00,1662.0,16.620,1662.0,1662.0,4,2026-09-22 23:45:00
14280001,Taracuá,2026-09-22 23:00:00,1364.5,13.645,1364.0,1365.0,4,2026-09-22 23:45:00
14330000,Curicuriari,2026-09-22 23:00:00,975.0,9.750,975.0,975.0,4,2026-09-22 23:45:00
14420000,Serrinha,2026-09-22 23:00:00,652.0,6.520,652.0,652.0,4,2026-09-22 23:45:00
14480002,Barcelos,2026-09-22 23:00:00,392.0,3.920,392.0,392.0,4,2026-09-22 23:45:00
14110000,Cucuí,2026-09-23 00:00:00,1661.5,16.615,1661.0,1662.0,4,2026-09-23 00:45:00
14280001,Taracuá,2026-09-23 00:00:00,1364.5,13.645,1364.0,1365.0,4,2026-09-23 00:45:00
14330000,Curicuriari,2026-09-23 00:00:00,976.0,9.760,976.0,976.0,4,2026-09-23 00:45:00
14420000,Serrinha,2026-09-23 00:00:00,652.0,6.520,652.0,652.0,4,2026-09-23 00:45:00
14480002,Barcelos,2026-09-23 00:00:00,392.0,3.920,392.0,392.0,4,2026-09-23 00:45:00
14110000,Cucuí,2026-09-23 01:00:00,1661.0,16.610,1661.0,1661.0,4,2026-09-23 01:45:00
14280001,Taracuá,2026-09-23 01:00:00,1364.0,13.640,1364.0,1364.0,4,2026-09-23 01:45:00
14330000,Curicuriari,2026-09-23 01:00:00,976.0,9.760,976.0,976.0,4,2026-09-23 01:45:00
14420000,Serrinha,2026-09-23 01:00:00,652.0,6.520,652.0,652.0,4,2026-09-23 01:45:00
14480002,Barcelos,2026-09-23 01:00:00,392.0,3.920,392.0,392.0,4,2026-09-23 01:45:00
14110000,Cucuí,2026-09-23 02:00:00,1661.0,16.610,1661.0,1661.0,4,2026-09-23 02:45:00
14280001,Taracuá,2026-09-23 02:00:00,1364.0,13.640,1364.0,1364.0,4,2026-09-23 02:45:00
14330000,Curicuriari,2026-09-23 02:00:00,976.0,9.760,976.0,976.0,4,2026-09-23 02:45:00
14420000,Serrinha,2026-09-23 02:00:00,652.0,6.520,652.0,652.0,4,2026-09-23 02:45:00
14480002,Barcelos,2026-09-23 02:00:00,392.0,3.920,392.0,392.0,4,2026-09-23 02:45:00
14110000,Cucuí,2026-09-23 03:00:00,1660.0,16.600,1660.0,1661.0,4,2026-09-23 03:45:00
14280001,Taracuá,2026-09-23 03:00:00,1364.0,13.640,1364.0,1364.0,4,2026-09-23 03:45:00
14330000,Curicuriari,2026-09-23 03:00:00,976.0,9.760,976.0,976.0,4,2026-09-23 03:45:00
14420000,Serrinha,2026-09-23 03:00:00,652.0,6.520,652.0,652.0,4,2026-09-23 03:45:00
14480002,Barcelos,2026-09-23 03:00:00,392.0,3.920,392.0,392.0,4,2026-09-23 03:45:00
14110000,Cucuí,2026-09-23 04:00:00,1660.0,16.600,1660.0,1660.0,4,2026-09-23 04:45:00
14280001,Taracuá,2026-09-23 04:00:00,1364.0,13.640,1364.0,1364.0,4,2026-09-23 04:45:00
14330000,Curicuriari,2026-09-23 04:00:00,976.5,9.765,976.0,977.0,4,2026-09-23 04:45:00
14420000,Serrinha,2026-09-23 04:00:00,652.0,6.520,652.0,652.0,4,2026-09-23 04:45:00
14480002,Barcelos,2026-09-23 04:00:00,392.0,3.920,392.0,392.0,4,2026-09-23 04:45:00
14110000,Cucuí,2026-09-23 05:00:00,1660.0,16.600,1660.0,1660.0,4,2026-09-23 05:45:00
14280001,Taracuá,2026-09-23 05:00:00,1364.0,13.640,1363.0,1364.0,4,2026-09-23 05:45:00
14330000,Curicuriari,2026-09-23 05:00:00,977.0,9.770,976.0,977.0,4,2026-09-23 05:45:00
14420000,Serrinha,2026-09-23 05:00:00,652.0,6.520,652.0,653.0,4,2026-09-23 05:45:00
14480002,Barcelos,2026-09-23 05:00:00,392.0,3.920,392.0,392.0,4,2026-09-23 05:45:00
14110000,Cucuí,2026-09-23 06:00:00,1659.5,16.595,1659.0,1660.0,4,2026-09-23 06:45:00
14280001,Taracuá,2026-09-23 06:00:00,1363.0,13.630,1363.0,1363.0,4,2026-09-23 06:45:00
14330000,Curicuriari,2026-09-23 06:00:00,977.0,9.770,977.0,977.0,4,2026-09-23 06:45:00
14420000,Serrinha,2026-09-23 06:00:00,652.5,6.525,652.0,653.0,4,2026-09-23 06:45:00
14480002,Barcelos,2026-09-23 06:00:00,392.0,3.920,391.0,392.0,4,2026-09-23 06:45:00
14110000,Cucuí,2026-09-23 07:00:00,1659.0,16.590,1659.0,1660.0,4,2026-09-23 07:45:00
14280001,Taracuá,2026-09-23 07:00:00,1363.0,13.630,1363.0,1363.0,4,2026-09-23 07:45:00
14330000,Curicuriari,2026-09-23 07:00:00,977.0,9.770,977.0,977.0,4,2026-09-23 07:45:00
14420000,Serrinha,2026-09-23 07:00:00,652.0,6.520,652.0,652.0,4,2026-09-23 07:45:00
14480002,Barcelos,2026-09-23 07:00:00,391.0,3.910,391.0,391.0,4,2026-09-23 07:45:00
14110000,Cucuí,2026-09-23 08:00:00,1659.0,16.590,1659.0,1659.0,4,2026-09-23 08:45:00
14280001,Taracuá,2026-09-23 08:00:00,1363.0,13.630,1363.0,1363.0,4,2026-09-23 08:45:00
14330000,Curicuriari,2026-09-23 08:00:00,977.0,9.770,977.0,977.0,4,2026-09-23 08:45:00
14420000,Serrinha,2026-09-23 08:00:00,652.0,6.520,652.0,652.0,4,2026-09-23 08:45:00
14480002,Barcelos,2026-09-23 08:00:00,391.0,3.910,391.0,391.0,4,2026-09-23 08:45:00
14110000,Cucuí,2026-09-23 09:00:00,1659.0,16.590,1659.0,1659.0,4,2026-09-23 09:45:00
14280001,Taracuá,2026-09-23 09:00:00,1363.0,13.630,1362.0,1363.0,4,2026-09-23 09:45:00
14330000,Curicuriari,2026-09-23 09:00:00,977.0,9.770,977.0,977.0,4,2026-09-23 09:45:00
14420000,Serrinha,2026-09-23 09:00:00,652.5,6.525,652.0,653.0,4,2026-09-23 09:45:00
14480002,Barcelos,2026-09-23 09:00:00,391.0,3.910,391.0,391.0,4,2026-09-23 09:45:00
14110000,Cucuí,2026-09-23 10:00:00,1659.0,16.590,1658.0,1659.0,4,2026-09-23 10:45:00
14280001,Taracuá,2026-09-23 10:00:00,1362.0,13.620,1362.0,1362.0,4,2026-09-23 10:45:00
14330000,Curicuriari,2026-09-23 10:00:00,977.0,9.770,976.0,977.0,4,2026-09-23 10:45:00
14420000,Serrinha,2026-09-23 10:00:00,652.0,6.520,652.0,653.0,4,2026-09-23 10:45:00
14480002,Barcelos,2026-09-23 10:00:00,391.0,3.910,391.0,391.0,4,2026-09-23 10:45:00
14110000,Cucuí,2026-09-23 11:00:00,1658.0,16.580,1658.0,1658.0,4,2026-09-23 11:45:00
14280001,Taracuá,2026-09-23 11:00:00,1362.0,13.620,1362.0,1362.0,4,2026-09-23 11:45:00
14330000,Curicuriari,2026-09-23 11:00:00,977.0,9.770,977.0,977.0,4,2026-09-23 11:45:00
14420000,Serrinha,2026-09-23 11:00:00,653.0,6.530,652.0,653.0,4,2026-09-23 11:45:00
14480002,Barcelos,2026-09-23 11:00:00,391.0,3.910,391.0,391.0,4,2026-09-23 11:45:00
14110000,Cucuí,2026-09-23 12:00:00,1658.0,16.580,1658.0,1658.0,4,2026-09-23 12:45:00
14280001,Taracuá,2026-09-23 12:00:00,1364.5,13.645,1363.0,1366.0,4,2026-09-23 12:45:00
14330000,Curicuriari,2026-09-23 12:00:00,977.0,9.770,977.0,977.0,4,2026-09-23 12:45:00
14420000,Serrinha,2026-09-23 12:00:00,653.0,6.530,653.0,653.0,4,2026-09-23 12:45:00
14480002,Barcelos,2026-09-23 12:00:00,391.0,3.910,391.0,391.0,4,2026-09-23 12:45:00
14110000,Cucuí,2026-09-23 13:00:00,1658.0,16.580,1657.0,1658.0,4,2026-09-23 13:45:00
14280001,Taracuá,2026-09-23 13:00:00,1365.0,13.650,1365.0,1365.0,4,2026-09-23 13:45:00
14330000,Curicuriari,2026-09-23 13:00:00,977.0,9.770,977.0,978.0,4,2026-09-23 13:45:00
14420000,Serrinha,2026-09-23 13:00:00,653.0,6.530,652.0,653.0,4,2026-09-23 13:45:00
14480002,Barcelos,2026-09-23 13:00:00,391.0,3.910,391.0,391.0,4,2026-09-23 13:45:00
14110000,Cucuí,2026-09-23 14:00:00,1657.0,16.570,1657.0,1657.0,4,2026-09-23 14:45:00
14280001,Taracuá,2026-09-23 14:00:00,1365.0,13.650,1365.0,1365.0,4,2026-09-23 14:45:00
14330000,Curicuriari,2026-09-23 14:00:00,978.0,9.780,978.0,978.0,4,2026-09-23 14:45:00
14420000,Serrinha,2026-09-23 14:00:00,653.0,6.530,653.0,653.0,4,2026-09-23 14:45:00
14480002,Barcelos,2026-09-23 14:00:00,391.0,3.910,391.0,391.0,4,2026-09-23 14:45:00
14110000,Cucuí,2026-09-23 15:00:00,1657.0,16.570,1656.0,1657.0,4,2026-09-23 15:45:00
14280001,Taracuá,2026-09-23 15:00:00,1365.0,13.650,1364.0,1365.0,4,2026-09-23 15:45:00
14330000,Curicuriari,2026-09-23 15:00:00,978.0,9.780,978.0,978.0,4,2026-09-23 15:45:00
14420000,Serrinha,2026-09-23 15:00:00,653.5,6.535,653.0,654.0,4,2026-09-23 15:45:00
14480002,Barcelos,2026-09-23 15:00:00,391.0,3.910,391.0,391.0,4,2026-09-23 15:45:00
14110000,Cucuí,2026-09-23 16:00:00,1656.0,16.560,1656.0,1656.0,4,2026-09-23 16:45:00
14280001,Taracuá,2026-09-23 16:00:00,1364.5,13.645,1364.0,1365.0,4,2026-09-23 16:45:00
14330000,Curicuriari,2026-09-23 16:00:00,978.0,9.780,978.0,978.0,4,2026-09-23 16:45:00
14420000,Serrinha,2026-09-23 16:00:00,653.5,6.535,653.0,654.0,4,2026-09-23 16:45:00
14480002,Barcelos,2026-09-23 16:00:00,391.0,3.910,391.0,391.0,4,2026-09-23 16:45:00
14110000,Cucuí,2026-09-23 17:00:00,1656.0,16.560,1656.0,1656.0,4,2026-09-23 17:45:00
14280001,Taracuá,2026-09-23 17:00:00,1364.0,13.640,1364.0,1365.0,4,2026-09-23 17:45:00
14330000,Curicuriari,2026-09-23 17:00:00,978.0,9.780,978.0,979.0,4,2026-09-23 17:45:00
14420000,Serrinha,2026-09-23 17:00:00,653.0,6.530,653.0,654.0,4,2026-09-23 17:45:00
14480002,Barcelos,2026-09-23 17:00:00,391.0,3.910,391.0,391.0,4,2026-09-23 17:45:00
14110000,Cucuí,2026-09-23 18:00:00,1656.0,16.560,1656.0,1656.0,4,2026-09-23 18:45:00
14280001,Taracuá,2026-09-23 18:00:00,1364.0,13.640,1364.0,1364.0,4,2026-09-23 18:45:00
14330000,Curicuriari,2026-09-23 18:00:00,978.5,9.785,978.0,979.0,4,2026-09-23 18:45:00
14420000,Serrinha,2026-09-23 18:00:00,653.0,6.530,653.0,654.0,4,2026-09-23 18:45:00
14480002,Barcelos,2026-09-23 18:00:00,391.0,3.910,391.0,391.0,4,2026-09-23 18:45:00
14110000,Cucuí,2026-09-23 19:00:00,1655.0,16.550,1655.0,1655.0,4,2026-09-23 19:45:00
14280001,Taracuá,2026-09-23 19:00:00,1363.5,13.635,1363.0,1364.0,4,2026-09-23 19:45:00
14330000,Curicuriari,2026-09-23 19:00:00,979.0,9.790,978.0,979.0,4,2026-09-23 19:45:00
14420000,Serrinha,2026-09-23 19:00:00,653.0,6.530,653.0,653.0,4,2026-09-23 19:45:00
14480002,Barcelos,2026-09-23 19:00:00,390.0,3.900,390.0,391.0,4,2026-09-23 19:45:00
14110000,Cucuí,2026-09-23 20:00:00,1655.0,16.550,1655.0,1655.0,4,2026-09-23 20:45:00
14280001,Taracuá,2026-09-23 20:00:00,1363.0,13.630,1363.0,1364.0,4,2026-09-23 20:45:00
14330000,Curicuriari,2026-09-23 20:00:00,978.0,9.780,978.0,979.0,4,2026-09-23 20:45:00
14420000,Serrinha,2026-09-23 20:00:00,653.0,6.530,653.0,653.0,4,2026-09-23 20:45:00
14480002,Barcelos,2026-09-23 20:00:00,391.0,3.910,390.0,391.0,4,2026-09-23 20:45:00
14110000,Cucuí,2026-09-23 21:00:00,1655.0,16.550,1655.0,1655.0,4,2026-09-23 21:45:00
14280001,Taracuá,2026-09-23 21:00:00,1363.0,13.630,1363.0,1363.0,4,2026-09-23 21:45:00
14330000,Curicuriari,2026-09-23 21:00:00,978.0,9.780,978.0,979.0,4,2026-09-23 21:45:00
14420000,Serrinha,2026-09-23 21:00:00,653.0,6.530,653.0,654.0,4,2026-09-23 21:45:00
14480002,Barcelos,2026-09-23 21:00:00,390.0,3.900,390.0,390.0,4,2026-09-23 21:45:00
14110000,Cucuí,2026-09-23 22:00:00,1654.0,16.540,1654.0,1654.0,4,2026-09-23 22:45:00
14280001,Taracuá,2026-09-23 22:00:00,1363.0,13.630,1363.0,1363.0,4,2026-09-23 22:45:00
14420000,Serrinha,2026-09-23 22:00:00,653.5,6.535,653.0,654.0,4,2026-09-23 22:45:00
14480002,Barcelos,2026-09-23 22:00:00,390.0,3.900,390.0,390.0,4,2026-09-23 22:45:00
14110000,Cucuí,2026-09-23 23:00:00,1654.0,16.540,1654.0,1654.0,4,2026-09-23 23:45:00
14280001,Taracuá,2026-09-23 23:00:00,1362.0,13.620,1362.0,1362.0,4,2026-09-23 23:45:00
14330000,Curicuriari,2026-09-23 23:00:00,978.0,9.780,978.0,978.0,4,2026-09-23 23:45:00
14420000,Serrinha,2026-09-23 23:00:00,653.0,6.530,653.0,654.0,4,2026-09-23 23:45:00
14480002,Barcelos,2026-09-23 23:00:00,390.0,3.900,390.0,390.0,4,2026-09-23 23:45:00
14110000,Cucuí,2026-09-24 00:00:00,1653.5,16.535,1653.0,1654.0,4,2026-09-24 00:45:00
14280001,Taracuá,2026-09-24 00:00:00,1362.0,13.620,1362.0,1362.0,4,2026-09-24 00:45:00
14330000,Curicuriari,2026-09-24 00:00:00,979.0,9.790,979.0,979.0,4,2026-09-24 00:45:00
14420000,Serrinha,2026-09-24 00:00:00,653.0,6.530,653.0,654.0,4,2026-09-24 00:45:00
14480002,Barcelos,2026-09-24 00:00:00,390.0,3.900,390.0,390.0,4,2026-09-24 00:45:00
14110000,Cucuí,2026-09-24 01:00:00,1653.0,16.530,1653.0,1653.0,4,2026-09-24 01:45:00
14280001,Taracuá,2026-09-24 01:00:00,1361.5,13.615,1361.0,1362.0,4,2026-09-24 01:45:00
14330000,Curicuriari,2026-09-24 01:00:00,979.0,9.790,979.0,979.0,4,2026-09-24 01:45:00
14420000,Serrinha,2026-09-24 01:00:00,654.0,6.540,653.0,654.0,4,2026-09-24 01:45:00
14480002,Barcelos,2026-09-24 01:00:00,390.0,3.900,390.0,390.0,4,2026-09-24 01:45:00
14110000,Cucuí,2026-09-24 02:00:00,1653.0,16.530,1653.0,1653.0,4,2026-09-24 02:45:00
14280001,Taracuá,2026-09-24 02:00:00,1361.0,13.610,1361.0,1361.0,4,2026-09-24 02:45:00
14330000,Curicuriari,2026-09-24 02:00:00,979.0,9.790,979.0,979.0,4,2026-09-24 02:45:00
14420000,Serrinha,2026-09-24 02:00:00,654.0,6.540,653.0,654.0,4,2026-09-24 02:45:00
14480002,Barcelos,2026-09-24 02:00:00,390.0,3.900,390.0,390.0,4,2026-09-24 02:45:00
14110000,Cucuí,2026-09-24 03:00:00,1652.0,16.520,1652.0,1653.0,4,2026-09-24 03:45:00
14280001,Taracuá,2026-09-24 03:00:00,1361.0,13.610,1360.0,1361.0,4,2026-09-24 03:45:00
14330000,Curicuriari,2026-09-24 03:00:00,979.0,9.790,978.0,979.0,4,2026-09-24 03:45:00
14420000,Serrinha,2026-09-24 03:00:00,654.0,6.540,654.0,654.0,4,2026-09-24 03:45:00
14480002,Barcelos,2026-09-24 03:00:00,390.0,3.900,390.0,390.0,4,2026-09-24 03:45:00
14110000,Cucuí,2026-09-24 04:00:00,1652.0,16.520,1652.0,1652.0,4,2026-09-24 04:45:00
14280001,Taracuá,2026-09-24 04:00:00,1360.0,13.600,1360.0,1360.0,4,2026-09-24 04:45:00
14330000,Curicuriari,2026-09-24 04:00:00,979.0,9.790,979.0,979.0,4,2026-09-24 04:45:00
14420000,Serrinha,2026-09-24 04:00:00,654.0,6.540,654.0,654.0,4,2026-09-24 04:45:00
14480002,Barcelos,2026-09-24 04:00:00,390.0,3.900,390.0,390.0,4,2026-09-24 04:45:00
14110000,Cucuí,2026-09-24 05:00:00,1652.0,16.520,1652.0,1652.0,4,2026-09-24 05:45:00
14280001,Taracuá,2026-09-24 05:00:00,1360.0,13.600,1359.0,1360.0,4,2026-09-24 05:45:00
14330000,Curicuriari,2026-09-24 05:00:00,979.0,9.790,979.0,979.0,4,2026-09-24 05:45:00
14420000,Serrinha,2026-09-24 05:00:00,654.0,6.540,654.0,654.0,4,2026-09-24 05:45:00
14480002,Barcelos,2026-09-24 05:00:00,390.0,3.900,390.0,390.0,4,2026-09-24 05:45:00
14110000,Cucuí,2026-09-24 06:00:00,1651.0,16.510,1651.0,1651.0,4,2026-09-24 06:45:00
14280001,Taracuá,2026-09-24 06:00:00,1359.0,13.590,1359.0,1360.0,4,2026-09-24 06:45:00
14330000,Curicuriari,2026-09-24 06:00:00,979.0,9.790,979.0,979.0,4,2026-09-24 06:45:00
14420000,Serrinha,2026-09-24 06:00:00,654.0,6.540,654.0,654.0,4,2026-09-24 06:45:00
14480002,Barcelos,2026-09-24 06:00:00,390.0,3.900,390.0,390.0,4,2026-09-24 06:45:00
14110000,Cucuí,2026-09-24 07:00:00,1651.0,16.510,1651.0,1651.0,4,2026-09-24 07:45:00
14280001,Taracuá,2026-09-24 07:00:00,1359.0,13.590,1358.0,1359.0,4,2026-09-24 07:45:00
14330000,Curicuriari,2026-09-24 07:00:00,979.0,9.790,979.0,979.0,4,2026-09-24 07:45:00
14420000,Serrinha,2026-09-24 07:00:00,654.5,6.545,654.0,655.0,4,2026-09-24 07:45:00
14480002,Barcelos,2026-09-24 07:00:00,390.0,3.900,389.0,390.0,4,2026-09-24 07:45:00
14110000,Cucuí,2026-09-24 08:00:00,1651.0,16.510,1651.0,1651.0,4,2026-09-24 08:45:00
14280001,Taracuá,2026-09-24 08:00:00,1358.0,13.580,1358.0,1358.0,4,2026-09-24 08:45:00
14330000,Curicuriari,2026-09-24 08:00:00,978.5,9.785,978.0,979.0,4,2026-09-24 08:45:00
14420000,Serrinha,2026-09-24 08:00:00,655.0,6.550,654.0,655.0,4,2026-09-24 08:45:00
14480002,Barcelos,2026-09-24 08:00:00,390.0,3.900,390.0,390.0,4,2026-09-24 08:45:00
14110000,Cucuí,2026-09-24 09:00:00,1650.0,16.500,1650.0,1651.0,4,2026-09-24 09:45:00
14280001,Taracuá,2026-09-24 09:00:00,1358.0,13.580,1357.0,1358.0,4,2026-09-24 09:45:00
14330000,Curicuriari,2026-09-24 09:00:00,979.0,9.790,978.0,979.0,4,2026-09-24 09:45:00
14420000,Serrinha,2026-09-24 09:00:00,655.0,6.550,654.0,655.0,4,2026-09-24 09:45:00
14480002,Barcelos,2026-09-24 09:00:00,390.0,3.900,390.0,390.0,4,2026-09-24 09:45:00
14110000,Cucuí,2026-09-24 10:00:00,1650.0,16.500,1650.0,1650.0,4,2026-09-24 10:45:00
14280001,Taracuá,2026-09-24 10:00:00,1357.0,13.570,1357.0,1357.0,4,2026-09-24 10:45:00
14330000,Curicuriari,2026-09-24 10:00:00,978.0,9.780,978.0,979.0,4,2026-09-24 10:45:00
14420000,Serrinha,2026-09-24 10:00:00,654.5,6.545,654.0,655.0,4,2026-09-24 10:45:00
14480002,Barcelos,2026-09-24 10:00:00,389.0,3.890,389.0,390.0,4,2026-09-24 10:45:00
14110000,Cucuí,2026-09-24 11:00:00,1650.0,16.500,1650.0,1650.0,2,2026-09-24 11:15:00
14280001,Taracuá,2026-09-24 11:00:00,1357.0,13.570,1357.0,1357.0,2,2026-09-24 11:15:00
14330000,Curicuriari,2026-09-24 11:00:00,979.0,9.790,979.0,979.0,4,2026-09-24 11:45:00
14420000,Serrinha,2026-09-24 11:00:00,655.0,6.550,655.0,655.0,3,2026-09-24 11:30:00
14480002,Barcelos,2026-09-24 11:00:00,390.0,3.900,390.0,390.0,4,2026-09-24 11:45:00
14480002,Barcelos,2026-09-24 12:00:00,389.0,3.890,389.0,389.0,1,2026-09-24 12:00:00
